ISO-10303-21;
HEADER;
/* Generated by software containing ST-Developer
 * from STEP Tools, Inc. (www.steptools.com) 
 */
/* OPTION: using custom schema-name function */

FILE_DESCRIPTION(
/* description */ (''),
/* implementation_level */ '2;1');

FILE_NAME(
/* name */ 'JZWGKJ01_001-REUSABLE PART.stp',
/* time_stamp */ '2025-10-13T10:47:43-04:00',
/* author */ (''),
/* organization */ (''),
/* preprocessor_version */ 'ST-DEVELOPER v20',
/* originating_system */ 'SIEMENS PLM Software NX2312.8501',
/* authorisation */ '');

FILE_SCHEMA (('AUTOMOTIVE_DESIGN { 1 0 10303 214 3 1 1 1 }'));
ENDSEC;

DATA;
#10=PROPERTY_DEFINITION_REPRESENTATION(#14,#12);
#11=PROPERTY_DEFINITION_REPRESENTATION(#15,#13);
#12=REPRESENTATION('',(#16),#8747);
#13=REPRESENTATION('',(#17),#8747);
#14=PROPERTY_DEFINITION('pmi validation property','',#21);
#15=PROPERTY_DEFINITION('pmi validation property','',#21);
#16=VALUE_REPRESENTATION_ITEM('number of annotations',COUNT_MEASURE(0.));
#17=VALUE_REPRESENTATION_ITEM('number of views',COUNT_MEASURE(0.));
#18=SHAPE_REPRESENTATION_RELATIONSHIP('None',
'relationship between REUSABLE PART_objects-None and REUSABLE PART_obj
ects-None',#30,#19);
#19=ADVANCED_BREP_SHAPE_REPRESENTATION('REUSABLE PART_objects-None',(#40),
#8747);
#20=SHAPE_DEFINITION_REPRESENTATION(#21,#30);
#21=PRODUCT_DEFINITION_SHAPE('','',#22);
#22=PRODUCT_DEFINITION(' ','',#24,#23);
#23=PRODUCT_DEFINITION_CONTEXT('part definition',#29,'design');
#24=PRODUCT_DEFINITION_FORMATION_WITH_SPECIFIED_SOURCE(' ',' ',#26,
 .NOT_KNOWN.);
#25=PRODUCT_RELATED_PRODUCT_CATEGORY('part','',(#26));
#26=PRODUCT('REUSABLE PART_objects','REUSABLE PART_objects',' ',(#27));
#27=PRODUCT_CONTEXT(' ',#29,'mechanical');
#28=APPLICATION_PROTOCOL_DEFINITION('international standard',
'automotive_design',2010,#29);
#29=APPLICATION_CONTEXT(
'core data for automotive mechanical design processes');
#30=SHAPE_REPRESENTATION('REUSABLE PART_objects-None',(#3515),#8747);
#31=PRESENTATION_LAYER_ASSIGNMENT('15','Layer 15',(#40));
#32=STYLED_ITEM('',(#33),#40);
#33=PRESENTATION_STYLE_ASSIGNMENT((#34));
#34=SURFACE_STYLE_USAGE(.BOTH.,#35);
#35=SURFACE_SIDE_STYLE('',(#36));
#36=SURFACE_STYLE_FILL_AREA(#37);
#37=FILL_AREA_STYLE('',(#38));
#38=FILL_AREA_STYLE_COLOUR('',#39);
#39=DRAUGHTING_PRE_DEFINED_COLOUR('green');
#40=MANIFOLD_SOLID_BREP('',#41);
#41=CLOSED_SHELL('',(#729,#730,#731,#732,#733,#734,#735,#736,#737,#738,
#739,#740,#741,#742,#743,#744,#745,#746,#747,#748,#749,#750,#751,#752,#753,
#754,#755,#756,#757,#758,#759,#760,#761,#762,#763,#764,#765,#766,#767,#768,
#769,#770,#771,#772,#773,#774,#775,#776,#777,#778,#779,#780,#781,#782,#783,
#784,#785,#786,#787,#788,#789,#790,#791,#792,#793,#794,#795,#796,#797,#798,
#799,#800,#801,#802,#803,#804,#805,#806,#807,#808,#809,#810,#811,#812,#813,
#814,#815,#816,#817,#818,#819,#820,#821,#822,#823,#824,#825,#826,#827,#828,
#829,#830,#831,#832,#833,#834,#835,#836,#837,#838,#839,#840,#841,#842,#843,
#844,#845,#846,#847,#848,#849,#850,#851,#852,#853,#854,#855,#856,#857,#858,
#859,#860,#861,#862,#863,#864,#865,#866,#867,#868,#869,#870,#871,#872,#873,
#874,#875,#876,#877,#878,#879,#880,#881,#882,#883,#884,#885,#886,#887,#888,
#889,#890,#891,#892,#893,#894,#895,#896,#897,#898,#899,#900,#901,#902,#903,
#904,#905,#906,#907,#908,#909,#910,#911,#912,#913,#914,#915,#916,#917,#918,
#919,#920,#921,#922,#923,#924,#925,#926,#927,#928,#929,#930,#931,#932,#933,
#934,#935,#936,#937,#938,#939,#940,#941,#942,#943,#944,#945,#946,#947,#948,
#949,#950,#951,#952,#953,#954,#955));
#42=(
BOUNDED_SURFACE()
B_SPLINE_SURFACE(3,2,((#6215,#6216,#6217),(#6218,#6219,#6220),(#6221,#6222,
#6223),(#6224,#6225,#6226)),.UNSPECIFIED.,.F.,.F.,.F.)
B_SPLINE_SURFACE_WITH_KNOTS((4,4),(3,3),(0.,1.),(0.,1.),.UNSPECIFIED.)
GEOMETRIC_REPRESENTATION_ITEM()
RATIONAL_B_SPLINE_SURFACE(((1.,0.965347535360455,1.),(1.,0.967674291395872,
1.),(1.,0.971159126697496,1.),(1.,0.974340996492306,1.)))
REPRESENTATION_ITEM('')
SURFACE()
);
#43=(
BOUNDED_SURFACE()
B_SPLINE_SURFACE(3,2,((#6238,#6239,#6240),(#6241,#6242,#6243),(#6244,#6245,
#6246),(#6247,#6248,#6249)),.UNSPECIFIED.,.F.,.F.,.F.)
B_SPLINE_SURFACE_WITH_KNOTS((4,4),(3,3),(0.,1.),(0.,1.),.UNSPECIFIED.)
GEOMETRIC_REPRESENTATION_ITEM()
RATIONAL_B_SPLINE_SURFACE(((1.,0.965347535360455,1.),(1.,0.967674291395873,
1.),(1.,0.971159126697491,1.),(1.,0.974340996492301,1.)))
REPRESENTATION_ITEM('')
SURFACE()
);
#44=(
BOUNDED_SURFACE()
B_SPLINE_SURFACE(3,2,((#6261,#6262,#6263),(#6264,#6265,#6266),(#6267,#6268,
#6269),(#6270,#6271,#6272)),.UNSPECIFIED.,.F.,.F.,.F.)
B_SPLINE_SURFACE_WITH_KNOTS((4,4),(3,3),(0.,1.),(0.,1.),.UNSPECIFIED.)
GEOMETRIC_REPRESENTATION_ITEM()
RATIONAL_B_SPLINE_SURFACE(((1.,0.965347535360455,1.),(1.,0.967674291395872,
1.),(1.,0.971159126697497,1.),(1.,0.974340996492307,1.)))
REPRESENTATION_ITEM('')
SURFACE()
);
#45=(
BOUNDED_SURFACE()
B_SPLINE_SURFACE(3,2,((#6284,#6285,#6286),(#6287,#6288,#6289),(#6290,#6291,
#6292),(#6293,#6294,#6295)),.UNSPECIFIED.,.F.,.F.,.F.)
B_SPLINE_SURFACE_WITH_KNOTS((4,4),(3,3),(0.,1.),(0.,1.),.UNSPECIFIED.)
GEOMETRIC_REPRESENTATION_ITEM()
RATIONAL_B_SPLINE_SURFACE(((1.,0.965347535360455,1.),(1.,0.967674291395871,
1.),(1.,0.971159126697492,1.),(1.,0.974340996492301,1.)))
REPRESENTATION_ITEM('')
SURFACE()
);
#46=(
BOUNDED_SURFACE()
B_SPLINE_SURFACE(3,2,((#6307,#6308,#6309),(#6310,#6311,#6312),(#6313,#6314,
#6315),(#6316,#6317,#6318)),.UNSPECIFIED.,.F.,.F.,.F.)
B_SPLINE_SURFACE_WITH_KNOTS((4,4),(3,3),(0.,1.),(0.,1.),.UNSPECIFIED.)
GEOMETRIC_REPRESENTATION_ITEM()
RATIONAL_B_SPLINE_SURFACE(((1.,0.965347535360455,1.),(1.,0.967674291395871,
1.),(1.,0.971159126697495,1.),(1.,0.974340996492304,1.)))
REPRESENTATION_ITEM('')
SURFACE()
);
#47=(
BOUNDED_SURFACE()
B_SPLINE_SURFACE(3,2,((#6330,#6331,#6332),(#6333,#6334,#6335),(#6336,#6337,
#6338),(#6339,#6340,#6341)),.UNSPECIFIED.,.F.,.F.,.F.)
B_SPLINE_SURFACE_WITH_KNOTS((4,4),(3,3),(0.,1.),(0.,1.),.UNSPECIFIED.)
GEOMETRIC_REPRESENTATION_ITEM()
RATIONAL_B_SPLINE_SURFACE(((1.,0.965347535360455,1.),(1.,0.967674291395871,
1.),(1.,0.971159126697494,1.),(1.,0.974340996492304,1.)))
REPRESENTATION_ITEM('')
SURFACE()
);
#48=(
BOUNDED_SURFACE()
B_SPLINE_SURFACE(3,2,((#6353,#6354,#6355),(#6356,#6357,#6358),(#6359,#6360,
#6361),(#6362,#6363,#6364)),.UNSPECIFIED.,.F.,.F.,.F.)
B_SPLINE_SURFACE_WITH_KNOTS((4,4),(3,3),(0.,1.),(0.,1.),.UNSPECIFIED.)
GEOMETRIC_REPRESENTATION_ITEM()
RATIONAL_B_SPLINE_SURFACE(((1.,0.965347535360455,1.),(1.,0.967674291395872,
1.),(1.,0.971159126697495,1.),(1.,0.974340996492305,1.)))
REPRESENTATION_ITEM('')
SURFACE()
);
#49=(
BOUNDED_SURFACE()
B_SPLINE_SURFACE(3,2,((#6376,#6377,#6378),(#6379,#6380,#6381),(#6382,#6383,
#6384),(#6385,#6386,#6387)),.UNSPECIFIED.,.F.,.F.,.F.)
B_SPLINE_SURFACE_WITH_KNOTS((4,4),(3,3),(0.,1.),(0.,1.),.UNSPECIFIED.)
GEOMETRIC_REPRESENTATION_ITEM()
RATIONAL_B_SPLINE_SURFACE(((1.,0.965347535360455,1.),(1.,0.967674291395872,
1.),(1.,0.971159126697493,1.),(1.,0.974340996492303,1.)))
REPRESENTATION_ITEM('')
SURFACE()
);
#50=(
BOUNDED_SURFACE()
B_SPLINE_SURFACE(3,2,((#6399,#6400,#6401),(#6402,#6403,#6404),(#6405,#6406,
#6407),(#6408,#6409,#6410)),.UNSPECIFIED.,.F.,.F.,.F.)
B_SPLINE_SURFACE_WITH_KNOTS((4,4),(3,3),(0.,1.),(0.,1.),.UNSPECIFIED.)
GEOMETRIC_REPRESENTATION_ITEM()
RATIONAL_B_SPLINE_SURFACE(((1.,0.965347535360455,1.),(1.,0.967674291395872,
1.),(1.,0.971159126697496,1.),(1.,0.974340996492306,1.)))
REPRESENTATION_ITEM('')
SURFACE()
);
#51=(
BOUNDED_SURFACE()
B_SPLINE_SURFACE(3,2,((#6422,#6423,#6424),(#6425,#6426,#6427),(#6428,#6429,
#6430),(#6431,#6432,#6433)),.UNSPECIFIED.,.F.,.F.,.F.)
B_SPLINE_SURFACE_WITH_KNOTS((4,4),(3,3),(0.,1.),(0.,1.),.UNSPECIFIED.)
GEOMETRIC_REPRESENTATION_ITEM()
RATIONAL_B_SPLINE_SURFACE(((1.,0.965347535360455,1.),(1.,0.967674291395872,
1.),(1.,0.971159126697492,1.),(1.,0.974340996492301,1.)))
REPRESENTATION_ITEM('')
SURFACE()
);
#52=(
BOUNDED_SURFACE()
B_SPLINE_SURFACE(3,2,((#6445,#6446,#6447),(#6448,#6449,#6450),(#6451,#6452,
#6453),(#6454,#6455,#6456)),.UNSPECIFIED.,.F.,.F.,.F.)
B_SPLINE_SURFACE_WITH_KNOTS((4,4),(3,3),(0.,1.),(0.,1.),.UNSPECIFIED.)
GEOMETRIC_REPRESENTATION_ITEM()
RATIONAL_B_SPLINE_SURFACE(((1.,0.965347535360455,1.),(1.,0.967674291395872,
1.),(1.,0.971159126697494,1.),(1.,0.974340996492304,1.)))
REPRESENTATION_ITEM('')
SURFACE()
);
#53=(
BOUNDED_SURFACE()
B_SPLINE_SURFACE(3,2,((#6468,#6469,#6470),(#6471,#6472,#6473),(#6474,#6475,
#6476),(#6477,#6478,#6479)),.UNSPECIFIED.,.F.,.F.,.F.)
B_SPLINE_SURFACE_WITH_KNOTS((4,4),(3,3),(0.,1.),(0.,1.),.UNSPECIFIED.)
GEOMETRIC_REPRESENTATION_ITEM()
RATIONAL_B_SPLINE_SURFACE(((1.,0.965347535360455,1.),(1.,0.967674291395871,
1.),(1.,0.971159126697495,1.),(1.,0.974340996492304,1.)))
REPRESENTATION_ITEM('')
SURFACE()
);
#54=(
BOUNDED_SURFACE()
B_SPLINE_SURFACE(3,2,((#6803,#6804,#6805),(#6806,#6807,#6808),(#6809,#6810,
#6811),(#6812,#6813,#6814),(#6815,#6816,#6817),(#6818,#6819,#6820),(#6821,
#6822,#6823),(#6824,#6825,#6826),(#6827,#6828,#6829),(#6830,#6831,#6832)),
 .UNSPECIFIED.,.F.,.F.,.F.)
B_SPLINE_SURFACE_WITH_KNOTS((4,2,2,2,4),(3,3),(0.,0.125,0.25,0.5,1.),(0.,
1.),.UNSPECIFIED.)
GEOMETRIC_REPRESENTATION_ITEM()
RATIONAL_B_SPLINE_SURFACE(((1.,0.991250505993545,1.),(1.,0.991693469626294,
1.),(1.,0.988041266560103,1.),(1.,0.979127071619747,1.),(1.,0.973779634125084,
1.),(1.,0.957411399546983,1.),(1.,0.945599421217345,1.),(1.,0.910612082044221,
1.),(1.,0.887131446861161,1.),(1.,0.864392753757002,1.)))
REPRESENTATION_ITEM('')
SURFACE()
);
#55=(
BOUNDED_SURFACE()
B_SPLINE_SURFACE(3,2,((#6864,#6865,#6866),(#6867,#6868,#6869),(#6870,#6871,
#6872),(#6873,#6874,#6875),(#6876,#6877,#6878),(#6879,#6880,#6881),(#6882,
#6883,#6884),(#6885,#6886,#6887),(#6888,#6889,#6890),(#6891,#6892,#6893)),
 .UNSPECIFIED.,.F.,.F.,.F.)
B_SPLINE_SURFACE_WITH_KNOTS((4,2,2,2,4),(3,3),(0.,0.5,0.75,0.875,1.),(0.,
1.),.UNSPECIFIED.)
GEOMETRIC_REPRESENTATION_ITEM()
RATIONAL_B_SPLINE_SURFACE(((1.,0.864392753757008,1.),(1.,0.887157595355292,
1.),(1.,0.910678925780025,1.),(1.,0.945794100579342,1.),(1.,0.957606762944986,
1.),(1.,0.973962719245709,1.),(1.,0.979263000490958,1.),(1.,0.988116772672131,
1.),(1.,0.991679139190398,1.),(1.,0.991250505993545,1.)))
REPRESENTATION_ITEM('')
SURFACE()
);
#56=(
BOUNDED_SURFACE()
B_SPLINE_SURFACE(3,2,((#6947,#6948,#6949),(#6950,#6951,#6952),(#6953,#6954,
#6955),(#6956,#6957,#6958),(#6959,#6960,#6961),(#6962,#6963,#6964),(#6965,
#6966,#6967),(#6968,#6969,#6970),(#6971,#6972,#6973),(#6974,#6975,#6976)),
 .UNSPECIFIED.,.F.,.F.,.F.)
B_SPLINE_SURFACE_WITH_KNOTS((4,2,2,2,4),(3,3),(0.,0.125,0.25,0.5,1.),(0.,
1.),.UNSPECIFIED.)
GEOMETRIC_REPRESENTATION_ITEM()
RATIONAL_B_SPLINE_SURFACE(((1.,0.991250505993545,1.),(1.,0.991693469626266,
1.),(1.,0.98804126656014,1.),(1.,0.97912707161971,1.),(1.,0.97377963412504,
1.),(1.,0.95741139954707,1.),(1.,0.945599421217245,1.),(1.,0.910612082044425,
1.),(1.,0.887131446861007,1.),(1.,0.864392753757009,1.)))
REPRESENTATION_ITEM('')
SURFACE()
);
#57=(
BOUNDED_SURFACE()
B_SPLINE_SURFACE(3,2,((#7008,#7009,#7010),(#7011,#7012,#7013),(#7014,#7015,
#7016),(#7017,#7018,#7019),(#7020,#7021,#7022),(#7023,#7024,#7025),(#7026,
#7027,#7028),(#7029,#7030,#7031),(#7032,#7033,#7034),(#7035,#7036,#7037)),
 .UNSPECIFIED.,.F.,.F.,.F.)
B_SPLINE_SURFACE_WITH_KNOTS((4,2,2,2,4),(3,3),(0.,0.5,0.75,0.875,1.),(0.,
1.),.UNSPECIFIED.)
GEOMETRIC_REPRESENTATION_ITEM()
RATIONAL_B_SPLINE_SURFACE(((1.,0.86439275375701,1.),(1.,0.887157595355108,
1.),(1.,0.910678925780254,1.),(1.,0.945794100579223,1.),(1.,0.957606762944942,
1.),(1.,0.973962719245731,1.),(1.,0.979263000490907,1.),(1.,0.988116772672182,
1.),(1.,0.991679139190359,1.),(1.,0.991250505993545,1.)))
REPRESENTATION_ITEM('')
SURFACE()
);
#58=(
BOUNDED_SURFACE()
B_SPLINE_SURFACE(3,2,((#7091,#7092,#7093),(#7094,#7095,#7096),(#7097,#7098,
#7099),(#7100,#7101,#7102),(#7103,#7104,#7105),(#7106,#7107,#7108),(#7109,
#7110,#7111),(#7112,#7113,#7114),(#7115,#7116,#7117),(#7118,#7119,#7120)),
 .UNSPECIFIED.,.F.,.F.,.F.)
B_SPLINE_SURFACE_WITH_KNOTS((4,2,2,2,4),(3,3),(0.,0.125,0.25,0.5,1.),(0.,
1.),.UNSPECIFIED.)
GEOMETRIC_REPRESENTATION_ITEM()
RATIONAL_B_SPLINE_SURFACE(((1.,0.991250505993545,1.),(1.,0.991693469626277,
1.),(1.,0.988041266560126,1.),(1.,0.979127071619725,1.),(1.,0.973779634125049,
1.),(1.,0.957411399547057,1.),(1.,0.945599421217186,1.),(1.,0.910612082044541,
1.),(1.,0.88713144686093,1.),(1.,0.864392753756995,1.)))
REPRESENTATION_ITEM('')
SURFACE()
);
#59=(
BOUNDED_SURFACE()
B_SPLINE_SURFACE(3,2,((#7152,#7153,#7154),(#7155,#7156,#7157),(#7158,#7159,
#7160),(#7161,#7162,#7163),(#7164,#7165,#7166),(#7167,#7168,#7169),(#7170,
#7171,#7172),(#7173,#7174,#7175),(#7176,#7177,#7178),(#7179,#7180,#7181)),
 .UNSPECIFIED.,.F.,.F.,.F.)
B_SPLINE_SURFACE_WITH_KNOTS((4,2,2,2,4),(3,3),(0.,0.5,0.75,0.875,1.),(0.,
1.),.UNSPECIFIED.)
GEOMETRIC_REPRESENTATION_ITEM()
RATIONAL_B_SPLINE_SURFACE(((1.,0.864392753757006,1.),(1.,0.887157595355202,
1.),(1.,0.910678925780139,1.),(1.,0.945794100579282,1.),(1.,0.957606762945014,
1.),(1.,0.973962719245694,1.),(1.,0.9792630004909,1.),(1.,0.98811677267219,
1.),(1.,0.991679139190354,1.),(1.,0.991250505993545,1.)))
REPRESENTATION_ITEM('')
SURFACE()
);
#60=(
BOUNDED_SURFACE()
B_SPLINE_SURFACE(3,2,((#7235,#7236,#7237),(#7238,#7239,#7240),(#7241,#7242,
#7243),(#7244,#7245,#7246),(#7247,#7248,#7249),(#7250,#7251,#7252),(#7253,
#7254,#7255),(#7256,#7257,#7258),(#7259,#7260,#7261),(#7262,#7263,#7264)),
 .UNSPECIFIED.,.F.,.F.,.F.)
B_SPLINE_SURFACE_WITH_KNOTS((4,2,2,2,4),(3,3),(0.,0.125,0.25,0.5,1.),(0.,
1.),.UNSPECIFIED.)
GEOMETRIC_REPRESENTATION_ITEM()
RATIONAL_B_SPLINE_SURFACE(((1.,0.991250505993545,1.),(1.,0.991693469626284,
1.),(1.,0.988041266560118,1.),(1.,0.979127071619732,1.),(1.,0.973779634125106,
1.),(1.,0.957411399546941,1.),(1.,0.945599421217402,1.),(1.,0.910612082044103,
1.),(1.,0.887131446861254,1.),(1.,0.864392753757002,1.)))
REPRESENTATION_ITEM('')
SURFACE()
);
#61=(
BOUNDED_SURFACE()
B_SPLINE_SURFACE(3,2,((#7296,#7297,#7298),(#7299,#7300,#7301),(#7302,#7303,
#7304),(#7305,#7306,#7307),(#7308,#7309,#7310),(#7311,#7312,#7313),(#7314,
#7315,#7316),(#7317,#7318,#7319),(#7320,#7321,#7322),(#7323,#7324,#7325)),
 .UNSPECIFIED.,.F.,.F.,.F.)
B_SPLINE_SURFACE_WITH_KNOTS((4,2,2,2,4),(3,3),(0.,0.5,0.75,0.875,1.),(0.,
1.),.UNSPECIFIED.)
GEOMETRIC_REPRESENTATION_ITEM()
RATIONAL_B_SPLINE_SURFACE(((1.,0.86439275375701,1.),(1.,0.88715759535526,
1.),(1.,0.910678925780052,1.),(1.,0.945794100579326,1.),(1.,0.957606762945014,
1.),(1.,0.973962719245694,1.),(1.,0.979263000490855,1.),(1.,0.988116772672233,
1.),(1.,0.991679139190321,1.),(1.,0.991250505993545,1.)))
REPRESENTATION_ITEM('')
SURFACE()
);
#62=(
BOUNDED_SURFACE()
B_SPLINE_SURFACE(3,2,((#7379,#7380,#7381),(#7382,#7383,#7384),(#7385,#7386,
#7387),(#7388,#7389,#7390),(#7391,#7392,#7393),(#7394,#7395,#7396),(#7397,
#7398,#7399),(#7400,#7401,#7402),(#7403,#7404,#7405),(#7406,#7407,#7408)),
 .UNSPECIFIED.,.F.,.F.,.F.)
B_SPLINE_SURFACE_WITH_KNOTS((4,2,2,2,4),(3,3),(0.,0.125,0.25,0.5,1.),(0.,
1.),.UNSPECIFIED.)
GEOMETRIC_REPRESENTATION_ITEM()
RATIONAL_B_SPLINE_SURFACE(((1.,0.991250505993545,1.),(1.,0.991693469626283,
1.),(1.,0.988041266560119,1.),(1.,0.979127071619733,1.),(1.,0.97377963412499,
1.),(1.,0.957411399547174,1.),(1.,0.945599421217419,1.),(1.,0.910612082044076,
1.),(1.,0.887131446861274,1.),(1.,0.864392753757003,1.)))
REPRESENTATION_ITEM('')
SURFACE()
);
#63=(
BOUNDED_SURFACE()
B_SPLINE_SURFACE(3,2,((#7440,#7441,#7442),(#7443,#7444,#7445),(#7446,#7447,
#7448),(#7449,#7450,#7451),(#7452,#7453,#7454),(#7455,#7456,#7457),(#7458,
#7459,#7460),(#7461,#7462,#7463),(#7464,#7465,#7466),(#7467,#7468,#7469)),
 .UNSPECIFIED.,.F.,.F.,.F.)
B_SPLINE_SURFACE_WITH_KNOTS((4,2,2,2,4),(3,3),(0.,0.5,0.75,0.875,1.),(0.,
1.),.UNSPECIFIED.)
GEOMETRIC_REPRESENTATION_ITEM()
RATIONAL_B_SPLINE_SURFACE(((1.,0.864392753757006,1.),(1.,0.887157595355021,
1.),(1.,0.910678925780371,1.),(1.,0.945794100579165,1.),(1.,0.957606762945013,
1.),(1.,0.973962719245693,1.),(1.,0.979263000490937,1.),(1.,0.988116772672154,
1.),(1.,0.99167913919038,1.),(1.,0.991250505993545,1.)))
REPRESENTATION_ITEM('')
SURFACE()
);
#64=(
BOUNDED_SURFACE()
B_SPLINE_SURFACE(3,2,((#7523,#7524,#7525),(#7526,#7527,#7528),(#7529,#7530,
#7531),(#7532,#7533,#7534),(#7535,#7536,#7537),(#7538,#7539,#7540),(#7541,
#7542,#7543),(#7544,#7545,#7546),(#7547,#7548,#7549),(#7550,#7551,#7552)),
 .UNSPECIFIED.,.F.,.F.,.F.)
B_SPLINE_SURFACE_WITH_KNOTS((4,2,2,2,4),(3,3),(0.,0.125,0.25,0.5,1.),(0.,
1.),.UNSPECIFIED.)
GEOMETRIC_REPRESENTATION_ITEM()
RATIONAL_B_SPLINE_SURFACE(((1.,0.991250505993545,1.),(1.,0.991693469626277,
1.),(1.,0.988041266560126,1.),(1.,0.979127071619725,1.),(1.,0.973779634124983,
1.),(1.,0.957411399547188,1.),(1.,0.945599421217218,1.),(1.,0.910612082044481,
1.),(1.,0.887131446860971,1.),(1.,0.864392753757,1.)))
REPRESENTATION_ITEM('')
SURFACE()
);
#65=(
BOUNDED_SURFACE()
B_SPLINE_SURFACE(3,2,((#7584,#7585,#7586),(#7587,#7588,#7589),(#7590,#7591,
#7592),(#7593,#7594,#7595),(#7596,#7597,#7598),(#7599,#7600,#7601),(#7602,
#7603,#7604),(#7605,#7606,#7607),(#7608,#7609,#7610),(#7611,#7612,#7613)),
 .UNSPECIFIED.,.F.,.F.,.F.)
B_SPLINE_SURFACE_WITH_KNOTS((4,2,2,2,4),(3,3),(0.,0.5,0.75,0.875,1.),(0.,
1.),.UNSPECIFIED.)
GEOMETRIC_REPRESENTATION_ITEM()
RATIONAL_B_SPLINE_SURFACE(((1.,0.864392753757011,1.),(1.,0.887157595355311,
1.),(1.,0.910678925779995,1.),(1.,0.945794100579355,1.),(1.,0.957606762945029,
1.),(1.,0.973962719245687,1.),(1.,0.979263000490885,1.),(1.,0.988116772672204,
1.),(1.,0.991679139190344,1.),(1.,0.991250505993545,1.)))
REPRESENTATION_ITEM('')
SURFACE()
);
#66=(
BOUNDED_SURFACE()
B_SPLINE_SURFACE(3,2,((#7742,#7743,#7744),(#7745,#7746,#7747),(#7748,#7749,
#7750),(#7751,#7752,#7753),(#7754,#7755,#7756),(#7757,#7758,#7759)),
 .UNSPECIFIED.,.F.,.F.,.F.)
B_SPLINE_SURFACE_WITH_KNOTS((4,2,4),(3,3),(0.,0.5,1.),(0.,1.),
 .UNSPECIFIED.)
GEOMETRIC_REPRESENTATION_ITEM()
RATIONAL_B_SPLINE_SURFACE(((1.,0.965347535360454,1.),(1.,0.96146468579179,
1.),(1.,0.957207347902441,1.),(1.,0.947762001786235,1.),(1.,0.94271081913297,
1.),(1.,0.937460006777572,1.)))
REPRESENTATION_ITEM('')
SURFACE()
);
#67=(
BOUNDED_SURFACE()
B_SPLINE_SURFACE(3,2,((#7768,#7769,#7770),(#7771,#7772,#7773),(#7774,#7775,
#7776),(#7777,#7778,#7779),(#7780,#7781,#7782),(#7783,#7784,#7785)),
 .UNSPECIFIED.,.F.,.F.,.F.)
B_SPLINE_SURFACE_WITH_KNOTS((4,2,4),(3,3),(0.,0.5,1.),(0.,1.),
 .UNSPECIFIED.)
GEOMETRIC_REPRESENTATION_ITEM()
RATIONAL_B_SPLINE_SURFACE(((1.,0.937460006777572,1.),(1.,0.942733168234466,
1.),(1.,0.947710849550975,1.),(1.,0.957162095441675,1.),(1.,0.961486728419572,
1.),(1.,0.965347535360455,1.)))
REPRESENTATION_ITEM('')
SURFACE()
);
#68=(
BOUNDED_SURFACE()
B_SPLINE_SURFACE(3,2,((#7794,#7795,#7796),(#7797,#7798,#7799),(#7800,#7801,
#7802),(#7803,#7804,#7805),(#7806,#7807,#7808),(#7809,#7810,#7811)),
 .UNSPECIFIED.,.F.,.F.,.F.)
B_SPLINE_SURFACE_WITH_KNOTS((4,2,4),(3,3),(0.,0.5,1.),(0.,1.),
 .UNSPECIFIED.)
GEOMETRIC_REPRESENTATION_ITEM()
RATIONAL_B_SPLINE_SURFACE(((1.,0.965347535360454,1.),(1.,0.961464685791982,
1.),(1.,0.957207347902186,1.),(1.,0.94776200178649,1.),(1.,0.942710819132779,
1.),(1.,0.937460006777572,1.)))
REPRESENTATION_ITEM('')
SURFACE()
);
#69=(
BOUNDED_SURFACE()
B_SPLINE_SURFACE(3,2,((#7820,#7821,#7822),(#7823,#7824,#7825),(#7826,#7827,
#7828),(#7829,#7830,#7831),(#7832,#7833,#7834),(#7835,#7836,#7837)),
 .UNSPECIFIED.,.F.,.F.,.F.)
B_SPLINE_SURFACE_WITH_KNOTS((4,2,4),(3,3),(0.,0.5,1.),(0.,1.),
 .UNSPECIFIED.)
GEOMETRIC_REPRESENTATION_ITEM()
RATIONAL_B_SPLINE_SURFACE(((1.,0.937460006777572,1.),(1.,0.942733168234275,
1.),(1.,0.94771084955123,1.),(1.,0.95716209544142,1.),(1.,0.961486728419764,
1.),(1.,0.965347535360455,1.)))
REPRESENTATION_ITEM('')
SURFACE()
);
#70=(
BOUNDED_SURFACE()
B_SPLINE_SURFACE(3,2,((#7846,#7847,#7848),(#7849,#7850,#7851),(#7852,#7853,
#7854),(#7855,#7856,#7857),(#7858,#7859,#7860),(#7861,#7862,#7863)),
 .UNSPECIFIED.,.F.,.F.,.F.)
B_SPLINE_SURFACE_WITH_KNOTS((4,2,4),(3,3),(0.,0.5,1.),(0.,1.),
 .UNSPECIFIED.)
GEOMETRIC_REPRESENTATION_ITEM()
RATIONAL_B_SPLINE_SURFACE(((1.,0.965347535360454,1.),(1.,0.961464685791982,
1.),(1.,0.957207347902186,1.),(1.,0.94776200178649,1.),(1.,0.942710819132779,
1.),(1.,0.937460006777572,1.)))
REPRESENTATION_ITEM('')
SURFACE()
);
#71=(
BOUNDED_SURFACE()
B_SPLINE_SURFACE(3,2,((#7872,#7873,#7874),(#7875,#7876,#7877),(#7878,#7879,
#7880),(#7881,#7882,#7883),(#7884,#7885,#7886),(#7887,#7888,#7889)),
 .UNSPECIFIED.,.F.,.F.,.F.)
B_SPLINE_SURFACE_WITH_KNOTS((4,2,4),(3,3),(0.,0.5,1.),(0.,1.),
 .UNSPECIFIED.)
GEOMETRIC_REPRESENTATION_ITEM()
RATIONAL_B_SPLINE_SURFACE(((1.,0.937460006777572,1.),(1.,0.942733168234275,
1.),(1.,0.94771084955123,1.),(1.,0.95716209544142,1.),(1.,0.961486728419763,
1.),(1.,0.965347535360454,1.)))
REPRESENTATION_ITEM('')
SURFACE()
);
#72=(
BOUNDED_SURFACE()
B_SPLINE_SURFACE(3,2,((#7898,#7899,#7900),(#7901,#7902,#7903),(#7904,#7905,
#7906),(#7907,#7908,#7909),(#7910,#7911,#7912),(#7913,#7914,#7915)),
 .UNSPECIFIED.,.F.,.F.,.F.)
B_SPLINE_SURFACE_WITH_KNOTS((4,2,4),(3,3),(0.,0.5,1.),(0.,1.),
 .UNSPECIFIED.)
GEOMETRIC_REPRESENTATION_ITEM()
RATIONAL_B_SPLINE_SURFACE(((1.,0.965347535360455,1.),(1.,0.961464685792173,
1.),(1.,0.957207347901932,1.),(1.,0.947762001786744,1.),(1.,0.942710819132588,
1.),(1.,0.937460006777572,1.)))
REPRESENTATION_ITEM('')
SURFACE()
);
#73=(
BOUNDED_SURFACE()
B_SPLINE_SURFACE(3,2,((#7924,#7925,#7926),(#7927,#7928,#7929),(#7930,#7931,
#7932),(#7933,#7934,#7935),(#7936,#7937,#7938),(#7939,#7940,#7941)),
 .UNSPECIFIED.,.F.,.F.,.F.)
B_SPLINE_SURFACE_WITH_KNOTS((4,2,4),(3,3),(0.,0.5,1.),(0.,1.),
 .UNSPECIFIED.)
GEOMETRIC_REPRESENTATION_ITEM()
RATIONAL_B_SPLINE_SURFACE(((1.,0.937460006777572,1.),(1.,0.942733168233893,
1.),(1.,0.947710849551739,1.),(1.,0.957162095440911,1.),(1.,0.961486728420146,
1.),(1.,0.965347535360454,1.)))
REPRESENTATION_ITEM('')
SURFACE()
);
#74=(
BOUNDED_SURFACE()
B_SPLINE_SURFACE(3,2,((#7950,#7951,#7952),(#7953,#7954,#7955),(#7956,#7957,
#7958),(#7959,#7960,#7961),(#7962,#7963,#7964),(#7965,#7966,#7967)),
 .UNSPECIFIED.,.F.,.F.,.F.)
B_SPLINE_SURFACE_WITH_KNOTS((4,2,4),(3,3),(0.,0.5,1.),(0.,1.),
 .UNSPECIFIED.)
GEOMETRIC_REPRESENTATION_ITEM()
RATIONAL_B_SPLINE_SURFACE(((1.,0.965347535360454,1.),(1.,0.961464685791599,
1.),(1.,0.957207347902695,1.),(1.,0.94776200178598,1.),(1.,0.94271081913316,
1.),(1.,0.937460006777572,1.)))
REPRESENTATION_ITEM('')
SURFACE()
);
#75=(
BOUNDED_SURFACE()
B_SPLINE_SURFACE(3,2,((#7976,#7977,#7978),(#7979,#7980,#7981),(#7982,#7983,
#7984),(#7985,#7986,#7987),(#7988,#7989,#7990),(#7991,#7992,#7993)),
 .UNSPECIFIED.,.F.,.F.,.F.)
B_SPLINE_SURFACE_WITH_KNOTS((4,2,4),(3,3),(0.,0.5,1.),(0.,1.),
 .UNSPECIFIED.)
GEOMETRIC_REPRESENTATION_ITEM()
RATIONAL_B_SPLINE_SURFACE(((1.,0.937460006777572,1.),(1.,0.942733168234275,
1.),(1.,0.94771084955123,1.),(1.,0.95716209544142,1.),(1.,0.961486728419763,
1.),(1.,0.965347535360454,1.)))
REPRESENTATION_ITEM('')
SURFACE()
);
#76=(
BOUNDED_SURFACE()
B_SPLINE_SURFACE(3,2,((#8002,#8003,#8004),(#8005,#8006,#8007),(#8008,#8009,
#8010),(#8011,#8012,#8013),(#8014,#8015,#8016),(#8017,#8018,#8019)),
 .UNSPECIFIED.,.F.,.F.,.F.)
B_SPLINE_SURFACE_WITH_KNOTS((4,2,4),(3,3),(0.,0.5,1.),(0.,1.),
 .UNSPECIFIED.)
GEOMETRIC_REPRESENTATION_ITEM()
RATIONAL_B_SPLINE_SURFACE(((1.,0.965347535360455,1.),(1.,0.961464685791792,
1.),(1.,0.957207347902441,1.),(1.,0.947762001786235,1.),(1.,0.94271081913297,
1.),(1.,0.937460006777572,1.)))
REPRESENTATION_ITEM('')
SURFACE()
);
#77=(
BOUNDED_SURFACE()
B_SPLINE_SURFACE(3,2,((#8028,#8029,#8030),(#8031,#8032,#8033),(#8034,#8035,
#8036),(#8037,#8038,#8039),(#8040,#8041,#8042),(#8043,#8044,#8045)),
 .UNSPECIFIED.,.F.,.F.,.F.)
B_SPLINE_SURFACE_WITH_KNOTS((4,2,4),(3,3),(0.,0.5,1.),(0.,1.),
 .UNSPECIFIED.)
GEOMETRIC_REPRESENTATION_ITEM()
RATIONAL_B_SPLINE_SURFACE(((1.,0.937460006777572,1.),(1.,0.942733168233893,
1.),(1.,0.947710849551739,1.),(1.,0.957162095440911,1.),(1.,0.961486728420146,
1.),(1.,0.965347535360455,1.)))
REPRESENTATION_ITEM('')
SURFACE()
);
#78=(
BOUNDED_SURFACE()
B_SPLINE_SURFACE(3,2,((#8055,#8056,#8057),(#8058,#8059,#8060),(#8061,#8062,
#8063),(#8064,#8065,#8066)),.UNSPECIFIED.,.F.,.F.,.F.)
B_SPLINE_SURFACE_WITH_KNOTS((4,4),(3,3),(0.,1.),(0.,1.),.UNSPECIFIED.)
GEOMETRIC_REPRESENTATION_ITEM()
RATIONAL_B_SPLINE_SURFACE(((1.,0.805097815536477,1.),(1.,0.805908144744612,
1.),(1.,0.828767473685694,1.),(1.,0.864392753756995,1.)))
REPRESENTATION_ITEM('')
SURFACE()
);
#79=(
BOUNDED_SURFACE()
B_SPLINE_SURFACE(3,2,((#8076,#8077,#8078),(#8079,#8080,#8081),(#8082,#8083,
#8084),(#8085,#8086,#8087)),.UNSPECIFIED.,.F.,.F.,.F.)
B_SPLINE_SURFACE_WITH_KNOTS((4,4),(3,3),(0.,1.),(0.,1.),.UNSPECIFIED.)
GEOMETRIC_REPRESENTATION_ITEM()
RATIONAL_B_SPLINE_SURFACE(((1.,0.864392753756995,1.),(1.,0.828767473685686,
1.),(1.,0.805908144744618,1.),(1.,0.805097815536474,1.)))
REPRESENTATION_ITEM('')
SURFACE()
);
#80=(
BOUNDED_SURFACE()
B_SPLINE_SURFACE(3,2,((#8097,#8098,#8099),(#8100,#8101,#8102),(#8103,#8104,
#8105),(#8106,#8107,#8108)),.UNSPECIFIED.,.F.,.F.,.F.)
B_SPLINE_SURFACE_WITH_KNOTS((4,4),(3,3),(0.,1.),(0.,1.),.UNSPECIFIED.)
GEOMETRIC_REPRESENTATION_ITEM()
RATIONAL_B_SPLINE_SURFACE(((1.,0.805097815536476,1.),(1.,0.805908144744613,
1.),(1.,0.828767473685694,1.),(1.,0.864392753756995,1.)))
REPRESENTATION_ITEM('')
SURFACE()
);
#81=(
BOUNDED_SURFACE()
B_SPLINE_SURFACE(3,2,((#8118,#8119,#8120),(#8121,#8122,#8123),(#8124,#8125,
#8126),(#8127,#8128,#8129)),.UNSPECIFIED.,.F.,.F.,.F.)
B_SPLINE_SURFACE_WITH_KNOTS((4,4),(3,3),(0.,1.),(0.,1.),.UNSPECIFIED.)
GEOMETRIC_REPRESENTATION_ITEM()
RATIONAL_B_SPLINE_SURFACE(((1.,0.864392753756995,1.),(1.,0.828767473685686,
1.),(1.,0.805908144744618,1.),(1.,0.805097815536476,1.)))
REPRESENTATION_ITEM('')
SURFACE()
);
#82=(
BOUNDED_SURFACE()
B_SPLINE_SURFACE(3,2,((#8139,#8140,#8141),(#8142,#8143,#8144),(#8145,#8146,
#8147),(#8148,#8149,#8150)),.UNSPECIFIED.,.F.,.F.,.F.)
B_SPLINE_SURFACE_WITH_KNOTS((4,4),(3,3),(0.,1.),(0.,1.),.UNSPECIFIED.)
GEOMETRIC_REPRESENTATION_ITEM()
RATIONAL_B_SPLINE_SURFACE(((1.,0.805097815536475,1.),(1.,0.805908144744613,
1.),(1.,0.828767473685694,1.),(1.,0.864392753756993,1.)))
REPRESENTATION_ITEM('')
SURFACE()
);
#83=(
BOUNDED_SURFACE()
B_SPLINE_SURFACE(3,2,((#8160,#8161,#8162),(#8163,#8164,#8165),(#8166,#8167,
#8168),(#8169,#8170,#8171)),.UNSPECIFIED.,.F.,.F.,.F.)
B_SPLINE_SURFACE_WITH_KNOTS((4,4),(3,3),(0.,1.),(0.,1.),.UNSPECIFIED.)
GEOMETRIC_REPRESENTATION_ITEM()
RATIONAL_B_SPLINE_SURFACE(((1.,0.864392753756995,1.),(1.,0.828767473685689,
1.),(1.,0.805908144744611,1.),(1.,0.805097815536479,1.)))
REPRESENTATION_ITEM('')
SURFACE()
);
#84=(
BOUNDED_SURFACE()
B_SPLINE_SURFACE(3,2,((#8181,#8182,#8183),(#8184,#8185,#8186),(#8187,#8188,
#8189),(#8190,#8191,#8192)),.UNSPECIFIED.,.F.,.F.,.F.)
B_SPLINE_SURFACE_WITH_KNOTS((4,4),(3,3),(0.,1.),(0.,1.),.UNSPECIFIED.)
GEOMETRIC_REPRESENTATION_ITEM()
RATIONAL_B_SPLINE_SURFACE(((1.,0.805097815536477,1.),(1.,0.805908144744612,
1.),(1.,0.828767473685693,1.),(1.,0.864392753756995,1.)))
REPRESENTATION_ITEM('')
SURFACE()
);
#85=(
BOUNDED_SURFACE()
B_SPLINE_SURFACE(3,2,((#8202,#8203,#8204),(#8205,#8206,#8207),(#8208,#8209,
#8210),(#8211,#8212,#8213)),.UNSPECIFIED.,.F.,.F.,.F.)
B_SPLINE_SURFACE_WITH_KNOTS((4,4),(3,3),(0.,1.),(0.,1.),.UNSPECIFIED.)
GEOMETRIC_REPRESENTATION_ITEM()
RATIONAL_B_SPLINE_SURFACE(((1.,0.864392753756995,1.),(1.,0.828767473685685,
1.),(1.,0.805908144744616,1.),(1.,0.805097815536475,1.)))
REPRESENTATION_ITEM('')
SURFACE()
);
#86=(
BOUNDED_SURFACE()
B_SPLINE_SURFACE(3,2,((#8223,#8224,#8225),(#8226,#8227,#8228),(#8229,#8230,
#8231),(#8232,#8233,#8234)),.UNSPECIFIED.,.F.,.F.,.F.)
B_SPLINE_SURFACE_WITH_KNOTS((4,4),(3,3),(0.,1.),(0.,1.),.UNSPECIFIED.)
GEOMETRIC_REPRESENTATION_ITEM()
RATIONAL_B_SPLINE_SURFACE(((1.,0.805097815536476,1.),(1.,0.805908144744612,
1.),(1.,0.828767473685696,1.),(1.,0.864392753756992,1.)))
REPRESENTATION_ITEM('')
SURFACE()
);
#87=(
BOUNDED_SURFACE()
B_SPLINE_SURFACE(3,2,((#8244,#8245,#8246),(#8247,#8248,#8249),(#8250,#8251,
#8252),(#8253,#8254,#8255)),.UNSPECIFIED.,.F.,.F.,.F.)
B_SPLINE_SURFACE_WITH_KNOTS((4,4),(3,3),(0.,1.),(0.,1.),.UNSPECIFIED.)
GEOMETRIC_REPRESENTATION_ITEM()
RATIONAL_B_SPLINE_SURFACE(((1.,0.864392753756995,1.),(1.,0.828767473685689,
1.),(1.,0.805908144744614,1.),(1.,0.805097815536476,1.)))
REPRESENTATION_ITEM('')
SURFACE()
);
#88=(
BOUNDED_SURFACE()
B_SPLINE_SURFACE(3,2,((#8265,#8266,#8267),(#8268,#8269,#8270),(#8271,#8272,
#8273),(#8274,#8275,#8276)),.UNSPECIFIED.,.F.,.F.,.F.)
B_SPLINE_SURFACE_WITH_KNOTS((4,4),(3,3),(0.,1.),(0.,1.),.UNSPECIFIED.)
GEOMETRIC_REPRESENTATION_ITEM()
RATIONAL_B_SPLINE_SURFACE(((1.,0.805097815536475,1.),(1.,0.805908144744616,
1.),(1.,0.828767473685691,1.),(1.,0.864392753756995,1.)))
REPRESENTATION_ITEM('')
SURFACE()
);
#89=(
BOUNDED_SURFACE()
B_SPLINE_SURFACE(3,2,((#8286,#8287,#8288),(#8289,#8290,#8291),(#8292,#8293,
#8294),(#8295,#8296,#8297)),.UNSPECIFIED.,.F.,.F.,.F.)
B_SPLINE_SURFACE_WITH_KNOTS((4,4),(3,3),(0.,1.),(0.,1.),.UNSPECIFIED.)
GEOMETRIC_REPRESENTATION_ITEM()
RATIONAL_B_SPLINE_SURFACE(((1.,0.864392753756995,1.),(1.,0.82876747368569,
1.),(1.,0.805908144744614,1.),(1.,0.805097815536476,1.)))
REPRESENTATION_ITEM('')
SURFACE()
);
#90=(
BOUNDED_SURFACE()
B_SPLINE_SURFACE(3,2,((#8313,#8314,#8315),(#8316,#8317,#8318),(#8319,#8320,
#8321),(#8322,#8323,#8324)),.UNSPECIFIED.,.F.,.F.,.F.)
B_SPLINE_SURFACE_WITH_KNOTS((4,4),(3,3),(0.,1.),(0.,1.),.UNSPECIFIED.)
GEOMETRIC_REPRESENTATION_ITEM()
RATIONAL_B_SPLINE_SURFACE(((1.,0.937460006777572,1.),(1.,0.932680825994383,
1.),(1.,0.922723877156785,1.),(1.,0.908235442388165,1.)))
REPRESENTATION_ITEM('')
SURFACE()
);
#91=(
BOUNDED_SURFACE()
B_SPLINE_SURFACE(3,2,((#8340,#8341,#8342),(#8343,#8344,#8345),(#8346,#8347,
#8348),(#8349,#8350,#8351)),.UNSPECIFIED.,.F.,.F.,.F.)
B_SPLINE_SURFACE_WITH_KNOTS((4,4),(3,3),(0.,1.),(0.,1.),.UNSPECIFIED.)
GEOMETRIC_REPRESENTATION_ITEM()
RATIONAL_B_SPLINE_SURFACE(((1.,0.937460006777572,1.),(1.,0.932680825994383,
1.),(1.,0.922723877156785,1.),(1.,0.908235442388165,1.)))
REPRESENTATION_ITEM('')
SURFACE()
);
#92=(
BOUNDED_SURFACE()
B_SPLINE_SURFACE(3,2,((#8385,#8386,#8387),(#8388,#8389,#8390),(#8391,#8392,
#8393),(#8394,#8395,#8396)),.UNSPECIFIED.,.F.,.F.,.F.)
B_SPLINE_SURFACE_WITH_KNOTS((4,4),(3,3),(0.,1.),(0.,1.),.UNSPECIFIED.)
GEOMETRIC_REPRESENTATION_ITEM()
RATIONAL_B_SPLINE_SURFACE(((1.,0.937460006777572,1.),(1.,0.932680825994384,
1.),(1.,0.922723877156784,1.),(1.,0.908235442388165,1.)))
REPRESENTATION_ITEM('')
SURFACE()
);
#93=(
BOUNDED_SURFACE()
B_SPLINE_SURFACE(3,2,((#8412,#8413,#8414),(#8415,#8416,#8417),(#8418,#8419,
#8420),(#8421,#8422,#8423)),.UNSPECIFIED.,.F.,.F.,.F.)
B_SPLINE_SURFACE_WITH_KNOTS((4,4),(3,3),(0.,1.),(0.,1.),.UNSPECIFIED.)
GEOMETRIC_REPRESENTATION_ITEM()
RATIONAL_B_SPLINE_SURFACE(((1.,0.937460006777572,1.),(1.,0.932680825994384,
1.),(1.,0.922723877156784,1.),(1.,0.908235442388165,1.)))
REPRESENTATION_ITEM('')
SURFACE()
);
#94=(
BOUNDED_SURFACE()
B_SPLINE_SURFACE(3,2,((#8459,#8460,#8461),(#8462,#8463,#8464),(#8465,#8466,
#8467),(#8468,#8469,#8470)),.UNSPECIFIED.,.F.,.F.,.F.)
B_SPLINE_SURFACE_WITH_KNOTS((4,4),(3,3),(0.,1.),(0.,1.),.UNSPECIFIED.)
GEOMETRIC_REPRESENTATION_ITEM()
RATIONAL_B_SPLINE_SURFACE(((1.,0.937460006777572,1.),(1.,0.932680825994383,
1.),(1.,0.922723877156784,1.),(1.,0.908235442388164,1.)))
REPRESENTATION_ITEM('')
SURFACE()
);
#95=(
BOUNDED_SURFACE()
B_SPLINE_SURFACE(3,2,((#8486,#8487,#8488),(#8489,#8490,#8491),(#8492,#8493,
#8494),(#8495,#8496,#8497)),.UNSPECIFIED.,.F.,.F.,.F.)
B_SPLINE_SURFACE_WITH_KNOTS((4,4),(3,3),(0.,1.),(0.,1.),.UNSPECIFIED.)
GEOMETRIC_REPRESENTATION_ITEM()
RATIONAL_B_SPLINE_SURFACE(((1.,0.937460006777572,1.),(1.,0.932680825994382,
1.),(1.,0.922723877156787,1.),(1.,0.908235442388165,1.)))
REPRESENTATION_ITEM('')
SURFACE()
);
#96=(
BOUNDED_SURFACE()
B_SPLINE_SURFACE(3,2,((#8533,#8534,#8535),(#8536,#8537,#8538),(#8539,#8540,
#8541),(#8542,#8543,#8544)),.UNSPECIFIED.,.F.,.F.,.F.)
B_SPLINE_SURFACE_WITH_KNOTS((4,4),(3,3),(0.,1.),(0.,1.),.UNSPECIFIED.)
GEOMETRIC_REPRESENTATION_ITEM()
RATIONAL_B_SPLINE_SURFACE(((1.,0.937460006777572,1.),(1.,0.932680825994383,
1.),(1.,0.922723877156784,1.),(1.,0.908235442388165,1.)))
REPRESENTATION_ITEM('')
SURFACE()
);
#97=(
BOUNDED_SURFACE()
B_SPLINE_SURFACE(3,2,((#8560,#8561,#8562),(#8563,#8564,#8565),(#8566,#8567,
#8568),(#8569,#8570,#8571)),.UNSPECIFIED.,.F.,.F.,.F.)
B_SPLINE_SURFACE_WITH_KNOTS((4,4),(3,3),(0.,1.),(0.,1.),.UNSPECIFIED.)
GEOMETRIC_REPRESENTATION_ITEM()
RATIONAL_B_SPLINE_SURFACE(((1.,0.937460006777572,1.),(1.,0.932680825994384,
1.),(1.,0.922723877156784,1.),(1.,0.908235442388165,1.)))
REPRESENTATION_ITEM('')
SURFACE()
);
#98=(
BOUNDED_SURFACE()
B_SPLINE_SURFACE(3,2,((#8607,#8608,#8609),(#8610,#8611,#8612),(#8613,#8614,
#8615),(#8616,#8617,#8618)),.UNSPECIFIED.,.F.,.F.,.F.)
B_SPLINE_SURFACE_WITH_KNOTS((4,4),(3,3),(0.,1.),(0.,1.),.UNSPECIFIED.)
GEOMETRIC_REPRESENTATION_ITEM()
RATIONAL_B_SPLINE_SURFACE(((1.,0.937460006777572,1.),(1.,0.932680825994383,
1.),(1.,0.922723877156784,1.),(1.,0.908235442388165,1.)))
REPRESENTATION_ITEM('')
SURFACE()
);
#99=(
BOUNDED_SURFACE()
B_SPLINE_SURFACE(3,2,((#8634,#8635,#8636),(#8637,#8638,#8639),(#8640,#8641,
#8642),(#8643,#8644,#8645)),.UNSPECIFIED.,.F.,.F.,.F.)
B_SPLINE_SURFACE_WITH_KNOTS((4,4),(3,3),(0.,1.),(0.,1.),.UNSPECIFIED.)
GEOMETRIC_REPRESENTATION_ITEM()
RATIONAL_B_SPLINE_SURFACE(((1.,0.937460006777572,1.),(1.,0.932680825994384,
1.),(1.,0.922723877156784,1.),(1.,0.908235442388165,1.)))
REPRESENTATION_ITEM('')
SURFACE()
);
#100=(
BOUNDED_SURFACE()
B_SPLINE_SURFACE(3,2,((#8681,#8682,#8683),(#8684,#8685,#8686),(#8687,#8688,
#8689),(#8690,#8691,#8692)),.UNSPECIFIED.,.F.,.F.,.F.)
B_SPLINE_SURFACE_WITH_KNOTS((4,4),(3,3),(0.,1.),(0.,1.),.UNSPECIFIED.)
GEOMETRIC_REPRESENTATION_ITEM()
RATIONAL_B_SPLINE_SURFACE(((1.,0.937460006777572,1.),(1.,0.932680825994385,
1.),(1.,0.922723877156783,1.),(1.,0.908235442388165,1.)))
REPRESENTATION_ITEM('')
SURFACE()
);
#101=(
BOUNDED_SURFACE()
B_SPLINE_SURFACE(3,2,((#8708,#8709,#8710),(#8711,#8712,#8713),(#8714,#8715,
#8716),(#8717,#8718,#8719)),.UNSPECIFIED.,.F.,.F.,.F.)
B_SPLINE_SURFACE_WITH_KNOTS((4,4),(3,3),(0.,1.),(0.,1.),.UNSPECIFIED.)
GEOMETRIC_REPRESENTATION_ITEM()
RATIONAL_B_SPLINE_SURFACE(((1.,0.937460006777572,1.),(1.,0.932680825994382,
1.),(1.,0.922723877156785,1.),(1.,0.908235442388165,1.)))
REPRESENTATION_ITEM('')
SURFACE()
);
#102=SPHERICAL_SURFACE('',#3653,11.1);
#103=SPHERICAL_SURFACE('',#3654,11.1);
#104=SPHERICAL_SURFACE('',#3655,11.1);
#105=SPHERICAL_SURFACE('',#3656,11.1);
#106=SPHERICAL_SURFACE('',#3657,11.1);
#107=SPHERICAL_SURFACE('',#3658,11.1);
#108=SPHERICAL_SURFACE('',#3797,40.9);
#109=SPHERICAL_SURFACE('',#3816,40.9);
#110=SPHERICAL_SURFACE('',#3823,39.44);
#111=SPHERICAL_SURFACE('',#3824,39.44);
#112=SPHERICAL_SURFACE('',#3837,40.9);
#113=SPHERICAL_SURFACE('',#3844,39.44);
#114=SPHERICAL_SURFACE('',#3845,39.44);
#115=SPHERICAL_SURFACE('',#3858,40.9);
#116=SPHERICAL_SURFACE('',#3865,39.44);
#117=SPHERICAL_SURFACE('',#3866,39.44);
#118=SPHERICAL_SURFACE('',#3879,40.9);
#119=SPHERICAL_SURFACE('',#3886,39.44);
#120=SPHERICAL_SURFACE('',#3887,39.44);
#121=SPHERICAL_SURFACE('',#3900,40.9);
#122=SPHERICAL_SURFACE('',#3907,39.44);
#123=SPHERICAL_SURFACE('',#3908,39.44);
#124=SPHERICAL_SURFACE('',#3909,39.44);
#125=SPHERICAL_SURFACE('',#3910,39.44);
#126=SPHERICAL_SURFACE('',#3913,3.43);
#127=FACE_OUTER_BOUND('',#1152,.T.);
#128=FACE_OUTER_BOUND('',#1153,.T.);
#129=FACE_OUTER_BOUND('',#1154,.T.);
#130=FACE_OUTER_BOUND('',#1155,.T.);
#131=FACE_OUTER_BOUND('',#1156,.T.);
#132=FACE_OUTER_BOUND('',#1157,.T.);
#133=FACE_OUTER_BOUND('',#1158,.T.);
#134=FACE_OUTER_BOUND('',#1159,.T.);
#135=FACE_OUTER_BOUND('',#1160,.T.);
#136=FACE_OUTER_BOUND('',#1161,.T.);
#137=FACE_OUTER_BOUND('',#1162,.T.);
#138=FACE_OUTER_BOUND('',#1163,.T.);
#139=FACE_OUTER_BOUND('',#1164,.T.);
#140=FACE_OUTER_BOUND('',#1169,.T.);
#141=FACE_OUTER_BOUND('',#1170,.T.);
#142=FACE_OUTER_BOUND('',#1171,.T.);
#143=FACE_OUTER_BOUND('',#1172,.T.);
#144=FACE_OUTER_BOUND('',#1173,.T.);
#145=FACE_OUTER_BOUND('',#1174,.T.);
#146=FACE_OUTER_BOUND('',#1175,.T.);
#147=FACE_OUTER_BOUND('',#1176,.T.);
#148=FACE_OUTER_BOUND('',#1177,.T.);
#149=FACE_OUTER_BOUND('',#1178,.T.);
#150=FACE_OUTER_BOUND('',#1179,.T.);
#151=FACE_OUTER_BOUND('',#1180,.T.);
#152=FACE_OUTER_BOUND('',#1181,.T.);
#153=FACE_OUTER_BOUND('',#1182,.T.);
#154=FACE_OUTER_BOUND('',#1183,.T.);
#155=FACE_OUTER_BOUND('',#1184,.T.);
#156=FACE_OUTER_BOUND('',#1185,.T.);
#157=FACE_OUTER_BOUND('',#1186,.T.);
#158=FACE_OUTER_BOUND('',#1187,.T.);
#159=FACE_OUTER_BOUND('',#1188,.T.);
#160=FACE_OUTER_BOUND('',#1189,.T.);
#161=FACE_OUTER_BOUND('',#1190,.T.);
#162=FACE_OUTER_BOUND('',#1191,.T.);
#163=FACE_OUTER_BOUND('',#1192,.T.);
#164=FACE_OUTER_BOUND('',#1193,.T.);
#165=FACE_OUTER_BOUND('',#1194,.T.);
#166=FACE_OUTER_BOUND('',#1195,.T.);
#167=FACE_OUTER_BOUND('',#1196,.T.);
#168=FACE_OUTER_BOUND('',#1197,.T.);
#169=FACE_OUTER_BOUND('',#1198,.T.);
#170=FACE_OUTER_BOUND('',#1199,.T.);
#171=FACE_OUTER_BOUND('',#1200,.T.);
#172=FACE_OUTER_BOUND('',#1201,.T.);
#173=FACE_OUTER_BOUND('',#1202,.T.);
#174=FACE_OUTER_BOUND('',#1203,.T.);
#175=FACE_OUTER_BOUND('',#1204,.T.);
#176=FACE_OUTER_BOUND('',#1205,.T.);
#177=FACE_OUTER_BOUND('',#1206,.T.);
#178=FACE_OUTER_BOUND('',#1207,.T.);
#179=FACE_OUTER_BOUND('',#1208,.T.);
#180=FACE_OUTER_BOUND('',#1209,.T.);
#181=FACE_OUTER_BOUND('',#1210,.T.);
#182=FACE_OUTER_BOUND('',#1211,.T.);
#183=FACE_OUTER_BOUND('',#1212,.T.);
#184=FACE_OUTER_BOUND('',#1213,.T.);
#185=FACE_OUTER_BOUND('',#1214,.T.);
#186=FACE_OUTER_BOUND('',#1215,.T.);
#187=FACE_OUTER_BOUND('',#1216,.T.);
#188=FACE_OUTER_BOUND('',#1217,.T.);
#189=FACE_OUTER_BOUND('',#1218,.T.);
#190=FACE_OUTER_BOUND('',#1219,.T.);
#191=FACE_OUTER_BOUND('',#1220,.T.);
#192=FACE_OUTER_BOUND('',#1221,.T.);
#193=FACE_OUTER_BOUND('',#1222,.T.);
#194=FACE_OUTER_BOUND('',#1223,.T.);
#195=FACE_OUTER_BOUND('',#1224,.T.);
#196=FACE_OUTER_BOUND('',#1225,.T.);
#197=FACE_OUTER_BOUND('',#1226,.T.);
#198=FACE_OUTER_BOUND('',#1227,.T.);
#199=FACE_OUTER_BOUND('',#1228,.T.);
#200=FACE_OUTER_BOUND('',#1229,.T.);
#201=FACE_OUTER_BOUND('',#1230,.T.);
#202=FACE_OUTER_BOUND('',#1231,.T.);
#203=FACE_OUTER_BOUND('',#1232,.T.);
#204=FACE_OUTER_BOUND('',#1233,.T.);
#205=FACE_OUTER_BOUND('',#1234,.T.);
#206=FACE_OUTER_BOUND('',#1235,.T.);
#207=FACE_OUTER_BOUND('',#1236,.T.);
#208=FACE_OUTER_BOUND('',#1237,.T.);
#209=FACE_OUTER_BOUND('',#1238,.T.);
#210=FACE_OUTER_BOUND('',#1239,.T.);
#211=FACE_OUTER_BOUND('',#1240,.T.);
#212=FACE_OUTER_BOUND('',#1241,.T.);
#213=FACE_OUTER_BOUND('',#1242,.T.);
#214=FACE_OUTER_BOUND('',#1243,.T.);
#215=FACE_OUTER_BOUND('',#1244,.T.);
#216=FACE_OUTER_BOUND('',#1245,.T.);
#217=FACE_OUTER_BOUND('',#1246,.T.);
#218=FACE_OUTER_BOUND('',#1247,.T.);
#219=FACE_OUTER_BOUND('',#1248,.T.);
#220=FACE_OUTER_BOUND('',#1249,.T.);
#221=FACE_OUTER_BOUND('',#1250,.T.);
#222=FACE_OUTER_BOUND('',#1251,.T.);
#223=FACE_OUTER_BOUND('',#1252,.T.);
#224=FACE_OUTER_BOUND('',#1253,.T.);
#225=FACE_OUTER_BOUND('',#1254,.T.);
#226=FACE_OUTER_BOUND('',#1255,.T.);
#227=FACE_OUTER_BOUND('',#1256,.T.);
#228=FACE_OUTER_BOUND('',#1257,.T.);
#229=FACE_OUTER_BOUND('',#1258,.T.);
#230=FACE_OUTER_BOUND('',#1259,.T.);
#231=FACE_OUTER_BOUND('',#1260,.T.);
#232=FACE_OUTER_BOUND('',#1261,.T.);
#233=FACE_OUTER_BOUND('',#1262,.T.);
#234=FACE_OUTER_BOUND('',#1263,.T.);
#235=FACE_OUTER_BOUND('',#1264,.T.);
#236=FACE_OUTER_BOUND('',#1265,.T.);
#237=FACE_OUTER_BOUND('',#1266,.T.);
#238=FACE_OUTER_BOUND('',#1267,.T.);
#239=FACE_OUTER_BOUND('',#1268,.T.);
#240=FACE_OUTER_BOUND('',#1269,.T.);
#241=FACE_OUTER_BOUND('',#1270,.T.);
#242=FACE_OUTER_BOUND('',#1271,.T.);
#243=FACE_OUTER_BOUND('',#1272,.T.);
#244=FACE_OUTER_BOUND('',#1273,.T.);
#245=FACE_OUTER_BOUND('',#1274,.T.);
#246=FACE_OUTER_BOUND('',#1275,.T.);
#247=FACE_OUTER_BOUND('',#1276,.T.);
#248=FACE_OUTER_BOUND('',#1277,.T.);
#249=FACE_OUTER_BOUND('',#1278,.T.);
#250=FACE_OUTER_BOUND('',#1279,.T.);
#251=FACE_OUTER_BOUND('',#1280,.T.);
#252=FACE_OUTER_BOUND('',#1281,.T.);
#253=FACE_OUTER_BOUND('',#1282,.T.);
#254=FACE_OUTER_BOUND('',#1283,.T.);
#255=FACE_OUTER_BOUND('',#1284,.T.);
#256=FACE_OUTER_BOUND('',#1285,.T.);
#257=FACE_OUTER_BOUND('',#1286,.T.);
#258=FACE_OUTER_BOUND('',#1287,.T.);
#259=FACE_OUTER_BOUND('',#1288,.T.);
#260=FACE_OUTER_BOUND('',#1289,.T.);
#261=FACE_OUTER_BOUND('',#1290,.T.);
#262=FACE_OUTER_BOUND('',#1291,.T.);
#263=FACE_OUTER_BOUND('',#1292,.T.);
#264=FACE_OUTER_BOUND('',#1293,.T.);
#265=FACE_OUTER_BOUND('',#1294,.T.);
#266=FACE_OUTER_BOUND('',#1295,.T.);
#267=FACE_OUTER_BOUND('',#1296,.T.);
#268=FACE_OUTER_BOUND('',#1297,.T.);
#269=FACE_OUTER_BOUND('',#1298,.T.);
#270=FACE_OUTER_BOUND('',#1299,.T.);
#271=FACE_OUTER_BOUND('',#1300,.T.);
#272=FACE_OUTER_BOUND('',#1301,.T.);
#273=FACE_OUTER_BOUND('',#1302,.T.);
#274=FACE_OUTER_BOUND('',#1303,.T.);
#275=FACE_OUTER_BOUND('',#1304,.T.);
#276=FACE_OUTER_BOUND('',#1305,.T.);
#277=FACE_OUTER_BOUND('',#1306,.T.);
#278=FACE_OUTER_BOUND('',#1307,.T.);
#279=FACE_OUTER_BOUND('',#1308,.T.);
#280=FACE_OUTER_BOUND('',#1309,.T.);
#281=FACE_OUTER_BOUND('',#1310,.T.);
#282=FACE_OUTER_BOUND('',#1311,.T.);
#283=FACE_OUTER_BOUND('',#1312,.T.);
#284=FACE_OUTER_BOUND('',#1313,.T.);
#285=FACE_OUTER_BOUND('',#1314,.T.);
#286=FACE_OUTER_BOUND('',#1315,.T.);
#287=FACE_OUTER_BOUND('',#1316,.T.);
#288=FACE_OUTER_BOUND('',#1317,.T.);
#289=FACE_OUTER_BOUND('',#1318,.T.);
#290=FACE_OUTER_BOUND('',#1319,.T.);
#291=FACE_OUTER_BOUND('',#1320,.T.);
#292=FACE_OUTER_BOUND('',#1321,.T.);
#293=FACE_OUTER_BOUND('',#1322,.T.);
#294=FACE_OUTER_BOUND('',#1323,.T.);
#295=FACE_OUTER_BOUND('',#1324,.T.);
#296=FACE_OUTER_BOUND('',#1325,.T.);
#297=FACE_OUTER_BOUND('',#1326,.T.);
#298=FACE_OUTER_BOUND('',#1327,.T.);
#299=FACE_OUTER_BOUND('',#1328,.T.);
#300=FACE_OUTER_BOUND('',#1329,.T.);
#301=FACE_OUTER_BOUND('',#1330,.T.);
#302=FACE_OUTER_BOUND('',#1331,.T.);
#303=FACE_OUTER_BOUND('',#1332,.T.);
#304=FACE_OUTER_BOUND('',#1333,.T.);
#305=FACE_OUTER_BOUND('',#1334,.T.);
#306=FACE_OUTER_BOUND('',#1335,.T.);
#307=FACE_OUTER_BOUND('',#1336,.T.);
#308=FACE_OUTER_BOUND('',#1337,.T.);
#309=FACE_OUTER_BOUND('',#1338,.T.);
#310=FACE_OUTER_BOUND('',#1339,.T.);
#311=FACE_OUTER_BOUND('',#1340,.T.);
#312=FACE_OUTER_BOUND('',#1341,.T.);
#313=FACE_OUTER_BOUND('',#1342,.T.);
#314=FACE_OUTER_BOUND('',#1345,.T.);
#315=LINE('',#5469,#333);
#316=LINE('',#5506,#334);
#317=LINE('',#5521,#335);
#318=LINE('',#5558,#336);
#319=LINE('',#5576,#337);
#320=LINE('',#5613,#338);
#321=LINE('',#5631,#339);
#322=LINE('',#5668,#340);
#323=LINE('',#5683,#341);
#324=LINE('',#5720,#342);
#325=LINE('',#5738,#343);
#326=LINE('',#5775,#344);
#327=LINE('',#8352,#345);
#328=LINE('',#8424,#346);
#329=LINE('',#8498,#347);
#330=LINE('',#8572,#348);
#331=LINE('',#8646,#349);
#332=LINE('',#8720,#350);
#333=VECTOR('',#4096,1.);
#334=VECTOR('',#4103,1.);
#335=VECTOR('',#4106,1.);
#336=VECTOR('',#4113,1.);
#337=VECTOR('',#4116,1.);
#338=VECTOR('',#4123,1.);
#339=VECTOR('',#4126,1.);
#340=VECTOR('',#4133,1.);
#341=VECTOR('',#4136,1.);
#342=VECTOR('',#4143,1.);
#343=VECTOR('',#4146,1.);
#344=VECTOR('',#4153,1.);
#345=VECTOR('',#4470,1.);
#346=VECTOR('',#4509,1.);
#347=VECTOR('',#4552,1.);
#348=VECTOR('',#4595,1.);
#349=VECTOR('',#4638,1.);
#350=VECTOR('',#4681,1.);
#351=B_SPLINE_CURVE_WITH_KNOTS('',3,(#4838,#4839,#4840,#4841),
 .UNSPECIFIED.,.F.,.F.,(4,4),(0.,1.),.UNSPECIFIED.);
#352=B_SPLINE_CURVE_WITH_KNOTS('',3,(#4844,#4845,#4846,#4847,#4848,#4849,
#4850,#4851,#4852,#4853,#4854,#4855,#4856,#4857,#4858,#4859),
 .UNSPECIFIED.,.F.,.F.,(4,3,3,3,3,4),(0.,0.108950320948401,0.405199698153369,
0.691759280119465,0.980376157544887,1.),.UNSPECIFIED.);
#353=B_SPLINE_CURVE_WITH_KNOTS('',3,(#4863,#4864,#4865,#4866,#4867,#4868,
#4869,#4870,#4871,#4872,#4873,#4874,#4875,#4876,#4877,#4878),
 .UNSPECIFIED.,.F.,.F.,(4,3,3,3,3,4),(0.,0.0210351830656618,0.31979620396153,
0.640055842853671,0.981348142662235,1.),.UNSPECIFIED.);
#354=B_SPLINE_CURVE_WITH_KNOTS('',3,(#4880,#4881,#4882,#4883,#4884,#4885,
#4886),.UNSPECIFIED.,.F.,.F.,(4,3,4),(0.,0.225491054816567,1.),
 .UNSPECIFIED.);
#355=B_SPLINE_CURVE_WITH_KNOTS('',3,(#4888,#4889,#4890,#4891,#4892,#4893,
#4894,#4895,#4896,#4897),.UNSPECIFIED.,.F.,.F.,(4,3,3,4),(0.,0.292629352520388,
0.77258821658137,1.),.UNSPECIFIED.);
#356=B_SPLINE_CURVE_WITH_KNOTS('',3,(#4901,#4902,#4903,#4904),
 .UNSPECIFIED.,.F.,.F.,(4,4),(0.,1.),.UNSPECIFIED.);
#357=B_SPLINE_CURVE_WITH_KNOTS('',3,(#4906,#4907,#4908,#4909),
 .UNSPECIFIED.,.F.,.F.,(4,4),(0.,1.),.UNSPECIFIED.);
#358=B_SPLINE_CURVE_WITH_KNOTS('',3,(#4911,#4912,#4913,#4914,#4915,#4916),
 .UNSPECIFIED.,.F.,.F.,(4,2,4),(0.,0.5,1.),.UNSPECIFIED.);
#359=B_SPLINE_CURVE_WITH_KNOTS('',3,(#4918,#4919,#4920,#4921,#4922,#4923),
 .UNSPECIFIED.,.F.,.F.,(4,2,4),(0.,0.5,1.),.UNSPECIFIED.);
#360=B_SPLINE_CURVE_WITH_KNOTS('',3,(#4925,#4926,#4927,#4928),
 .UNSPECIFIED.,.F.,.F.,(4,4),(0.,1.),.UNSPECIFIED.);
#361=B_SPLINE_CURVE_WITH_KNOTS('',3,(#4930,#4931,#4932,#4933),
 .UNSPECIFIED.,.F.,.F.,(4,4),(0.,1.),.UNSPECIFIED.);
#362=B_SPLINE_CURVE_WITH_KNOTS('',3,(#4937,#4938,#4939,#4940,#4941,#4942,
#4943,#4944,#4945,#4946),.UNSPECIFIED.,.F.,.F.,(4,3,3,4),(0.,0.292377387871649,
0.772318130066911,1.),.UNSPECIFIED.);
#363=B_SPLINE_CURVE_WITH_KNOTS('',3,(#4948,#4949,#4950,#4951),
 .UNSPECIFIED.,.F.,.F.,(4,4),(0.,1.),.UNSPECIFIED.);
#364=B_SPLINE_CURVE_WITH_KNOTS('',3,(#4953,#4954,#4955,#4956,#4957,#4958,
#4959,#4960,#4961,#4962,#4963,#4964,#4965,#4966,#4967,#4968),
 .UNSPECIFIED.,.F.,.F.,(4,3,3,3,3,4),(0.,0.0582055477824525,0.357033534066047,
0.644510938041496,0.931949748594209,1.),.UNSPECIFIED.);
#365=B_SPLINE_CURVE_WITH_KNOTS('',3,(#4972,#4973,#4974,#4975,#4976,#4977,
#4978,#4979,#4980,#4981,#4982,#4983,#4984),.UNSPECIFIED.,.F.,.F.,(4,3,3,
3,4),(0.,0.268858356029103,0.585172427738686,0.923459445734354,1.),
 .UNSPECIFIED.);
#366=B_SPLINE_CURVE_WITH_KNOTS('',3,(#4986,#4987,#4988,#4989,#4990,#4991,
#4992),.UNSPECIFIED.,.F.,.F.,(4,3,4),(0.,0.22549105481659,1.),
 .UNSPECIFIED.);
#367=B_SPLINE_CURVE_WITH_KNOTS('',3,(#4994,#4995,#4996,#4997,#4998,#4999,
#5000),.UNSPECIFIED.,.F.,.F.,(4,3,4),(0.,0.503267114069103,1.),
 .UNSPECIFIED.);
#368=B_SPLINE_CURVE_WITH_KNOTS('',3,(#5004,#5005,#5006,#5007),
 .UNSPECIFIED.,.F.,.F.,(4,4),(0.,1.),.UNSPECIFIED.);
#369=B_SPLINE_CURVE_WITH_KNOTS('',3,(#5009,#5010,#5011,#5012),
 .UNSPECIFIED.,.F.,.F.,(4,4),(0.,1.),.UNSPECIFIED.);
#370=B_SPLINE_CURVE_WITH_KNOTS('',3,(#5014,#5015,#5016,#5017,#5018,#5019),
 .UNSPECIFIED.,.F.,.F.,(4,2,4),(0.,0.5,1.),.UNSPECIFIED.);
#371=B_SPLINE_CURVE_WITH_KNOTS('',3,(#5021,#5022,#5023,#5024,#5025,#5026),
 .UNSPECIFIED.,.F.,.F.,(4,2,4),(0.,0.5,1.),.UNSPECIFIED.);
#372=B_SPLINE_CURVE_WITH_KNOTS('',3,(#5028,#5029,#5030,#5031),
 .UNSPECIFIED.,.F.,.F.,(4,4),(0.,1.),.UNSPECIFIED.);
#373=B_SPLINE_CURVE_WITH_KNOTS('',3,(#5033,#5034,#5035,#5036),
 .UNSPECIFIED.,.F.,.F.,(4,4),(0.,1.),.UNSPECIFIED.);
#374=B_SPLINE_CURVE_WITH_KNOTS('',3,(#5040,#5041,#5042,#5043,#5044,#5045,
#5046,#5047,#5048,#5049),.UNSPECIFIED.,.F.,.F.,(4,3,3,4),(0.,0.0098771614621433,
0.563330907412618,1.),.UNSPECIFIED.);
#375=B_SPLINE_CURVE_WITH_KNOTS('',3,(#5051,#5052,#5053,#5054,#5055,#5056,
#5057),.UNSPECIFIED.,.F.,.F.,(4,3,4),(0.,0.166550996412219,1.),
 .UNSPECIFIED.);
#376=B_SPLINE_CURVE_WITH_KNOTS('',3,(#5059,#5060,#5061,#5062,#5063,#5064,
#5065,#5066,#5067,#5068,#5069,#5070,#5071,#5072,#5073,#5074),
 .UNSPECIFIED.,.F.,.F.,(4,3,3,3,3,4),(0.,0.0323454034185826,0.33251146451189,
0.620527480134717,0.907445652455168,1.),.UNSPECIFIED.);
#377=B_SPLINE_CURVE_WITH_KNOTS('',3,(#5078,#5079,#5080,#5081,#5082,#5083,
#5084,#5085,#5086,#5087,#5088,#5089,#5090),.UNSPECIFIED.,.F.,.F.,(4,3,3,
3,4),(0.,0.288721342019494,0.606347621106622,0.94561599376383,1.),
 .UNSPECIFIED.);
#378=B_SPLINE_CURVE_WITH_KNOTS('',3,(#5092,#5093,#5094,#5095,#5096,#5097,
#5098),.UNSPECIFIED.,.F.,.F.,(4,3,4),(0.,0.229657626587028,1.),
 .UNSPECIFIED.);
#379=B_SPLINE_CURVE_WITH_KNOTS('',3,(#5100,#5101,#5102,#5103,#5104,#5105,
#5106),.UNSPECIFIED.,.F.,.F.,(4,3,4),(0.,0.503267114069187,1.),
 .UNSPECIFIED.);
#380=B_SPLINE_CURVE_WITH_KNOTS('',3,(#5110,#5111,#5112,#5113),
 .UNSPECIFIED.,.F.,.F.,(4,4),(0.,1.),.UNSPECIFIED.);
#381=B_SPLINE_CURVE_WITH_KNOTS('',3,(#5115,#5116,#5117,#5118),
 .UNSPECIFIED.,.F.,.F.,(4,4),(0.,1.),.UNSPECIFIED.);
#382=B_SPLINE_CURVE_WITH_KNOTS('',3,(#5120,#5121,#5122,#5123,#5124,#5125),
 .UNSPECIFIED.,.F.,.F.,(4,2,4),(0.,0.5,1.),.UNSPECIFIED.);
#383=B_SPLINE_CURVE_WITH_KNOTS('',3,(#5127,#5128,#5129,#5130,#5131,#5132),
 .UNSPECIFIED.,.F.,.F.,(4,2,4),(0.,0.5,1.),.UNSPECIFIED.);
#384=B_SPLINE_CURVE_WITH_KNOTS('',3,(#5134,#5135,#5136,#5137),
 .UNSPECIFIED.,.F.,.F.,(4,4),(0.,1.),.UNSPECIFIED.);
#385=B_SPLINE_CURVE_WITH_KNOTS('',3,(#5139,#5140,#5141,#5142),
 .UNSPECIFIED.,.F.,.F.,(4,4),(0.,1.),.UNSPECIFIED.);
#386=B_SPLINE_CURVE_WITH_KNOTS('',3,(#5146,#5147,#5148,#5149,#5150,#5151,
#5152,#5153,#5154,#5155),.UNSPECIFIED.,.F.,.F.,(4,3,3,4),(0.,0.306519205196926,
0.850922263393523,1.),.UNSPECIFIED.);
#387=B_SPLINE_CURVE_WITH_KNOTS('',3,(#5157,#5158,#5159,#5160),
 .UNSPECIFIED.,.F.,.F.,(4,4),(0.,1.),.UNSPECIFIED.);
#388=B_SPLINE_CURVE_WITH_KNOTS('',3,(#5162,#5163,#5164,#5165,#5166,#5167,
#5168,#5169,#5170,#5171,#5172,#5173,#5174),.UNSPECIFIED.,.F.,.F.,(4,3,3,
3,4),(0.,0.282429995173599,0.571657180934088,0.857707261532645,1.),
 .UNSPECIFIED.);
#389=B_SPLINE_CURVE_WITH_KNOTS('',3,(#5178,#5179,#5180,#5181,#5182,#5183,
#5184,#5185,#5186,#5187,#5188,#5189,#5190),.UNSPECIFIED.,.F.,.F.,(4,3,3,
3,4),(0.,0.289407692420073,0.607173509981806,0.941771730826576,1.),
 .UNSPECIFIED.);
#390=B_SPLINE_CURVE_WITH_KNOTS('',3,(#5192,#5193,#5194,#5195,#5196,#5197,
#5198),.UNSPECIFIED.,.F.,.F.,(4,3,4),(0.,0.225491054816581,1.),
 .UNSPECIFIED.);
#391=B_SPLINE_CURVE_WITH_KNOTS('',3,(#5200,#5201,#5202,#5203,#5204,#5205,
#5206,#5207,#5208,#5209),.UNSPECIFIED.,.F.,.F.,(4,3,3,4),(0.,0.292629352519577,
0.772588216580245,1.),.UNSPECIFIED.);
#392=B_SPLINE_CURVE_WITH_KNOTS('',3,(#5213,#5214,#5215,#5216),
 .UNSPECIFIED.,.F.,.F.,(4,4),(0.,1.),.UNSPECIFIED.);
#393=B_SPLINE_CURVE_WITH_KNOTS('',3,(#5218,#5219,#5220,#5221),
 .UNSPECIFIED.,.F.,.F.,(4,4),(0.,1.),.UNSPECIFIED.);
#394=B_SPLINE_CURVE_WITH_KNOTS('',3,(#5223,#5224,#5225,#5226,#5227,#5228),
 .UNSPECIFIED.,.F.,.F.,(4,2,4),(0.,0.5,1.),.UNSPECIFIED.);
#395=B_SPLINE_CURVE_WITH_KNOTS('',3,(#5230,#5231,#5232,#5233,#5234,#5235),
 .UNSPECIFIED.,.F.,.F.,(4,2,4),(0.,0.5,1.),.UNSPECIFIED.);
#396=B_SPLINE_CURVE_WITH_KNOTS('',3,(#5237,#5238,#5239,#5240),
 .UNSPECIFIED.,.F.,.F.,(4,4),(0.,1.),.UNSPECIFIED.);
#397=B_SPLINE_CURVE_WITH_KNOTS('',3,(#5242,#5243,#5244,#5245),
 .UNSPECIFIED.,.F.,.F.,(4,4),(0.,1.),.UNSPECIFIED.);
#398=B_SPLINE_CURVE_WITH_KNOTS('',3,(#5249,#5250,#5251,#5252,#5253,#5254,
#5255,#5256,#5257,#5258),.UNSPECIFIED.,.F.,.F.,(4,3,3,4),(0.,0.292377387872961,
0.772318130068285,1.),.UNSPECIFIED.);
#399=B_SPLINE_CURVE_WITH_KNOTS('',3,(#5260,#5261,#5262,#5263),
 .UNSPECIFIED.,.F.,.F.,(4,4),(0.,1.),.UNSPECIFIED.);
#400=B_SPLINE_CURVE_WITH_KNOTS('',3,(#5265,#5266,#5267,#5268,#5269,#5270,
#5271,#5272,#5273,#5274,#5275,#5276,#5277),.UNSPECIFIED.,.F.,.F.,(4,3,3,
3,4),(0.,0.219732691553421,0.510982741318712,0.798142349746529,1.),
 .UNSPECIFIED.);
#401=B_SPLINE_CURVE_WITH_KNOTS('',3,(#5281,#5282,#5283,#5284,#5285,#5286,
#5287,#5288,#5289,#5290,#5291,#5292,#5293,#5294,#5295,#5296),
 .UNSPECIFIED.,.F.,.F.,(4,3,3,3,3,4),(0.,0.0357290348200635,0.322808693647884,
0.525045575741869,0.860295695645066,1.),.UNSPECIFIED.);
#402=B_SPLINE_CURVE_WITH_KNOTS('',3,(#5298,#5299,#5300,#5301,#5302,#5303,
#5304),.UNSPECIFIED.,.F.,.F.,(4,3,4),(0.,0.225491054816653,1.),
 .UNSPECIFIED.);
#403=B_SPLINE_CURVE_WITH_KNOTS('',3,(#5306,#5307,#5308,#5309,#5310,#5311,
#5312),.UNSPECIFIED.,.F.,.F.,(4,3,4),(0.,0.503267114067641,1.),
 .UNSPECIFIED.);
#404=B_SPLINE_CURVE_WITH_KNOTS('',3,(#5316,#5317,#5318,#5319),
 .UNSPECIFIED.,.F.,.F.,(4,4),(0.,1.),.UNSPECIFIED.);
#405=B_SPLINE_CURVE_WITH_KNOTS('',3,(#5321,#5322,#5323,#5324),
 .UNSPECIFIED.,.F.,.F.,(4,4),(0.,1.),.UNSPECIFIED.);
#406=B_SPLINE_CURVE_WITH_KNOTS('',3,(#5326,#5327,#5328,#5329,#5330,#5331),
 .UNSPECIFIED.,.F.,.F.,(4,2,4),(0.,0.5,1.),.UNSPECIFIED.);
#407=B_SPLINE_CURVE_WITH_KNOTS('',3,(#5333,#5334,#5335,#5336,#5337,#5338),
 .UNSPECIFIED.,.F.,.F.,(4,2,4),(0.,0.5,1.),.UNSPECIFIED.);
#408=B_SPLINE_CURVE_WITH_KNOTS('',3,(#5340,#5341,#5342,#5343),
 .UNSPECIFIED.,.F.,.F.,(4,4),(0.,1.),.UNSPECIFIED.);
#409=B_SPLINE_CURVE_WITH_KNOTS('',3,(#5345,#5346,#5347,#5348),
 .UNSPECIFIED.,.F.,.F.,(4,4),(0.,1.),.UNSPECIFIED.);
#410=B_SPLINE_CURVE_WITH_KNOTS('',3,(#5352,#5353,#5354,#5355,#5356,#5357,
#5358,#5359,#5360,#5361),.UNSPECIFIED.,.F.,.F.,(4,3,3,4),(0.,0.00987716146196393,
0.563330907412539,1.),.UNSPECIFIED.);
#411=B_SPLINE_CURVE_WITH_KNOTS('',3,(#5363,#5364,#5365,#5366,#5367,#5368,
#5369),.UNSPECIFIED.,.F.,.F.,(4,3,4),(0.,0.166550996412375,1.),
 .UNSPECIFIED.);
#412=B_SPLINE_CURVE_WITH_KNOTS('',3,(#5371,#5372,#5373,#5374,#5375,#5376,
#5377,#5378,#5379,#5380,#5381,#5382,#5383,#5384,#5385,#5386),
 .UNSPECIFIED.,.F.,.F.,(4,3,3,3,3,4),(0.,0.0323454034179839,0.332511464511124,
0.620527480133993,0.907445652454512,1.),.UNSPECIFIED.);
#413=B_SPLINE_CURVE_WITH_KNOTS('',3,(#5390,#5391,#5392,#5393,#5394,#5395,
#5396,#5397,#5398,#5399,#5400,#5401,#5402),.UNSPECIFIED.,.F.,.F.,(4,3,3,
3,4),(0.,0.288721342018871,0.606347621105986,0.945615993763115,1.),
 .UNSPECIFIED.);
#414=B_SPLINE_CURVE_WITH_KNOTS('',3,(#5404,#5405,#5406,#5407,#5408,#5409,
#5410),.UNSPECIFIED.,.F.,.F.,(4,3,4),(0.,0.229657626587074,1.),
 .UNSPECIFIED.);
#415=B_SPLINE_CURVE_WITH_KNOTS('',3,(#5412,#5413,#5414,#5415,#5416,#5417,
#5418),.UNSPECIFIED.,.F.,.F.,(4,3,4),(0.,0.503267114069126,1.),
 .UNSPECIFIED.);
#416=B_SPLINE_CURVE_WITH_KNOTS('',3,(#5422,#5423,#5424,#5425),
 .UNSPECIFIED.,.F.,.F.,(4,4),(0.,1.),.UNSPECIFIED.);
#417=B_SPLINE_CURVE_WITH_KNOTS('',3,(#5427,#5428,#5429,#5430),
 .UNSPECIFIED.,.F.,.F.,(4,4),(0.,1.),.UNSPECIFIED.);
#418=B_SPLINE_CURVE_WITH_KNOTS('',3,(#5432,#5433,#5434,#5435,#5436,#5437),
 .UNSPECIFIED.,.F.,.F.,(4,2,4),(0.,0.5,1.),.UNSPECIFIED.);
#419=B_SPLINE_CURVE_WITH_KNOTS('',3,(#5439,#5440,#5441,#5442,#5443,#5444),
 .UNSPECIFIED.,.F.,.F.,(4,2,4),(0.,0.5,1.),.UNSPECIFIED.);
#420=B_SPLINE_CURVE_WITH_KNOTS('',3,(#5446,#5447,#5448,#5449),
 .UNSPECIFIED.,.F.,.F.,(4,4),(0.,1.),.UNSPECIFIED.);
#421=B_SPLINE_CURVE_WITH_KNOTS('',3,(#5451,#5452,#5453,#5454),
 .UNSPECIFIED.,.F.,.F.,(4,4),(0.,1.),.UNSPECIFIED.);
#422=B_SPLINE_CURVE_WITH_KNOTS('',3,(#5458,#5459,#5460,#5461,#5462,#5463,
#5464,#5465,#5466,#5467),.UNSPECIFIED.,.F.,.F.,(4,3,3,4),(0.,0.306519205193289,
0.850922263390155,1.),.UNSPECIFIED.);
#423=B_SPLINE_CURVE_WITH_KNOTS('',3,(#5471,#5472,#5473,#5474,#5475,#5476,
#5477),.UNSPECIFIED.,.F.,.F.,(4,3,4),(0.,0.661970731490177,1.),
 .UNSPECIFIED.);
#424=B_SPLINE_CURVE_WITH_KNOTS('',3,(#5481,#5482,#5483,#5484,#5485,#5486,
#5487,#5488,#5489,#5490,#5491,#5492,#5493),.UNSPECIFIED.,.F.,.F.,(4,3,3,
3,4),(0.,0.59617324220123,0.784083841807238,0.915093418841348,1.),
 .UNSPECIFIED.);
#425=B_SPLINE_CURVE_WITH_KNOTS('',3,(#5498,#5499,#5500,#5501,#5502,#5503,
#5504),.UNSPECIFIED.,.F.,.F.,(4,3,4),(0.,0.671294089676906,1.),
 .UNSPECIFIED.);
#426=B_SPLINE_CURVE_WITH_KNOTS('',3,(#5507,#5508,#5509,#5510,#5511,#5512,
#5513,#5514,#5515,#5516,#5517,#5518,#5519),.UNSPECIFIED.,.F.,.F.,(4,3,3,
3,4),(0.,0.130408183146973,0.2900411594285,0.569951186217417,1.),
 .UNSPECIFIED.);
#427=B_SPLINE_CURVE_WITH_KNOTS('',3,(#5523,#5524,#5525,#5526,#5527,#5528,
#5529),.UNSPECIFIED.,.F.,.F.,(4,3,4),(0.,0.66197073149011,1.),
 .UNSPECIFIED.);
#428=B_SPLINE_CURVE_WITH_KNOTS('',3,(#5533,#5534,#5535,#5536,#5537,#5538,
#5539,#5540,#5541,#5542,#5543,#5544,#5545),.UNSPECIFIED.,.F.,.F.,(4,3,3,
3,4),(0.,0.596359365187779,0.760915574008227,0.928793973327825,1.),
 .UNSPECIFIED.);
#429=B_SPLINE_CURVE_WITH_KNOTS('',3,(#5550,#5551,#5552,#5553,#5554,#5555,
#5556),.UNSPECIFIED.,.F.,.F.,(4,3,4),(0.,0.67129408967681,1.),
 .UNSPECIFIED.);
#430=B_SPLINE_CURVE_WITH_KNOTS('',3,(#5559,#5560,#5561,#5562,#5563,#5564,
#5565,#5566,#5567,#5568,#5569,#5570,#5571,#5572,#5573,#5574),
 .UNSPECIFIED.,.F.,.F.,(4,3,3,3,3,4),(0.,0.0280707036333341,0.143751287916233,
0.308213792552856,0.607919215984185,1.),.UNSPECIFIED.);
#431=B_SPLINE_CURVE_WITH_KNOTS('',3,(#5578,#5579,#5580,#5581,#5582,#5583,
#5584),.UNSPECIFIED.,.F.,.F.,(4,3,4),(0.,0.661970731490955,1.),
 .UNSPECIFIED.);
#432=B_SPLINE_CURVE_WITH_KNOTS('',3,(#5588,#5589,#5590,#5591,#5592,#5593,
#5594,#5595,#5596,#5597,#5598,#5599,#5600),.UNSPECIFIED.,.F.,.F.,(4,3,3,
3,4),(0.,0.596173242201645,0.784083841807443,0.915093418841408,1.),
 .UNSPECIFIED.);
#433=B_SPLINE_CURVE_WITH_KNOTS('',3,(#5605,#5606,#5607,#5608,#5609,#5610,
#5611),.UNSPECIFIED.,.F.,.F.,(4,3,4),(0.,0.671294089673419,1.),
 .UNSPECIFIED.);
#434=B_SPLINE_CURVE_WITH_KNOTS('',3,(#5614,#5615,#5616,#5617,#5618,#5619,
#5620,#5621,#5622,#5623,#5624,#5625,#5626,#5627,#5628,#5629),
 .UNSPECIFIED.,.F.,.F.,(4,3,3,3,3,4),(0.,0.0280707036335869,0.14375128791782,
0.308213792556218,0.607919215990902,1.),.UNSPECIFIED.);
#435=B_SPLINE_CURVE_WITH_KNOTS('',3,(#5633,#5634,#5635,#5636,#5637,#5638,
#5639),.UNSPECIFIED.,.F.,.F.,(4,3,4),(0.,0.661970731490745,1.),
 .UNSPECIFIED.);
#436=B_SPLINE_CURVE_WITH_KNOTS('',3,(#5643,#5644,#5645,#5646,#5647,#5648,
#5649,#5650,#5651,#5652,#5653,#5654,#5655),.UNSPECIFIED.,.F.,.F.,(4,3,3,
3,4),(0.,0.5961732422013,0.784083841807296,0.915093418841355,1.),
 .UNSPECIFIED.);
#437=B_SPLINE_CURVE_WITH_KNOTS('',3,(#5660,#5661,#5662,#5663,#5664,#5665,
#5666),.UNSPECIFIED.,.F.,.F.,(4,3,4),(0.,0.671294089673427,1.),
 .UNSPECIFIED.);
#438=B_SPLINE_CURVE_WITH_KNOTS('',3,(#5669,#5670,#5671,#5672,#5673,#5674,
#5675,#5676,#5677,#5678,#5679,#5680,#5681),.UNSPECIFIED.,.F.,.F.,(4,3,3,
3,4),(0.,0.130408183146983,0.290041159428516,0.569951186217418,1.),
 .UNSPECIFIED.);
#439=B_SPLINE_CURVE_WITH_KNOTS('',3,(#5685,#5686,#5687,#5688,#5689,#5690,
#5691),.UNSPECIFIED.,.F.,.F.,(4,3,4),(0.,0.661970731490341,1.),
 .UNSPECIFIED.);
#440=B_SPLINE_CURVE_WITH_KNOTS('',3,(#5695,#5696,#5697,#5698,#5699,#5700,
#5701,#5702,#5703,#5704,#5705,#5706,#5707),.UNSPECIFIED.,.F.,.F.,(4,3,3,
3,4),(0.,0.596359365187782,0.760915574008235,0.928793973327802,1.),
 .UNSPECIFIED.);
#441=B_SPLINE_CURVE_WITH_KNOTS('',3,(#5712,#5713,#5714,#5715,#5716,#5717,
#5718),.UNSPECIFIED.,.F.,.F.,(4,3,4),(0.,0.671294089667411,1.),
 .UNSPECIFIED.);
#442=B_SPLINE_CURVE_WITH_KNOTS('',3,(#5721,#5722,#5723,#5724,#5725,#5726,
#5727,#5728,#5729,#5730,#5731,#5732,#5733,#5734,#5735,#5736),
 .UNSPECIFIED.,.F.,.F.,(4,3,3,3,3,4),(0.,0.0280707036333269,0.143751287916436,
0.308213792553332,0.607919215985106,1.),.UNSPECIFIED.);
#443=B_SPLINE_CURVE_WITH_KNOTS('',3,(#5740,#5741,#5742,#5743,#5744,#5745,
#5746),.UNSPECIFIED.,.F.,.F.,(4,3,4),(0.,0.661970731490964,1.),
 .UNSPECIFIED.);
#444=B_SPLINE_CURVE_WITH_KNOTS('',3,(#5750,#5751,#5752,#5753,#5754,#5755,
#5756,#5757,#5758,#5759,#5760,#5761,#5762),.UNSPECIFIED.,.F.,.F.,(4,3,3,
3,4),(0.,0.596173242201613,0.784083841807412,0.915093418841368,1.),
 .UNSPECIFIED.);
#445=B_SPLINE_CURVE_WITH_KNOTS('',3,(#5767,#5768,#5769,#5770,#5771,#5772,
#5773),.UNSPECIFIED.,.F.,.F.,(4,3,4),(0.,0.671294089664876,1.),
 .UNSPECIFIED.);
#446=B_SPLINE_CURVE_WITH_KNOTS('',3,(#5776,#5777,#5778,#5779,#5780,#5781,
#5782,#5783,#5784,#5785,#5786,#5787,#5788,#5789,#5790,#5791),
 .UNSPECIFIED.,.F.,.F.,(4,3,3,3,3,4),(0.,0.0280707036335878,0.143751287917749,
0.308213792556207,0.607919215990864,1.),.UNSPECIFIED.);
#447=B_SPLINE_CURVE_WITH_KNOTS('',3,(#5802,#5803,#5804,#5805),
 .UNSPECIFIED.,.F.,.F.,(4,4),(0.,1.),.UNSPECIFIED.);
#448=B_SPLINE_CURVE_WITH_KNOTS('',3,(#5809,#5810,#5811,#5812),
 .UNSPECIFIED.,.F.,.F.,(4,4),(0.,1.),.UNSPECIFIED.);
#449=B_SPLINE_CURVE_WITH_KNOTS('',3,(#5816,#5817,#5818,#5819),
 .UNSPECIFIED.,.F.,.F.,(4,4),(0.,1.),.UNSPECIFIED.);
#450=B_SPLINE_CURVE_WITH_KNOTS('',3,(#5823,#5824,#5825,#5826),
 .UNSPECIFIED.,.F.,.F.,(4,4),(0.,1.),.UNSPECIFIED.);
#451=B_SPLINE_CURVE_WITH_KNOTS('',3,(#5830,#5831,#5832,#5833),
 .UNSPECIFIED.,.F.,.F.,(4,4),(0.,1.),.UNSPECIFIED.);
#452=B_SPLINE_CURVE_WITH_KNOTS('',3,(#5837,#5838,#5839,#5840),
 .UNSPECIFIED.,.F.,.F.,(4,4),(0.,1.),.UNSPECIFIED.);
#453=B_SPLINE_CURVE_WITH_KNOTS('',3,(#5842,#5843,#5844,#5845),
 .UNSPECIFIED.,.F.,.F.,(4,4),(0.,1.),.UNSPECIFIED.);
#454=B_SPLINE_CURVE_WITH_KNOTS('',3,(#5849,#5850,#5851,#5852),
 .UNSPECIFIED.,.F.,.F.,(4,4),(0.,1.),.UNSPECIFIED.);
#455=B_SPLINE_CURVE_WITH_KNOTS('',3,(#5854,#5855,#5856,#5857),
 .UNSPECIFIED.,.F.,.F.,(4,4),(0.,1.),.UNSPECIFIED.);
#456=B_SPLINE_CURVE_WITH_KNOTS('',3,(#5861,#5862,#5863,#5864),
 .UNSPECIFIED.,.F.,.F.,(4,4),(0.,1.),.UNSPECIFIED.);
#457=B_SPLINE_CURVE_WITH_KNOTS('',3,(#5866,#5867,#5868,#5869),
 .UNSPECIFIED.,.F.,.F.,(4,4),(0.,1.),.UNSPECIFIED.);
#458=B_SPLINE_CURVE_WITH_KNOTS('',3,(#5873,#5874,#5875,#5876),
 .UNSPECIFIED.,.F.,.F.,(4,4),(0.,1.),.UNSPECIFIED.);
#459=B_SPLINE_CURVE_WITH_KNOTS('',3,(#5878,#5879,#5880,#5881),
 .UNSPECIFIED.,.F.,.F.,(4,4),(0.,1.),.UNSPECIFIED.);
#460=B_SPLINE_CURVE_WITH_KNOTS('',3,(#5885,#5886,#5887,#5888),
 .UNSPECIFIED.,.F.,.F.,(4,4),(0.,1.),.UNSPECIFIED.);
#461=B_SPLINE_CURVE_WITH_KNOTS('',3,(#5893,#5894,#5895,#5896),
 .UNSPECIFIED.,.F.,.F.,(4,4),(0.,1.),.UNSPECIFIED.);
#462=B_SPLINE_CURVE_WITH_KNOTS('',3,(#5897,#5898,#5899,#5900),
 .UNSPECIFIED.,.F.,.F.,(4,4),(0.,1.),.UNSPECIFIED.);
#463=B_SPLINE_CURVE_WITH_KNOTS('',3,(#5902,#5903,#5904,#5905),
 .UNSPECIFIED.,.F.,.F.,(4,4),(0.,1.),.UNSPECIFIED.);
#464=B_SPLINE_CURVE_WITH_KNOTS('',3,(#5909,#5910,#5911,#5912),
 .UNSPECIFIED.,.F.,.F.,(4,4),(0.,1.),.UNSPECIFIED.);
#465=B_SPLINE_CURVE_WITH_KNOTS('',3,(#5914,#5915,#5916,#5917),
 .UNSPECIFIED.,.F.,.F.,(4,4),(0.,1.),.UNSPECIFIED.);
#466=B_SPLINE_CURVE_WITH_KNOTS('',3,(#5920,#5921,#5922,#5923),
 .UNSPECIFIED.,.F.,.F.,(4,4),(0.,1.),.UNSPECIFIED.);
#467=B_SPLINE_CURVE_WITH_KNOTS('',3,(#5925,#5926,#5927,#5928,#5929,#5930),
 .UNSPECIFIED.,.F.,.F.,(4,2,4),(0.,0.5,1.),.UNSPECIFIED.);
#468=B_SPLINE_CURVE_WITH_KNOTS('',3,(#5932,#5933,#5934,#5935),
 .UNSPECIFIED.,.F.,.F.,(4,4),(0.,1.),.UNSPECIFIED.);
#469=B_SPLINE_CURVE_WITH_KNOTS('',3,(#5936,#5937,#5938,#5939),
 .UNSPECIFIED.,.F.,.F.,(4,4),(0.,1.),.UNSPECIFIED.);
#470=B_SPLINE_CURVE_WITH_KNOTS('',3,(#5941,#5942,#5943,#5944,#5945,#5946,
#5947,#5948,#5949,#5950,#5951,#5952,#5953,#5954,#5955,#5956),
 .UNSPECIFIED.,.F.,.F.,(4,3,3,3,3,4),(0.,0.256189393761653,0.532149936574983,
0.712559049005347,0.855909414832284,1.),.UNSPECIFIED.);
#471=B_SPLINE_CURVE_WITH_KNOTS('',3,(#5958,#5959,#5960,#5961),
 .UNSPECIFIED.,.F.,.F.,(4,4),(0.,1.),.UNSPECIFIED.);
#472=B_SPLINE_CURVE_WITH_KNOTS('',3,(#5964,#5965,#5966,#5967),
 .UNSPECIFIED.,.F.,.F.,(4,4),(0.,1.),.UNSPECIFIED.);
#473=B_SPLINE_CURVE_WITH_KNOTS('',3,(#5969,#5970,#5971,#5972,#5973,#5974),
 .UNSPECIFIED.,.F.,.F.,(4,2,4),(0.,0.5,1.),.UNSPECIFIED.);
#474=B_SPLINE_CURVE_WITH_KNOTS('',3,(#5976,#5977,#5978,#5979),
 .UNSPECIFIED.,.F.,.F.,(4,4),(0.,1.),.UNSPECIFIED.);
#475=B_SPLINE_CURVE_WITH_KNOTS('',3,(#5980,#5981,#5982,#5983),
 .UNSPECIFIED.,.F.,.F.,(4,4),(0.,1.),.UNSPECIFIED.);
#476=B_SPLINE_CURVE_WITH_KNOTS('',3,(#5985,#5986,#5987,#5988,#5989,#5990,
#5991,#5992,#5993,#5994,#5995,#5996,#5997,#5998,#5999,#6000),
 .UNSPECIFIED.,.F.,.F.,(4,3,3,3,3,4),(0.,0.256189393761451,0.532149936574849,
0.712559049005268,0.855909414832238,1.),.UNSPECIFIED.);
#477=B_SPLINE_CURVE_WITH_KNOTS('',3,(#6002,#6003,#6004,#6005),
 .UNSPECIFIED.,.F.,.F.,(4,4),(0.,1.),.UNSPECIFIED.);
#478=B_SPLINE_CURVE_WITH_KNOTS('',3,(#6008,#6009,#6010,#6011),
 .UNSPECIFIED.,.F.,.F.,(4,4),(0.,1.),.UNSPECIFIED.);
#479=B_SPLINE_CURVE_WITH_KNOTS('',3,(#6013,#6014,#6015,#6016,#6017,#6018,
#6019,#6020,#6021,#6022,#6023,#6024,#6025,#6026,#6027,#6028,#6029,#6030,
#6031),.UNSPECIFIED.,.F.,.F.,(4,3,3,3,3,3,4),(0.,0.03767947756462,0.180319050040012,
0.321430429036021,0.49379243530306,0.747802308878094,1.),.UNSPECIFIED.);
#480=B_SPLINE_CURVE_WITH_KNOTS('',3,(#6033,#6034,#6035,#6036),
 .UNSPECIFIED.,.F.,.F.,(4,4),(0.,1.),.UNSPECIFIED.);
#481=B_SPLINE_CURVE_WITH_KNOTS('',3,(#6037,#6038,#6039,#6040),
 .UNSPECIFIED.,.F.,.F.,(4,4),(0.,1.),.UNSPECIFIED.);
#482=B_SPLINE_CURVE_WITH_KNOTS('',3,(#6042,#6043,#6044,#6045,#6046,#6047,
#6048,#6049,#6050,#6051,#6052,#6053,#6054,#6055,#6056,#6057),
 .UNSPECIFIED.,.F.,.F.,(4,3,3,3,3,4),(0.,0.270912308786567,0.541496754921026,
0.719148244670821,0.859258923512534,1.),.UNSPECIFIED.);
#483=B_SPLINE_CURVE_WITH_KNOTS('',3,(#6059,#6060,#6061,#6062),
 .UNSPECIFIED.,.F.,.F.,(4,4),(0.,1.),.UNSPECIFIED.);
#484=B_SPLINE_CURVE_WITH_KNOTS('',3,(#6065,#6066,#6067,#6068),
 .UNSPECIFIED.,.F.,.F.,(4,4),(0.,1.),.UNSPECIFIED.);
#485=B_SPLINE_CURVE_WITH_KNOTS('',3,(#6070,#6071,#6072,#6073,#6074,#6075),
 .UNSPECIFIED.,.F.,.F.,(4,2,4),(0.,0.5,1.),.UNSPECIFIED.);
#486=B_SPLINE_CURVE_WITH_KNOTS('',3,(#6077,#6078,#6079,#6080),
 .UNSPECIFIED.,.F.,.F.,(4,4),(0.,1.),.UNSPECIFIED.);
#487=B_SPLINE_CURVE_WITH_KNOTS('',3,(#6081,#6082,#6083,#6084),
 .UNSPECIFIED.,.F.,.F.,(4,4),(0.,1.),.UNSPECIFIED.);
#488=B_SPLINE_CURVE_WITH_KNOTS('',3,(#6086,#6087,#6088,#6089,#6090,#6091,
#6092,#6093,#6094,#6095,#6096,#6097,#6098,#6099,#6100,#6101),
 .UNSPECIFIED.,.F.,.F.,(4,3,3,3,3,4),(0.,0.256189393761707,0.53214993657503,
0.712559049005376,0.855909414832297,1.),.UNSPECIFIED.);
#489=B_SPLINE_CURVE_WITH_KNOTS('',3,(#6103,#6104,#6105,#6106),
 .UNSPECIFIED.,.F.,.F.,(4,4),(0.,1.),.UNSPECIFIED.);
#490=B_SPLINE_CURVE_WITH_KNOTS('',3,(#6109,#6110,#6111,#6112),
 .UNSPECIFIED.,.F.,.F.,(4,4),(0.,1.),.UNSPECIFIED.);
#491=B_SPLINE_CURVE_WITH_KNOTS('',3,(#6114,#6115,#6116,#6117,#6118,#6119),
 .UNSPECIFIED.,.F.,.F.,(4,2,4),(0.,0.5,1.),.UNSPECIFIED.);
#492=B_SPLINE_CURVE_WITH_KNOTS('',3,(#6121,#6122,#6123,#6124),
 .UNSPECIFIED.,.F.,.F.,(4,4),(0.,1.),.UNSPECIFIED.);
#493=B_SPLINE_CURVE_WITH_KNOTS('',3,(#6125,#6126,#6127,#6128),
 .UNSPECIFIED.,.F.,.F.,(4,4),(0.,1.),.UNSPECIFIED.);
#494=B_SPLINE_CURVE_WITH_KNOTS('',3,(#6130,#6131,#6132,#6133,#6134,#6135,
#6136,#6137,#6138,#6139,#6140,#6141,#6142,#6143,#6144,#6145),
 .UNSPECIFIED.,.F.,.F.,(4,3,3,3,3,4),(0.,0.256189393761631,0.532149936574979,
0.712559049005345,0.855909414832276,1.),.UNSPECIFIED.);
#495=B_SPLINE_CURVE_WITH_KNOTS('',3,(#6147,#6148,#6149,#6150),
 .UNSPECIFIED.,.F.,.F.,(4,4),(0.,1.),.UNSPECIFIED.);
#496=B_SPLINE_CURVE_WITH_KNOTS('',3,(#6153,#6154,#6155,#6156),
 .UNSPECIFIED.,.F.,.F.,(4,4),(0.,1.),.UNSPECIFIED.);
#497=B_SPLINE_CURVE_WITH_KNOTS('',3,(#6158,#6159,#6160,#6161,#6162,#6163,
#6164,#6165,#6166,#6167,#6168,#6169,#6170,#6171,#6172,#6173,#6174,#6175,
#6176),.UNSPECIFIED.,.F.,.F.,(4,3,3,3,3,3,4),(0.,0.0376794775646148,0.180319050040005,
0.321430429036015,0.493792435303053,0.747802308878103,1.),.UNSPECIFIED.);
#498=B_SPLINE_CURVE_WITH_KNOTS('',3,(#6178,#6179,#6180,#6181),
 .UNSPECIFIED.,.F.,.F.,(4,4),(0.,1.),.UNSPECIFIED.);
#499=B_SPLINE_CURVE_WITH_KNOTS('',3,(#6182,#6183,#6184,#6185),
 .UNSPECIFIED.,.F.,.F.,(4,4),(0.,1.),.UNSPECIFIED.);
#500=B_SPLINE_CURVE_WITH_KNOTS('',3,(#6187,#6188,#6189,#6190,#6191,#6192,
#6193,#6194,#6195,#6196,#6197,#6198,#6199,#6200,#6201,#6202),
 .UNSPECIFIED.,.F.,.F.,(4,3,3,3,3,4),(0.,0.270912308786558,0.541496754921022,
0.719148244670817,0.85925892351253,1.),.UNSPECIFIED.);
#501=B_SPLINE_CURVE_WITH_KNOTS('',3,(#6207,#6208,#6209,#6210),
 .UNSPECIFIED.,.F.,.F.,(4,4),(0.,1.),.UNSPECIFIED.);
#502=B_SPLINE_CURVE_WITH_KNOTS('',3,(#6211,#6212,#6213,#6214),
 .UNSPECIFIED.,.F.,.F.,(4,4),(0.,1.),.UNSPECIFIED.);
#503=B_SPLINE_CURVE_WITH_KNOTS('',3,(#6227,#6228,#6229,#6230),
 .UNSPECIFIED.,.F.,.F.,(4,4),(0.,1.),.UNSPECIFIED.);
#504=B_SPLINE_CURVE_WITH_KNOTS('',3,(#6234,#6235,#6236,#6237),
 .UNSPECIFIED.,.F.,.F.,(4,4),(0.,1.),.UNSPECIFIED.);
#505=B_SPLINE_CURVE_WITH_KNOTS('',3,(#6253,#6254,#6255,#6256),
 .UNSPECIFIED.,.F.,.F.,(4,4),(0.,1.),.UNSPECIFIED.);
#506=B_SPLINE_CURVE_WITH_KNOTS('',3,(#6257,#6258,#6259,#6260),
 .UNSPECIFIED.,.F.,.F.,(4,4),(0.,1.),.UNSPECIFIED.);
#507=B_SPLINE_CURVE_WITH_KNOTS('',3,(#6273,#6274,#6275,#6276),
 .UNSPECIFIED.,.F.,.F.,(4,4),(0.,1.),.UNSPECIFIED.);
#508=B_SPLINE_CURVE_WITH_KNOTS('',3,(#6280,#6281,#6282,#6283),
 .UNSPECIFIED.,.F.,.F.,(4,4),(0.,1.),.UNSPECIFIED.);
#509=B_SPLINE_CURVE_WITH_KNOTS('',3,(#6299,#6300,#6301,#6302),
 .UNSPECIFIED.,.F.,.F.,(4,4),(0.,1.),.UNSPECIFIED.);
#510=B_SPLINE_CURVE_WITH_KNOTS('',3,(#6303,#6304,#6305,#6306),
 .UNSPECIFIED.,.F.,.F.,(4,4),(0.,1.),.UNSPECIFIED.);
#511=B_SPLINE_CURVE_WITH_KNOTS('',3,(#6319,#6320,#6321,#6322),
 .UNSPECIFIED.,.F.,.F.,(4,4),(0.,1.),.UNSPECIFIED.);
#512=B_SPLINE_CURVE_WITH_KNOTS('',3,(#6326,#6327,#6328,#6329),
 .UNSPECIFIED.,.F.,.F.,(4,4),(0.,1.),.UNSPECIFIED.);
#513=B_SPLINE_CURVE_WITH_KNOTS('',3,(#6345,#6346,#6347,#6348),
 .UNSPECIFIED.,.F.,.F.,(4,4),(0.,1.),.UNSPECIFIED.);
#514=B_SPLINE_CURVE_WITH_KNOTS('',3,(#6349,#6350,#6351,#6352),
 .UNSPECIFIED.,.F.,.F.,(4,4),(0.,1.),.UNSPECIFIED.);
#515=B_SPLINE_CURVE_WITH_KNOTS('',3,(#6365,#6366,#6367,#6368),
 .UNSPECIFIED.,.F.,.F.,(4,4),(0.,1.),.UNSPECIFIED.);
#516=B_SPLINE_CURVE_WITH_KNOTS('',3,(#6372,#6373,#6374,#6375),
 .UNSPECIFIED.,.F.,.F.,(4,4),(0.,1.),.UNSPECIFIED.);
#517=B_SPLINE_CURVE_WITH_KNOTS('',3,(#6391,#6392,#6393,#6394),
 .UNSPECIFIED.,.F.,.F.,(4,4),(0.,1.),.UNSPECIFIED.);
#518=B_SPLINE_CURVE_WITH_KNOTS('',3,(#6395,#6396,#6397,#6398),
 .UNSPECIFIED.,.F.,.F.,(4,4),(0.,1.),.UNSPECIFIED.);
#519=B_SPLINE_CURVE_WITH_KNOTS('',3,(#6411,#6412,#6413,#6414),
 .UNSPECIFIED.,.F.,.F.,(4,4),(0.,1.),.UNSPECIFIED.);
#520=B_SPLINE_CURVE_WITH_KNOTS('',3,(#6418,#6419,#6420,#6421),
 .UNSPECIFIED.,.F.,.F.,(4,4),(0.,1.),.UNSPECIFIED.);
#521=B_SPLINE_CURVE_WITH_KNOTS('',3,(#6437,#6438,#6439,#6440),
 .UNSPECIFIED.,.F.,.F.,(4,4),(0.,1.),.UNSPECIFIED.);
#522=B_SPLINE_CURVE_WITH_KNOTS('',3,(#6441,#6442,#6443,#6444),
 .UNSPECIFIED.,.F.,.F.,(4,4),(0.,1.),.UNSPECIFIED.);
#523=B_SPLINE_CURVE_WITH_KNOTS('',3,(#6457,#6458,#6459,#6460),
 .UNSPECIFIED.,.F.,.F.,(4,4),(0.,1.),.UNSPECIFIED.);
#524=B_SPLINE_CURVE_WITH_KNOTS('',3,(#6464,#6465,#6466,#6467),
 .UNSPECIFIED.,.F.,.F.,(4,4),(0.,1.),.UNSPECIFIED.);
#525=B_SPLINE_CURVE_WITH_KNOTS('',3,(#6480,#6481,#6482,#6483,#6484,#6485,
#6486,#6487),.UNSPECIFIED.,.F.,.F.,(4,2,2,4),(0.,0.499999999999999,0.749999999999999,
1.),.UNSPECIFIED.);
#526=B_SPLINE_CURVE_WITH_KNOTS('',3,(#6492,#6493,#6494,#6495,#6496,#6497,
#6498,#6499,#6500,#6501,#6502,#6503,#6504,#6505,#6506,#6507,#6508,#6509,
#6510),.UNSPECIFIED.,.F.,.F.,(4,3,3,3,3,3,4),(0.,0.0386229583697984,0.0944795304749835,
0.149810322162363,0.292483478975271,0.420588069053653,1.),.UNSPECIFIED.);
#527=B_SPLINE_CURVE_WITH_KNOTS('',3,(#6512,#6513,#6514,#6515),
 .UNSPECIFIED.,.F.,.F.,(4,4),(0.,1.),.UNSPECIFIED.);
#528=B_SPLINE_CURVE_WITH_KNOTS('',3,(#6520,#6521,#6522,#6523),
 .UNSPECIFIED.,.F.,.F.,(4,4),(0.,1.),.UNSPECIFIED.);
#529=B_SPLINE_CURVE_WITH_KNOTS('',3,(#6525,#6526,#6527,#6528,#6529,#6530,
#6531,#6532),.UNSPECIFIED.,.F.,.F.,(4,2,2,4),(0.,0.5,0.75,1.),
 .UNSPECIFIED.);
#530=B_SPLINE_CURVE_WITH_KNOTS('',3,(#6537,#6538,#6539,#6540,#6541,#6542,
#6543,#6544,#6545,#6546,#6547,#6548,#6549,#6550,#6551,#6552,#6553,#6554,
#6555),.UNSPECIFIED.,.F.,.F.,(4,3,3,3,3,3,4),(0.,0.0386229583698151,0.094479530474997,
0.149810322162366,0.292483478975283,0.420588069053646,1.),.UNSPECIFIED.);
#531=B_SPLINE_CURVE_WITH_KNOTS('',3,(#6557,#6558,#6559,#6560),
 .UNSPECIFIED.,.F.,.F.,(4,4),(0.,1.),.UNSPECIFIED.);
#532=B_SPLINE_CURVE_WITH_KNOTS('',3,(#6565,#6566,#6567,#6568),
 .UNSPECIFIED.,.F.,.F.,(4,4),(0.,1.),.UNSPECIFIED.);
#533=B_SPLINE_CURVE_WITH_KNOTS('',3,(#6570,#6571,#6572,#6573,#6574,#6575,
#6576,#6577),.UNSPECIFIED.,.F.,.F.,(4,2,2,4),(0.,0.500000000000001,0.750000000000001,
1.),.UNSPECIFIED.);
#534=B_SPLINE_CURVE_WITH_KNOTS('',3,(#6582,#6583,#6584,#6585,#6586,#6587,
#6588,#6589,#6590,#6591,#6592,#6593,#6594,#6595,#6596,#6597,#6598,#6599,
#6600),.UNSPECIFIED.,.F.,.F.,(4,3,3,3,3,3,4),(0.,0.038622958369805,0.0944795304749842,
0.149810322162351,0.29248347897527,0.420588069053644,1.),.UNSPECIFIED.);
#535=B_SPLINE_CURVE_WITH_KNOTS('',3,(#6602,#6603,#6604,#6605),
 .UNSPECIFIED.,.F.,.F.,(4,4),(0.,1.),.UNSPECIFIED.);
#536=B_SPLINE_CURVE_WITH_KNOTS('',3,(#6610,#6611,#6612,#6613),
 .UNSPECIFIED.,.F.,.F.,(4,4),(0.,1.),.UNSPECIFIED.);
#537=B_SPLINE_CURVE_WITH_KNOTS('',3,(#6615,#6616,#6617,#6618,#6619,#6620,
#6621,#6622),.UNSPECIFIED.,.F.,.F.,(4,2,2,4),(0.,0.499999999999999,0.75,
1.),.UNSPECIFIED.);
#538=B_SPLINE_CURVE_WITH_KNOTS('',3,(#6627,#6628,#6629,#6630,#6631,#6632,
#6633,#6634,#6635,#6636,#6637,#6638,#6639,#6640,#6641,#6642,#6643,#6644,
#6645),.UNSPECIFIED.,.F.,.F.,(4,3,3,3,3,3,4),(0.,0.0386229583698121,0.094479530474988,
0.149810322162374,0.292483478975299,0.420588069053684,1.),.UNSPECIFIED.);
#539=B_SPLINE_CURVE_WITH_KNOTS('',3,(#6647,#6648,#6649,#6650),
 .UNSPECIFIED.,.F.,.F.,(4,4),(0.,1.),.UNSPECIFIED.);
#540=B_SPLINE_CURVE_WITH_KNOTS('',3,(#6655,#6656,#6657,#6658),
 .UNSPECIFIED.,.F.,.F.,(4,4),(0.,1.),.UNSPECIFIED.);
#541=B_SPLINE_CURVE_WITH_KNOTS('',3,(#6660,#6661,#6662,#6663,#6664,#6665,
#6666,#6667),.UNSPECIFIED.,.F.,.F.,(4,2,2,4),(0.,0.499999999999998,0.749999999999999,
1.),.UNSPECIFIED.);
#542=B_SPLINE_CURVE_WITH_KNOTS('',3,(#6672,#6673,#6674,#6675,#6676,#6677,
#6678,#6679,#6680,#6681,#6682,#6683,#6684,#6685,#6686,#6687,#6688,#6689,
#6690),.UNSPECIFIED.,.F.,.F.,(4,3,3,3,3,3,4),(0.,0.0386229583697911,0.0944795304749685,
0.149810322162347,0.292483478975257,0.420588069053616,1.),.UNSPECIFIED.);
#543=B_SPLINE_CURVE_WITH_KNOTS('',3,(#6692,#6693,#6694,#6695),
 .UNSPECIFIED.,.F.,.F.,(4,4),(0.,1.),.UNSPECIFIED.);
#544=B_SPLINE_CURVE_WITH_KNOTS('',3,(#6700,#6701,#6702,#6703),
 .UNSPECIFIED.,.F.,.F.,(4,4),(0.,1.),.UNSPECIFIED.);
#545=B_SPLINE_CURVE_WITH_KNOTS('',3,(#6705,#6706,#6707,#6708,#6709,#6710,
#6711,#6712),.UNSPECIFIED.,.F.,.F.,(4,2,2,4),(0.,0.499999999999999,0.75,
1.),.UNSPECIFIED.);
#546=B_SPLINE_CURVE_WITH_KNOTS('',3,(#6717,#6718,#6719,#6720,#6721,#6722,
#6723,#6724,#6725,#6726,#6727,#6728,#6729,#6730,#6731,#6732,#6733,#6734,
#6735),.UNSPECIFIED.,.F.,.F.,(4,3,3,3,3,3,4),(0.,0.0386229583698191,0.0944795304749959,
0.149810322162388,0.292483478975298,0.420588069053688,1.),.UNSPECIFIED.);
#547=B_SPLINE_CURVE_WITH_KNOTS('',3,(#6737,#6738,#6739,#6740),
 .UNSPECIFIED.,.F.,.F.,(4,4),(0.,1.),.UNSPECIFIED.);
#548=B_SPLINE_CURVE_WITH_KNOTS('',3,(#6745,#6746,#6747,#6748),
 .UNSPECIFIED.,.F.,.F.,(4,4),(0.,1.),.UNSPECIFIED.);
#549=B_SPLINE_CURVE_WITH_KNOTS('',3,(#6754,#6755,#6756,#6757,#6758,#6759,
#6760,#6761,#6762,#6763,#6764,#6765,#6766,#6767,#6768,#6769,#6770,#6771,
#6772,#6773,#6774,#6775,#6776,#6777,#6778,#6779,#6780,#6781,#6782,#6783,
#6784,#6785,#6786,#6787,#6788,#6789,#6790,#6791,#6792,#6793,#6794,#6795,
#6796,#6797,#6798,#6799,#6800,#6801,#6802),.UNSPECIFIED.,.F.,.F.,(4,3,3,
3,3,3,3,3,3,3,3,3,3,3,3,3,4),(0.,0.00216596760984706,0.00414350285525236,
0.00673237374821169,0.0108970636552411,0.0179189140217866,0.0251981653882343,
0.0357382308705762,0.0512173271020122,0.0741948217575656,0.108579183087496,
0.160343864328736,0.238626516422682,0.35741210356163,0.538088594405424,
0.813237146931671,1.),.UNSPECIFIED.);
#550=B_SPLINE_CURVE_WITH_KNOTS('',3,(#6839,#6840,#6841,#6842,#6843,#6844,
#6845,#6846,#6847,#6848,#6849,#6850,#6851,#6852,#6853,#6854,#6855,#6856,
#6857,#6858,#6859,#6860,#6861,#6862,#6863),.UNSPECIFIED.,.F.,.F.,(4,3,3,
3,3,3,3,3,4),(0.,0.536333679385064,0.880492984391023,0.966891403459531,
0.988765743151215,0.99371771263893,0.996335957767478,0.998167576249349,
1.),.UNSPECIFIED.);
#551=B_SPLINE_CURVE_WITH_KNOTS('',3,(#6898,#6899,#6900,#6901,#6902,#6903,
#6904,#6905,#6906,#6907,#6908,#6909,#6910,#6911,#6912,#6913,#6914,#6915,
#6916,#6917,#6918,#6919,#6920,#6921,#6922,#6923,#6924,#6925,#6926,#6927,
#6928,#6929,#6930,#6931,#6932,#6933,#6934,#6935,#6936,#6937,#6938,#6939,
#6940,#6941,#6942,#6943,#6944,#6945,#6946),.UNSPECIFIED.,.F.,.F.,(4,3,3,
3,3,3,3,3,3,3,3,3,3,3,3,3,4),(0.,0.0021659676098125,0.00414350285523052,
0.00673237374817441,0.0108970636551713,0.0179189140216914,0.0251981653880978,
0.0357382308703805,0.0512173271017192,0.0741948217571537,0.108579183086972,
0.160343864328206,0.238626516421969,0.357412103560972,0.538088594404974,
0.813237146931688,1.),.UNSPECIFIED.);
#552=B_SPLINE_CURVE_WITH_KNOTS('',3,(#6983,#6984,#6985,#6986,#6987,#6988,
#6989,#6990,#6991,#6992,#6993,#6994,#6995,#6996,#6997,#6998,#6999,#7000,
#7001,#7002,#7003,#7004,#7005,#7006,#7007),.UNSPECIFIED.,.F.,.F.,(4,3,3,
3,3,3,3,3,4),(0.,0.536333679381518,0.880492984390138,0.966891403459332,
0.988765743151179,0.993717712638918,0.99633595776748,0.998167576249345,
1.),.UNSPECIFIED.);
#553=B_SPLINE_CURVE_WITH_KNOTS('',3,(#7042,#7043,#7044,#7045,#7046,#7047,
#7048,#7049,#7050,#7051,#7052,#7053,#7054,#7055,#7056,#7057,#7058,#7059,
#7060,#7061,#7062,#7063,#7064,#7065,#7066,#7067,#7068,#7069,#7070,#7071,
#7072,#7073,#7074,#7075,#7076,#7077,#7078,#7079,#7080,#7081,#7082,#7083,
#7084,#7085,#7086,#7087,#7088,#7089,#7090),.UNSPECIFIED.,.F.,.F.,(4,3,3,
3,3,3,3,3,3,3,3,3,3,3,3,3,4),(0.,0.00216596760981246,0.00414350285522058,
0.00673237374817577,0.0108970636551071,0.0179189140216678,0.0251981653880775,
0.0357382308703644,0.0512173271017587,0.0741948217572127,0.108579183087101,
0.160343864328335,0.238626516422047,0.357412103561247,0.538088594405343,
0.813237146931691,1.),.UNSPECIFIED.);
#554=B_SPLINE_CURVE_WITH_KNOTS('',3,(#7127,#7128,#7129,#7130,#7131,#7132,
#7133,#7134,#7135,#7136,#7137,#7138,#7139,#7140,#7141,#7142,#7143,#7144,
#7145,#7146,#7147,#7148,#7149,#7150,#7151),.UNSPECIFIED.,.F.,.F.,(4,3,3,
3,3,3,3,3,4),(0.,0.536333679383991,0.880492984390758,0.966891403459498,
0.988765743151231,0.993717712638949,0.996335957767499,0.998167576249358,
1.),.UNSPECIFIED.);
#555=B_SPLINE_CURVE_WITH_KNOTS('',3,(#7186,#7187,#7188,#7189,#7190,#7191,
#7192,#7193,#7194,#7195,#7196,#7197,#7198,#7199,#7200,#7201,#7202,#7203,
#7204,#7205,#7206,#7207,#7208,#7209,#7210,#7211,#7212,#7213,#7214,#7215,
#7216,#7217,#7218,#7219,#7220,#7221,#7222,#7223,#7224,#7225,#7226,#7227,
#7228,#7229,#7230,#7231,#7232,#7233,#7234),.UNSPECIFIED.,.F.,.F.,(4,3,3,
3,3,3,3,3,3,3,3,3,3,3,3,3,4),(0.,0.00216596760982349,0.00414350285522561,
0.00673237374817466,0.010897063655176,0.0179189140217009,0.0251981653881126,
0.0357382308704164,0.0512173271017873,0.0741948217572487,0.108579183087022,
0.160343864328173,0.238626516421778,0.35741210356069,0.538088594404742,
0.813237146931691,1.),.UNSPECIFIED.);
#556=B_SPLINE_CURVE_WITH_KNOTS('',3,(#7271,#7272,#7273,#7274,#7275,#7276,
#7277,#7278,#7279,#7280,#7281,#7282,#7283,#7284,#7285,#7286,#7287,#7288,
#7289,#7290,#7291,#7292,#7293,#7294,#7295),.UNSPECIFIED.,.F.,.F.,(4,3,3,
3,3,3,3,3,4),(0.,0.53633367938194,0.880492984390235,0.966891403459336,0.988765743151166,
0.993717712638899,0.996335957767464,0.998167576249334,1.),.UNSPECIFIED.);
#557=B_SPLINE_CURVE_WITH_KNOTS('',3,(#7330,#7331,#7332,#7333,#7334,#7335,
#7336,#7337,#7338,#7339,#7340,#7341,#7342,#7343,#7344,#7345,#7346,#7347,
#7348,#7349,#7350,#7351,#7352,#7353,#7354,#7355,#7356,#7357,#7358,#7359,
#7360,#7361,#7362,#7363,#7364,#7365,#7366,#7367,#7368,#7369,#7370,#7371,
#7372,#7373,#7374,#7375,#7376,#7377,#7378),.UNSPECIFIED.,.F.,.F.,(4,3,3,
3,3,3,3,3,3,3,3,3,3,3,3,3,4),(0.,0.00216596760982218,0.00414350285521717,
0.00673237374819908,0.0108970636550985,0.0179189140216447,0.0251981653880522,
0.0357382308703401,0.0512173271016712,0.0741948217571054,0.108579183086836,
0.16034386432807,0.238626516421808,0.357412103560755,0.538088594404277,
0.813237146931673,1.),.UNSPECIFIED.);
#558=B_SPLINE_CURVE_WITH_KNOTS('',3,(#7415,#7416,#7417,#7418,#7419,#7420,
#7421,#7422,#7423,#7424,#7425,#7426,#7427,#7428,#7429,#7430,#7431,#7432,
#7433,#7434,#7435,#7436,#7437,#7438,#7439),.UNSPECIFIED.,.F.,.F.,(4,3,3,
3,3,3,3,3,4),(0.,0.536333679383818,0.880492984390691,0.966891403459446,
0.988765743151192,0.993717712638919,0.996335957767468,0.998167576249338,
1.),.UNSPECIFIED.);
#559=B_SPLINE_CURVE_WITH_KNOTS('',3,(#7474,#7475,#7476,#7477,#7478,#7479,
#7480,#7481,#7482,#7483,#7484,#7485,#7486,#7487,#7488,#7489,#7490,#7491,
#7492,#7493,#7494,#7495,#7496,#7497,#7498,#7499,#7500,#7501,#7502,#7503,
#7504,#7505,#7506,#7507,#7508,#7509,#7510,#7511,#7512,#7513,#7514,#7515,
#7516,#7517,#7518,#7519,#7520,#7521,#7522),.UNSPECIFIED.,.F.,.F.,(4,3,3,
3,3,3,3,3,3,3,3,3,3,3,3,3,4),(0.,0.00216596760982217,0.00414350285522622,
0.00673237374820375,0.0108970636551396,0.0179189140217271,0.0251981653881627,
0.0357382308704765,0.0512173271018985,0.0741948217573789,0.108579183087309,
0.160343864328586,0.238626516422422,0.357412103561402,0.538088594404817,
0.813237146931692,1.),.UNSPECIFIED.);
#560=B_SPLINE_CURVE_WITH_KNOTS('',3,(#7559,#7560,#7561,#7562,#7563,#7564,
#7565,#7566,#7567,#7568,#7569,#7570,#7571,#7572,#7573,#7574,#7575,#7576,
#7577,#7578,#7579,#7580,#7581,#7582,#7583),.UNSPECIFIED.,.F.,.F.,(4,3,3,
3,3,3,3,3,4),(0.,0.536333679380065,0.88049298438976,0.96689140345922,0.988765743151128,
0.993717712638883,0.996335957767448,0.998167576249325,1.),.UNSPECIFIED.);
#561=B_SPLINE_CURVE_WITH_KNOTS('',3,(#7618,#7619,#7620,#7621,#7622,#7623),
 .UNSPECIFIED.,.F.,.F.,(4,2,4),(0.,0.5,1.),.UNSPECIFIED.);
#562=B_SPLINE_CURVE_WITH_KNOTS('',3,(#7625,#7626,#7627,#7628,#7629,#7630),
 .UNSPECIFIED.,.F.,.F.,(4,2,4),(0.,0.5,1.),.UNSPECIFIED.);
#563=B_SPLINE_CURVE_WITH_KNOTS('',3,(#7638,#7639,#7640,#7641,#7642,#7643),
 .UNSPECIFIED.,.F.,.F.,(4,2,4),(0.,0.5,1.),.UNSPECIFIED.);
#564=B_SPLINE_CURVE_WITH_KNOTS('',3,(#7645,#7646,#7647,#7648,#7649,#7650),
 .UNSPECIFIED.,.F.,.F.,(4,2,4),(0.,0.5,1.),.UNSPECIFIED.);
#565=B_SPLINE_CURVE_WITH_KNOTS('',3,(#7658,#7659,#7660,#7661,#7662,#7663),
 .UNSPECIFIED.,.F.,.F.,(4,2,4),(0.,0.5,1.),.UNSPECIFIED.);
#566=B_SPLINE_CURVE_WITH_KNOTS('',3,(#7665,#7666,#7667,#7668,#7669,#7670),
 .UNSPECIFIED.,.F.,.F.,(4,2,4),(0.,0.5,1.),.UNSPECIFIED.);
#567=B_SPLINE_CURVE_WITH_KNOTS('',3,(#7678,#7679,#7680,#7681,#7682,#7683),
 .UNSPECIFIED.,.F.,.F.,(4,2,4),(0.,0.5,1.),.UNSPECIFIED.);
#568=B_SPLINE_CURVE_WITH_KNOTS('',3,(#7685,#7686,#7687,#7688,#7689,#7690),
 .UNSPECIFIED.,.F.,.F.,(4,2,4),(0.,0.5,1.),.UNSPECIFIED.);
#569=B_SPLINE_CURVE_WITH_KNOTS('',3,(#7698,#7699,#7700,#7701,#7702,#7703),
 .UNSPECIFIED.,.F.,.F.,(4,2,4),(0.,0.5,1.),.UNSPECIFIED.);
#570=B_SPLINE_CURVE_WITH_KNOTS('',3,(#7705,#7706,#7707,#7708,#7709,#7710),
 .UNSPECIFIED.,.F.,.F.,(4,2,4),(0.,0.5,1.),.UNSPECIFIED.);
#571=B_SPLINE_CURVE_WITH_KNOTS('',3,(#7718,#7719,#7720,#7721,#7722,#7723),
 .UNSPECIFIED.,.F.,.F.,(4,2,4),(0.,0.5,1.),.UNSPECIFIED.);
#572=B_SPLINE_CURVE_WITH_KNOTS('',3,(#7725,#7726,#7727,#7728,#7729,#7730),
 .UNSPECIFIED.,.F.,.F.,(4,2,4),(0.,0.5,1.),.UNSPECIFIED.);
#573=B_SPLINE_CURVE_WITH_KNOTS('',3,(#7736,#7737,#7738,#7739,#7740,#7741),
 .UNSPECIFIED.,.F.,.F.,(4,2,4),(0.,0.5,1.),.UNSPECIFIED.);
#574=B_SPLINE_CURVE_WITH_KNOTS('',3,(#7762,#7763,#7764,#7765,#7766,#7767),
 .UNSPECIFIED.,.F.,.F.,(4,2,4),(0.,0.5,1.),.UNSPECIFIED.);
#575=B_SPLINE_CURVE_WITH_KNOTS('',3,(#7788,#7789,#7790,#7791,#7792,#7793),
 .UNSPECIFIED.,.F.,.F.,(4,2,4),(0.,0.5,1.),.UNSPECIFIED.);
#576=B_SPLINE_CURVE_WITH_KNOTS('',3,(#7814,#7815,#7816,#7817,#7818,#7819),
 .UNSPECIFIED.,.F.,.F.,(4,2,4),(0.,0.5,1.),.UNSPECIFIED.);
#577=B_SPLINE_CURVE_WITH_KNOTS('',3,(#7840,#7841,#7842,#7843,#7844,#7845),
 .UNSPECIFIED.,.F.,.F.,(4,2,4),(0.,0.5,1.),.UNSPECIFIED.);
#578=B_SPLINE_CURVE_WITH_KNOTS('',3,(#7866,#7867,#7868,#7869,#7870,#7871),
 .UNSPECIFIED.,.F.,.F.,(4,2,4),(0.,0.5,1.),.UNSPECIFIED.);
#579=B_SPLINE_CURVE_WITH_KNOTS('',3,(#7892,#7893,#7894,#7895,#7896,#7897),
 .UNSPECIFIED.,.F.,.F.,(4,2,4),(0.,0.5,1.),.UNSPECIFIED.);
#580=B_SPLINE_CURVE_WITH_KNOTS('',3,(#7918,#7919,#7920,#7921,#7922,#7923),
 .UNSPECIFIED.,.F.,.F.,(4,2,4),(0.,0.5,1.),.UNSPECIFIED.);
#581=B_SPLINE_CURVE_WITH_KNOTS('',3,(#7944,#7945,#7946,#7947,#7948,#7949),
 .UNSPECIFIED.,.F.,.F.,(4,2,4),(0.,0.5,1.),.UNSPECIFIED.);
#582=B_SPLINE_CURVE_WITH_KNOTS('',3,(#7970,#7971,#7972,#7973,#7974,#7975),
 .UNSPECIFIED.,.F.,.F.,(4,2,4),(0.,0.5,1.),.UNSPECIFIED.);
#583=B_SPLINE_CURVE_WITH_KNOTS('',3,(#7996,#7997,#7998,#7999,#8000,#8001),
 .UNSPECIFIED.,.F.,.F.,(4,2,4),(0.,0.5,1.),.UNSPECIFIED.);
#584=B_SPLINE_CURVE_WITH_KNOTS('',3,(#8022,#8023,#8024,#8025,#8026,#8027),
 .UNSPECIFIED.,.F.,.F.,(4,2,4),(0.,0.5,1.),.UNSPECIFIED.);
#585=B_SPLINE_CURVE_WITH_KNOTS('',3,(#8048,#8049,#8050,#8051,#8052,#8053,
#8054),.UNSPECIFIED.,.F.,.F.,(4,3,4),(0.,0.253995950692448,1.),
 .UNSPECIFIED.);
#586=B_SPLINE_CURVE_WITH_KNOTS('',3,(#8069,#8070,#8071,#8072,#8073,#8074,
#8075),.UNSPECIFIED.,.F.,.F.,(4,3,4),(0.,0.254485235823923,1.),
 .UNSPECIFIED.);
#587=B_SPLINE_CURVE_WITH_KNOTS('',3,(#8090,#8091,#8092,#8093,#8094,#8095,
#8096),.UNSPECIFIED.,.F.,.F.,(4,3,4),(0.,0.253995950692449,1.),
 .UNSPECIFIED.);
#588=B_SPLINE_CURVE_WITH_KNOTS('',3,(#8111,#8112,#8113,#8114,#8115,#8116,
#8117),.UNSPECIFIED.,.F.,.F.,(4,3,4),(0.,0.25448523582392,1.),
 .UNSPECIFIED.);
#589=B_SPLINE_CURVE_WITH_KNOTS('',3,(#8132,#8133,#8134,#8135,#8136,#8137,
#8138),.UNSPECIFIED.,.F.,.F.,(4,3,4),(0.,0.253995950692444,1.),
 .UNSPECIFIED.);
#590=B_SPLINE_CURVE_WITH_KNOTS('',3,(#8153,#8154,#8155,#8156,#8157,#8158,
#8159),.UNSPECIFIED.,.F.,.F.,(4,3,4),(0.,0.254485235823924,1.),
 .UNSPECIFIED.);
#591=B_SPLINE_CURVE_WITH_KNOTS('',3,(#8174,#8175,#8176,#8177,#8178,#8179,
#8180),.UNSPECIFIED.,.F.,.F.,(4,3,4),(0.,0.253995950692442,1.),
 .UNSPECIFIED.);
#592=B_SPLINE_CURVE_WITH_KNOTS('',3,(#8195,#8196,#8197,#8198,#8199,#8200,
#8201),.UNSPECIFIED.,.F.,.F.,(4,3,4),(0.,0.254485235823923,1.),
 .UNSPECIFIED.);
#593=B_SPLINE_CURVE_WITH_KNOTS('',3,(#8216,#8217,#8218,#8219,#8220,#8221,
#8222),.UNSPECIFIED.,.F.,.F.,(4,3,4),(0.,0.253995950692442,1.),
 .UNSPECIFIED.);
#594=B_SPLINE_CURVE_WITH_KNOTS('',3,(#8237,#8238,#8239,#8240,#8241,#8242,
#8243),.UNSPECIFIED.,.F.,.F.,(4,3,4),(0.,0.254485235823924,1.),
 .UNSPECIFIED.);
#595=B_SPLINE_CURVE_WITH_KNOTS('',3,(#8258,#8259,#8260,#8261,#8262,#8263,
#8264),.UNSPECIFIED.,.F.,.F.,(4,3,4),(0.,0.253995950692438,1.),
 .UNSPECIFIED.);
#596=B_SPLINE_CURVE_WITH_KNOTS('',3,(#8279,#8280,#8281,#8282,#8283,#8284,
#8285),.UNSPECIFIED.,.F.,.F.,(4,3,4),(0.,0.254485235823924,1.),
 .UNSPECIFIED.);
#597=B_SPLINE_CURVE_WITH_KNOTS('',3,(#8298,#8299,#8300,#8301,#8302,#8303),
 .UNSPECIFIED.,.F.,.F.,(4,2,4),(0.,0.5,1.),.UNSPECIFIED.);
#598=B_SPLINE_CURVE_WITH_KNOTS('',3,(#8305,#8306,#8307,#8308),
 .UNSPECIFIED.,.F.,.F.,(4,4),(0.,1.),.UNSPECIFIED.);
#599=B_SPLINE_CURVE_WITH_KNOTS('',3,(#8309,#8310,#8311,#8312),
 .UNSPECIFIED.,.F.,.F.,(4,4),(0.,1.),.UNSPECIFIED.);
#600=B_SPLINE_CURVE_WITH_KNOTS('',3,(#8325,#8326,#8327,#8328,#8329,#8330),
 .UNSPECIFIED.,.F.,.F.,(4,2,4),(0.,0.5,1.),.UNSPECIFIED.);
#601=B_SPLINE_CURVE_WITH_KNOTS('',3,(#8332,#8333,#8334,#8335),
 .UNSPECIFIED.,.F.,.F.,(4,4),(0.,1.),.UNSPECIFIED.);
#602=B_SPLINE_CURVE_WITH_KNOTS('',3,(#8336,#8337,#8338,#8339),
 .UNSPECIFIED.,.F.,.F.,(4,4),(0.,1.),.UNSPECIFIED.);
#603=B_SPLINE_CURVE_WITH_KNOTS('',3,(#8370,#8371,#8372,#8373,#8374,#8375),
 .UNSPECIFIED.,.F.,.F.,(4,2,4),(0.,0.5,1.),.UNSPECIFIED.);
#604=B_SPLINE_CURVE_WITH_KNOTS('',3,(#8377,#8378,#8379,#8380),
 .UNSPECIFIED.,.F.,.F.,(4,4),(0.,1.),.UNSPECIFIED.);
#605=B_SPLINE_CURVE_WITH_KNOTS('',3,(#8381,#8382,#8383,#8384),
 .UNSPECIFIED.,.F.,.F.,(4,4),(0.,1.),.UNSPECIFIED.);
#606=B_SPLINE_CURVE_WITH_KNOTS('',3,(#8397,#8398,#8399,#8400,#8401,#8402),
 .UNSPECIFIED.,.F.,.F.,(4,2,4),(0.,0.5,1.),.UNSPECIFIED.);
#607=B_SPLINE_CURVE_WITH_KNOTS('',3,(#8404,#8405,#8406,#8407),
 .UNSPECIFIED.,.F.,.F.,(4,4),(0.,1.),.UNSPECIFIED.);
#608=B_SPLINE_CURVE_WITH_KNOTS('',3,(#8408,#8409,#8410,#8411),
 .UNSPECIFIED.,.F.,.F.,(4,4),(0.,1.),.UNSPECIFIED.);
#609=B_SPLINE_CURVE_WITH_KNOTS('',3,(#8444,#8445,#8446,#8447,#8448,#8449),
 .UNSPECIFIED.,.F.,.F.,(4,2,4),(0.,0.500000000000001,1.),.UNSPECIFIED.);
#610=B_SPLINE_CURVE_WITH_KNOTS('',3,(#8451,#8452,#8453,#8454),
 .UNSPECIFIED.,.F.,.F.,(4,4),(0.,1.),.UNSPECIFIED.);
#611=B_SPLINE_CURVE_WITH_KNOTS('',3,(#8455,#8456,#8457,#8458),
 .UNSPECIFIED.,.F.,.F.,(4,4),(0.,1.),.UNSPECIFIED.);
#612=B_SPLINE_CURVE_WITH_KNOTS('',3,(#8471,#8472,#8473,#8474,#8475,#8476),
 .UNSPECIFIED.,.F.,.F.,(4,2,4),(0.,0.5,1.),.UNSPECIFIED.);
#613=B_SPLINE_CURVE_WITH_KNOTS('',3,(#8478,#8479,#8480,#8481),
 .UNSPECIFIED.,.F.,.F.,(4,4),(0.,1.),.UNSPECIFIED.);
#614=B_SPLINE_CURVE_WITH_KNOTS('',3,(#8482,#8483,#8484,#8485),
 .UNSPECIFIED.,.F.,.F.,(4,4),(0.,1.),.UNSPECIFIED.);
#615=B_SPLINE_CURVE_WITH_KNOTS('',3,(#8518,#8519,#8520,#8521,#8522,#8523),
 .UNSPECIFIED.,.F.,.F.,(4,2,4),(0.,0.5,1.),.UNSPECIFIED.);
#616=B_SPLINE_CURVE_WITH_KNOTS('',3,(#8525,#8526,#8527,#8528),
 .UNSPECIFIED.,.F.,.F.,(4,4),(0.,1.),.UNSPECIFIED.);
#617=B_SPLINE_CURVE_WITH_KNOTS('',3,(#8529,#8530,#8531,#8532),
 .UNSPECIFIED.,.F.,.F.,(4,4),(0.,1.),.UNSPECIFIED.);
#618=B_SPLINE_CURVE_WITH_KNOTS('',3,(#8545,#8546,#8547,#8548,#8549,#8550),
 .UNSPECIFIED.,.F.,.F.,(4,2,4),(0.,0.5,1.),.UNSPECIFIED.);
#619=B_SPLINE_CURVE_WITH_KNOTS('',3,(#8552,#8553,#8554,#8555),
 .UNSPECIFIED.,.F.,.F.,(4,4),(0.,1.),.UNSPECIFIED.);
#620=B_SPLINE_CURVE_WITH_KNOTS('',3,(#8556,#8557,#8558,#8559),
 .UNSPECIFIED.,.F.,.F.,(4,4),(0.,1.),.UNSPECIFIED.);
#621=B_SPLINE_CURVE_WITH_KNOTS('',3,(#8592,#8593,#8594,#8595,#8596,#8597),
 .UNSPECIFIED.,.F.,.F.,(4,2,4),(0.,0.5,1.),.UNSPECIFIED.);
#622=B_SPLINE_CURVE_WITH_KNOTS('',3,(#8599,#8600,#8601,#8602),
 .UNSPECIFIED.,.F.,.F.,(4,4),(0.,1.),.UNSPECIFIED.);
#623=B_SPLINE_CURVE_WITH_KNOTS('',3,(#8603,#8604,#8605,#8606),
 .UNSPECIFIED.,.F.,.F.,(4,4),(0.,1.),.UNSPECIFIED.);
#624=B_SPLINE_CURVE_WITH_KNOTS('',3,(#8619,#8620,#8621,#8622,#8623,#8624),
 .UNSPECIFIED.,.F.,.F.,(4,2,4),(0.,0.5,1.),.UNSPECIFIED.);
#625=B_SPLINE_CURVE_WITH_KNOTS('',3,(#8626,#8627,#8628,#8629),
 .UNSPECIFIED.,.F.,.F.,(4,4),(0.,1.),.UNSPECIFIED.);
#626=B_SPLINE_CURVE_WITH_KNOTS('',3,(#8630,#8631,#8632,#8633),
 .UNSPECIFIED.,.F.,.F.,(4,4),(0.,1.),.UNSPECIFIED.);
#627=B_SPLINE_CURVE_WITH_KNOTS('',3,(#8666,#8667,#8668,#8669,#8670,#8671),
 .UNSPECIFIED.,.F.,.F.,(4,2,4),(0.,0.5,1.),.UNSPECIFIED.);
#628=B_SPLINE_CURVE_WITH_KNOTS('',3,(#8673,#8674,#8675,#8676),
 .UNSPECIFIED.,.F.,.F.,(4,4),(0.,1.),.UNSPECIFIED.);
#629=B_SPLINE_CURVE_WITH_KNOTS('',3,(#8677,#8678,#8679,#8680),
 .UNSPECIFIED.,.F.,.F.,(4,4),(0.,1.),.UNSPECIFIED.);
#630=B_SPLINE_CURVE_WITH_KNOTS('',3,(#8693,#8694,#8695,#8696,#8697,#8698),
 .UNSPECIFIED.,.F.,.F.,(4,2,4),(0.,0.5,1.),.UNSPECIFIED.);
#631=B_SPLINE_CURVE_WITH_KNOTS('',3,(#8700,#8701,#8702,#8703),
 .UNSPECIFIED.,.F.,.F.,(4,4),(0.,1.),.UNSPECIFIED.);
#632=B_SPLINE_CURVE_WITH_KNOTS('',3,(#8704,#8705,#8706,#8707),
 .UNSPECIFIED.,.F.,.F.,(4,4),(0.,1.),.UNSPECIFIED.);
#633=CONICAL_SURFACE('',#3529,39.5982447511369,20.8);
#634=CONICAL_SURFACE('',#3531,30.,30.);
#635=CONICAL_SURFACE('',#3537,9.28750000000035,44.999999999994);
#636=CONICAL_SURFACE('',#3543,11.8233185854702,50.0000000000003);
#637=CONICAL_SURFACE('',#3545,15.4887067742953,25.);
#638=CONICAL_SURFACE('',#3567,51.485,23.);
#639=CONICAL_SURFACE('',#3575,50.9314718625761,44.9999999999996);
#640=CONICAL_SURFACE('',#3579,51.485,23.0000000000002);
#641=CONICAL_SURFACE('',#3584,51.11,23.0000000000012);
#642=CONICAL_SURFACE('',#3605,45.9217115111605,50.5000000000001);
#643=CONICAL_SURFACE('',#3640,26.323707859804,53.8);
#644=CONICAL_SURFACE('',#3674,34.3268286478697,29.5000000000002);
#645=CONICAL_SURFACE('',#3678,34.3268286478697,29.5000000000002);
#646=CONICAL_SURFACE('',#3682,34.3268286478697,29.5000000000002);
#647=CONICAL_SURFACE('',#3686,34.3268286478697,29.5000000000002);
#648=CONICAL_SURFACE('',#3690,34.3268286478697,29.5000000000002);
#649=CONICAL_SURFACE('',#3694,34.3268286478697,29.5000000000002);
#650=CONICAL_SURFACE('',#3912,12.7207026080749,32.5);
#651=TOROIDAL_SURFACE('',#3526,34.,1.);
#652=TOROIDAL_SURFACE('',#3532,30.,3.);
#653=TOROIDAL_SURFACE('',#3541,12.7875,1.5);
#654=TOROIDAL_SURFACE('',#3549,21.959,4.5);
#655=TOROIDAL_SURFACE('',#3552,24.125,5.);
#656=TOROIDAL_SURFACE('',#3556,51.91,1.2);
#657=TOROIDAL_SURFACE('',#3559,48.61,2.5);
#658=TOROIDAL_SURFACE('',#3563,52.31,1.2);
#659=TOROIDAL_SURFACE('',#3569,51.78,1.2);
#660=TOROIDAL_SURFACE('',#3573,51.78,1.2);
#661=TOROIDAL_SURFACE('',#3581,52.31,1.2);
#662=TOROIDAL_SURFACE('',#3633,7.64903244819823,5.);
#663=TOROIDAL_SURFACE('',#3642,21.5988625188446,8.);
#664=TOROIDAL_SURFACE('',#3644,21.5988625188446,8.);
#665=TOROIDAL_SURFACE('',#3646,21.5988625188446,8.);
#666=TOROIDAL_SURFACE('',#3648,21.5988625188446,8.);
#667=TOROIDAL_SURFACE('',#3650,21.5988625188446,8.);
#668=TOROIDAL_SURFACE('',#3652,21.5988625188446,8.);
#669=TOROIDAL_SURFACE('',#3699,29.7980929030492,1.);
#670=TOROIDAL_SURFACE('',#3705,29.7980929030492,1.);
#671=TOROIDAL_SURFACE('',#3711,29.7980929030492,1.);
#672=TOROIDAL_SURFACE('',#3717,29.7980929030492,1.);
#673=TOROIDAL_SURFACE('',#3723,29.7980929030492,1.);
#674=TOROIDAL_SURFACE('',#3729,29.7980929030492,1.);
#675=TOROIDAL_SURFACE('',#3733,33.6053100324938,11.609);
#676=TOROIDAL_SURFACE('',#3735,33.6053100324938,11.609);
#677=TOROIDAL_SURFACE('',#3738,33.6053100324938,11.609);
#678=TOROIDAL_SURFACE('',#3740,33.6053100324938,11.609);
#679=TOROIDAL_SURFACE('',#3743,33.6053100324938,11.609);
#680=TOROIDAL_SURFACE('',#3745,33.6053100324938,11.609);
#681=TOROIDAL_SURFACE('',#3748,33.6053100324938,11.609);
#682=TOROIDAL_SURFACE('',#3750,33.6053100324938,11.609);
#683=TOROIDAL_SURFACE('',#3753,33.6053100324938,11.609);
#684=TOROIDAL_SURFACE('',#3755,33.6053100324938,11.609);
#685=TOROIDAL_SURFACE('',#3758,33.6053100324938,11.609);
#686=TOROIDAL_SURFACE('',#3760,33.6053100324938,11.609);
#687=TOROIDAL_SURFACE('',#3791,40.2498377281947,1.);
#688=TOROIDAL_SURFACE('',#3793,39.44,3.);
#689=TOROIDAL_SURFACE('',#3795,40.5726876267749,0.250000000000005);
#690=TOROIDAL_SURFACE('',#3799,40.5726876267749,0.25);
#691=TOROIDAL_SURFACE('',#3802,40.2498377281947,1.);
#692=TOROIDAL_SURFACE('',#3803,39.44,3.);
#693=TOROIDAL_SURFACE('',#3810,40.2498377281947,1.);
#694=TOROIDAL_SURFACE('',#3812,39.44,3.);
#695=TOROIDAL_SURFACE('',#3814,40.5726876267749,0.250000000000005);
#696=TOROIDAL_SURFACE('',#3818,40.5726876267749,0.25);
#697=TOROIDAL_SURFACE('',#3821,40.2498377281947,1.);
#698=TOROIDAL_SURFACE('',#3822,39.44,3.);
#699=TOROIDAL_SURFACE('',#3831,40.2498377281947,1.);
#700=TOROIDAL_SURFACE('',#3833,39.44,3.);
#701=TOROIDAL_SURFACE('',#3835,40.5726876267749,0.250000000000005);
#702=TOROIDAL_SURFACE('',#3839,40.5726876267749,0.25);
#703=TOROIDAL_SURFACE('',#3842,40.2498377281947,1.);
#704=TOROIDAL_SURFACE('',#3843,39.44,3.);
#705=TOROIDAL_SURFACE('',#3852,40.2498377281947,1.);
#706=TOROIDAL_SURFACE('',#3854,39.44,3.);
#707=TOROIDAL_SURFACE('',#3856,40.5726876267749,0.250000000000005);
#708=TOROIDAL_SURFACE('',#3860,40.5726876267749,0.25);
#709=TOROIDAL_SURFACE('',#3863,40.2498377281947,1.);
#710=TOROIDAL_SURFACE('',#3864,39.44,3.);
#711=TOROIDAL_SURFACE('',#3873,40.2498377281947,1.);
#712=TOROIDAL_SURFACE('',#3875,39.44,3.);
#713=TOROIDAL_SURFACE('',#3877,40.5726876267749,0.250000000000005);
#714=TOROIDAL_SURFACE('',#3881,40.5726876267749,0.25);
#715=TOROIDAL_SURFACE('',#3884,40.2498377281947,1.);
#716=TOROIDAL_SURFACE('',#3885,39.44,3.);
#717=TOROIDAL_SURFACE('',#3894,40.2498377281947,1.);
#718=TOROIDAL_SURFACE('',#3896,39.44,3.);
#719=TOROIDAL_SURFACE('',#3898,40.5726876267749,0.250000000000005);
#720=TOROIDAL_SURFACE('',#3902,40.5726876267749,0.25);
#721=TOROIDAL_SURFACE('',#3905,40.2498377281947,1.);
#722=TOROIDAL_SURFACE('',#3906,39.44,3.);
#723=PLANE('',#3521);
#724=PLANE('',#3528);
#725=PLANE('',#3535);
#726=PLANE('',#3554);
#727=PLANE('',#3586);
#728=PLANE('',#3631);
#729=ADVANCED_FACE('',(#1002,#1003),#956,.T.);
#730=ADVANCED_FACE('',(#1004,#1005),#723,.T.);
#731=ADVANCED_FACE('',(#1006,#1007),#957,.T.);
#732=ADVANCED_FACE('',(#1008,#1009),#651,.F.);
#733=ADVANCED_FACE('',(#1010,#1011),#724,.T.);
#734=ADVANCED_FACE('',(#1012,#1013),#633,.T.);
#735=ADVANCED_FACE('',(#1014,#1015),#634,.T.);
#736=ADVANCED_FACE('',(#1016,#1017),#652,.T.);
#737=ADVANCED_FACE('',(#1018,#1019),#725,.T.);
#738=ADVANCED_FACE('',(#1020,#1021),#635,.T.);
#739=ADVANCED_FACE('',(#1022,#1023),#958,.T.);
#740=ADVANCED_FACE('',(#1024,#1025),#653,.F.);
#741=ADVANCED_FACE('',(#1026,#1027),#636,.T.);
#742=ADVANCED_FACE('',(#1028,#1029),#637,.T.);
#743=ADVANCED_FACE('',(#1030,#1031),#959,.T.);
#744=ADVANCED_FACE('',(#1032,#1033),#654,.F.);
#745=ADVANCED_FACE('',(#1034,#1035),#960,.T.);
#746=ADVANCED_FACE('',(#1036,#1037),#655,.F.);
#747=ADVANCED_FACE('',(#1038,#1039),#726,.T.);
#748=ADVANCED_FACE('',(#1040,#1041),#656,.F.);
#749=ADVANCED_FACE('',(#1042,#1043),#657,.T.);
#750=ADVANCED_FACE('',(#1044,#1045),#961,.T.);
#751=ADVANCED_FACE('',(#1046,#1047),#658,.F.);
#752=ADVANCED_FACE('',(#1048,#1049),#962,.T.);
#753=ADVANCED_FACE('',(#1050,#1051),#638,.T.);
#754=ADVANCED_FACE('',(#1052,#1053),#659,.F.);
#755=ADVANCED_FACE('',(#1054,#1055),#963,.T.);
#756=ADVANCED_FACE('',(#1056,#1057),#660,.F.);
#757=ADVANCED_FACE('',(#1058,#1059),#639,.T.);
#758=ADVANCED_FACE('',(#1060,#1061),#964,.T.);
#759=ADVANCED_FACE('',(#1062,#1063),#640,.T.);
#760=ADVANCED_FACE('',(#1064,#1065),#661,.F.);
#761=ADVANCED_FACE('',(#1066,#1067),#965,.T.);
#762=ADVANCED_FACE('',(#1068,#1069),#641,.T.);
#763=ADVANCED_FACE('',(#1070,#1071),#727,.T.);
#764=ADVANCED_FACE('',(#1072,#1073),#642,.F.);
#765=ADVANCED_FACE('',(#127),#966,.F.);
#766=ADVANCED_FACE('',(#128),#967,.F.);
#767=ADVANCED_FACE('',(#129),#968,.F.);
#768=ADVANCED_FACE('',(#130),#969,.F.);
#769=ADVANCED_FACE('',(#131),#970,.F.);
#770=ADVANCED_FACE('',(#132),#971,.F.);
#771=ADVANCED_FACE('',(#133),#972,.F.);
#772=ADVANCED_FACE('',(#134),#973,.F.);
#773=ADVANCED_FACE('',(#135),#974,.F.);
#774=ADVANCED_FACE('',(#136),#975,.F.);
#775=ADVANCED_FACE('',(#137),#976,.F.);
#776=ADVANCED_FACE('',(#138),#977,.F.);
#777=ADVANCED_FACE('',(#139),#728,.F.);
#778=ADVANCED_FACE('',(#1074,#1075),#662,.F.);
#779=ADVANCED_FACE('',(#1076,#1077),#643,.F.);
#780=ADVANCED_FACE('',(#140),#663,.F.);
#781=ADVANCED_FACE('',(#141),#664,.F.);
#782=ADVANCED_FACE('',(#142),#665,.F.);
#783=ADVANCED_FACE('',(#143),#666,.F.);
#784=ADVANCED_FACE('',(#144),#667,.F.);
#785=ADVANCED_FACE('',(#145),#668,.F.);
#786=ADVANCED_FACE('',(#146),#102,.F.);
#787=ADVANCED_FACE('',(#147),#103,.F.);
#788=ADVANCED_FACE('',(#148),#104,.F.);
#789=ADVANCED_FACE('',(#149),#105,.F.);
#790=ADVANCED_FACE('',(#150),#106,.F.);
#791=ADVANCED_FACE('',(#151),#107,.F.);
#792=ADVANCED_FACE('',(#152),#42,.T.);
#793=ADVANCED_FACE('',(#153),#43,.T.);
#794=ADVANCED_FACE('',(#154),#44,.T.);
#795=ADVANCED_FACE('',(#155),#45,.T.);
#796=ADVANCED_FACE('',(#156),#46,.T.);
#797=ADVANCED_FACE('',(#157),#47,.T.);
#798=ADVANCED_FACE('',(#158),#48,.T.);
#799=ADVANCED_FACE('',(#159),#49,.T.);
#800=ADVANCED_FACE('',(#160),#50,.T.);
#801=ADVANCED_FACE('',(#161),#51,.T.);
#802=ADVANCED_FACE('',(#162),#52,.T.);
#803=ADVANCED_FACE('',(#163),#53,.T.);
#804=ADVANCED_FACE('',(#164),#644,.F.);
#805=ADVANCED_FACE('',(#165),#645,.F.);
#806=ADVANCED_FACE('',(#166),#646,.F.);
#807=ADVANCED_FACE('',(#167),#647,.F.);
#808=ADVANCED_FACE('',(#168),#648,.F.);
#809=ADVANCED_FACE('',(#169),#649,.F.);
#810=ADVANCED_FACE('',(#170),#54,.T.);
#811=ADVANCED_FACE('',(#171),#669,.T.);
#812=ADVANCED_FACE('',(#172),#55,.T.);
#813=ADVANCED_FACE('',(#173),#56,.T.);
#814=ADVANCED_FACE('',(#174),#670,.T.);
#815=ADVANCED_FACE('',(#175),#57,.T.);
#816=ADVANCED_FACE('',(#176),#58,.T.);
#817=ADVANCED_FACE('',(#177),#671,.T.);
#818=ADVANCED_FACE('',(#178),#59,.T.);
#819=ADVANCED_FACE('',(#179),#60,.T.);
#820=ADVANCED_FACE('',(#180),#672,.T.);
#821=ADVANCED_FACE('',(#181),#61,.T.);
#822=ADVANCED_FACE('',(#182),#62,.T.);
#823=ADVANCED_FACE('',(#183),#673,.T.);
#824=ADVANCED_FACE('',(#184),#63,.T.);
#825=ADVANCED_FACE('',(#185),#64,.T.);
#826=ADVANCED_FACE('',(#186),#674,.T.);
#827=ADVANCED_FACE('',(#187),#65,.T.);
#828=ADVANCED_FACE('',(#188),#675,.F.);
#829=ADVANCED_FACE('',(#189),#676,.F.);
#830=ADVANCED_FACE('',(#190),#677,.F.);
#831=ADVANCED_FACE('',(#191),#678,.F.);
#832=ADVANCED_FACE('',(#192),#679,.F.);
#833=ADVANCED_FACE('',(#193),#680,.F.);
#834=ADVANCED_FACE('',(#194),#681,.F.);
#835=ADVANCED_FACE('',(#195),#682,.F.);
#836=ADVANCED_FACE('',(#196),#683,.F.);
#837=ADVANCED_FACE('',(#197),#684,.F.);
#838=ADVANCED_FACE('',(#198),#685,.F.);
#839=ADVANCED_FACE('',(#199),#686,.F.);
#840=ADVANCED_FACE('',(#200),#66,.T.);
#841=ADVANCED_FACE('',(#201),#67,.T.);
#842=ADVANCED_FACE('',(#202),#68,.T.);
#843=ADVANCED_FACE('',(#203),#69,.T.);
#844=ADVANCED_FACE('',(#204),#70,.T.);
#845=ADVANCED_FACE('',(#205),#71,.T.);
#846=ADVANCED_FACE('',(#206),#72,.T.);
#847=ADVANCED_FACE('',(#207),#73,.T.);
#848=ADVANCED_FACE('',(#208),#74,.T.);
#849=ADVANCED_FACE('',(#209),#75,.T.);
#850=ADVANCED_FACE('',(#210),#76,.T.);
#851=ADVANCED_FACE('',(#211),#77,.T.);
#852=ADVANCED_FACE('',(#212),#78,.T.);
#853=ADVANCED_FACE('',(#213),#79,.T.);
#854=ADVANCED_FACE('',(#214),#80,.T.);
#855=ADVANCED_FACE('',(#215),#81,.T.);
#856=ADVANCED_FACE('',(#216),#82,.T.);
#857=ADVANCED_FACE('',(#217),#83,.T.);
#858=ADVANCED_FACE('',(#218),#84,.T.);
#859=ADVANCED_FACE('',(#219),#85,.T.);
#860=ADVANCED_FACE('',(#220),#86,.T.);
#861=ADVANCED_FACE('',(#221),#87,.T.);
#862=ADVANCED_FACE('',(#222),#88,.T.);
#863=ADVANCED_FACE('',(#223),#89,.T.);
#864=ADVANCED_FACE('',(#224),#978,.F.);
#865=ADVANCED_FACE('',(#225),#90,.T.);
#866=ADVANCED_FACE('',(#226),#979,.F.);
#867=ADVANCED_FACE('',(#227),#91,.T.);
#868=ADVANCED_FACE('',(#228),#980,.F.);
#869=ADVANCED_FACE('',(#229),#981,.F.);
#870=ADVANCED_FACE('',(#230),#687,.T.);
#871=ADVANCED_FACE('',(#231),#688,.F.);
#872=ADVANCED_FACE('',(#232),#689,.F.);
#873=ADVANCED_FACE('',(#233),#108,.F.);
#874=ADVANCED_FACE('',(#234),#690,.F.);
#875=ADVANCED_FACE('',(#235),#691,.T.);
#876=ADVANCED_FACE('',(#236),#692,.F.);
#877=ADVANCED_FACE('',(#237),#982,.F.);
#878=ADVANCED_FACE('',(#238),#92,.T.);
#879=ADVANCED_FACE('',(#239),#983,.F.);
#880=ADVANCED_FACE('',(#240),#93,.T.);
#881=ADVANCED_FACE('',(#241),#984,.F.);
#882=ADVANCED_FACE('',(#242),#985,.F.);
#883=ADVANCED_FACE('',(#243),#693,.T.);
#884=ADVANCED_FACE('',(#244),#694,.F.);
#885=ADVANCED_FACE('',(#245),#695,.F.);
#886=ADVANCED_FACE('',(#246),#109,.F.);
#887=ADVANCED_FACE('',(#247),#696,.F.);
#888=ADVANCED_FACE('',(#248),#697,.T.);
#889=ADVANCED_FACE('',(#249),#698,.F.);
#890=ADVANCED_FACE('',(#250),#110,.F.);
#891=ADVANCED_FACE('',(#251),#111,.F.);
#892=ADVANCED_FACE('',(#252),#986,.F.);
#893=ADVANCED_FACE('',(#253),#94,.T.);
#894=ADVANCED_FACE('',(#254),#987,.F.);
#895=ADVANCED_FACE('',(#255),#95,.T.);
#896=ADVANCED_FACE('',(#256),#988,.F.);
#897=ADVANCED_FACE('',(#257),#989,.F.);
#898=ADVANCED_FACE('',(#258),#699,.T.);
#899=ADVANCED_FACE('',(#259),#700,.F.);
#900=ADVANCED_FACE('',(#260),#701,.F.);
#901=ADVANCED_FACE('',(#261),#112,.F.);
#902=ADVANCED_FACE('',(#262),#702,.F.);
#903=ADVANCED_FACE('',(#263),#703,.T.);
#904=ADVANCED_FACE('',(#264),#704,.F.);
#905=ADVANCED_FACE('',(#265),#113,.F.);
#906=ADVANCED_FACE('',(#266),#114,.F.);
#907=ADVANCED_FACE('',(#267),#990,.F.);
#908=ADVANCED_FACE('',(#268),#96,.T.);
#909=ADVANCED_FACE('',(#269),#991,.F.);
#910=ADVANCED_FACE('',(#270),#97,.T.);
#911=ADVANCED_FACE('',(#271),#992,.F.);
#912=ADVANCED_FACE('',(#272),#993,.F.);
#913=ADVANCED_FACE('',(#273),#705,.T.);
#914=ADVANCED_FACE('',(#274),#706,.F.);
#915=ADVANCED_FACE('',(#275),#707,.F.);
#916=ADVANCED_FACE('',(#276),#115,.F.);
#917=ADVANCED_FACE('',(#277),#708,.F.);
#918=ADVANCED_FACE('',(#278),#709,.T.);
#919=ADVANCED_FACE('',(#279),#710,.F.);
#920=ADVANCED_FACE('',(#280),#116,.F.);
#921=ADVANCED_FACE('',(#281),#117,.F.);
#922=ADVANCED_FACE('',(#282),#994,.F.);
#923=ADVANCED_FACE('',(#283),#98,.T.);
#924=ADVANCED_FACE('',(#284),#995,.F.);
#925=ADVANCED_FACE('',(#285),#99,.T.);
#926=ADVANCED_FACE('',(#286),#996,.F.);
#927=ADVANCED_FACE('',(#287),#997,.F.);
#928=ADVANCED_FACE('',(#288),#711,.T.);
#929=ADVANCED_FACE('',(#289),#712,.F.);
#930=ADVANCED_FACE('',(#290),#713,.F.);
#931=ADVANCED_FACE('',(#291),#118,.F.);
#932=ADVANCED_FACE('',(#292),#714,.F.);
#933=ADVANCED_FACE('',(#293),#715,.T.);
#934=ADVANCED_FACE('',(#294),#716,.F.);
#935=ADVANCED_FACE('',(#295),#119,.F.);
#936=ADVANCED_FACE('',(#296),#120,.F.);
#937=ADVANCED_FACE('',(#297),#998,.F.);
#938=ADVANCED_FACE('',(#298),#100,.T.);
#939=ADVANCED_FACE('',(#299),#999,.F.);
#940=ADVANCED_FACE('',(#300),#101,.T.);
#941=ADVANCED_FACE('',(#301),#1000,.F.);
#942=ADVANCED_FACE('',(#302),#1001,.F.);
#943=ADVANCED_FACE('',(#303),#717,.T.);
#944=ADVANCED_FACE('',(#304),#718,.F.);
#945=ADVANCED_FACE('',(#305),#719,.F.);
#946=ADVANCED_FACE('',(#306),#121,.F.);
#947=ADVANCED_FACE('',(#307),#720,.F.);
#948=ADVANCED_FACE('',(#308),#721,.T.);
#949=ADVANCED_FACE('',(#309),#722,.F.);
#950=ADVANCED_FACE('',(#310),#122,.F.);
#951=ADVANCED_FACE('',(#311),#123,.F.);
#952=ADVANCED_FACE('',(#312),#124,.F.);
#953=ADVANCED_FACE('',(#313),#125,.F.);
#954=ADVANCED_FACE('',(#1078,#1079),#650,.F.);
#955=ADVANCED_FACE('',(#314),#126,.F.);
#956=CYLINDRICAL_SURFACE('',#3518,52.17);
#957=CYLINDRICAL_SURFACE('',#3524,33.);
#958=CYLINDRICAL_SURFACE('',#3539,11.2875);
#959=CYLINDRICAL_SURFACE('',#3547,17.459);
#960=CYLINDRICAL_SURFACE('',#3551,19.125);
#961=CYLINDRICAL_SURFACE('',#3561,51.11);
#962=CYLINDRICAL_SURFACE('',#3565,51.485);
#963=CYLINDRICAL_SURFACE('',#3571,50.58);
#964=CYLINDRICAL_SURFACE('',#3577,51.485);
#965=CYLINDRICAL_SURFACE('',#3583,51.11);
#966=CYLINDRICAL_SURFACE('',#3607,37.705);
#967=CYLINDRICAL_SURFACE('',#3609,37.705);
#968=CYLINDRICAL_SURFACE('',#3611,37.705);
#969=CYLINDRICAL_SURFACE('',#3613,37.705);
#970=CYLINDRICAL_SURFACE('',#3615,37.705);
#971=CYLINDRICAL_SURFACE('',#3617,37.705);
#972=CYLINDRICAL_SURFACE('',#3619,37.705);
#973=CYLINDRICAL_SURFACE('',#3621,37.705);
#974=CYLINDRICAL_SURFACE('',#3623,37.705);
#975=CYLINDRICAL_SURFACE('',#3625,37.705);
#976=CYLINDRICAL_SURFACE('',#3627,37.705);
#977=CYLINDRICAL_SURFACE('',#3629,37.705);
#978=CYLINDRICAL_SURFACE('',#3785,22.215);
#979=CYLINDRICAL_SURFACE('',#3786,22.215);
#980=CYLINDRICAL_SURFACE('',#3787,11.609);
#981=CYLINDRICAL_SURFACE('',#3788,11.609);
#982=CYLINDRICAL_SURFACE('',#3804,22.215);
#983=CYLINDRICAL_SURFACE('',#3805,22.215);
#984=CYLINDRICAL_SURFACE('',#3806,11.609);
#985=CYLINDRICAL_SURFACE('',#3807,11.609);
#986=CYLINDRICAL_SURFACE('',#3825,22.215);
#987=CYLINDRICAL_SURFACE('',#3826,22.215);
#988=CYLINDRICAL_SURFACE('',#3827,11.609);
#989=CYLINDRICAL_SURFACE('',#3828,11.609);
#990=CYLINDRICAL_SURFACE('',#3846,22.215);
#991=CYLINDRICAL_SURFACE('',#3847,22.215);
#992=CYLINDRICAL_SURFACE('',#3848,11.609);
#993=CYLINDRICAL_SURFACE('',#3849,11.609);
#994=CYLINDRICAL_SURFACE('',#3867,22.215);
#995=CYLINDRICAL_SURFACE('',#3868,22.215);
#996=CYLINDRICAL_SURFACE('',#3869,11.609);
#997=CYLINDRICAL_SURFACE('',#3870,11.609);
#998=CYLINDRICAL_SURFACE('',#3888,22.215);
#999=CYLINDRICAL_SURFACE('',#3889,22.215);
#1000=CYLINDRICAL_SURFACE('',#3890,11.609);
#1001=CYLINDRICAL_SURFACE('',#3891,11.609);
#1002=FACE_BOUND('',#1080,.T.);
#1003=FACE_BOUND('',#1081,.T.);
#1004=FACE_BOUND('',#1082,.T.);
#1005=FACE_BOUND('',#1083,.T.);
#1006=FACE_BOUND('',#1084,.T.);
#1007=FACE_BOUND('',#1085,.T.);
#1008=FACE_BOUND('',#1086,.T.);
#1009=FACE_BOUND('',#1087,.T.);
#1010=FACE_BOUND('',#1088,.T.);
#1011=FACE_BOUND('',#1089,.T.);
#1012=FACE_BOUND('',#1090,.T.);
#1013=FACE_BOUND('',#1091,.T.);
#1014=FACE_BOUND('',#1092,.T.);
#1015=FACE_BOUND('',#1093,.T.);
#1016=FACE_BOUND('',#1094,.T.);
#1017=FACE_BOUND('',#1095,.T.);
#1018=FACE_BOUND('',#1096,.T.);
#1019=FACE_BOUND('',#1097,.T.);
#1020=FACE_BOUND('',#1098,.T.);
#1021=FACE_BOUND('',#1099,.T.);
#1022=FACE_BOUND('',#1100,.T.);
#1023=FACE_BOUND('',#1101,.T.);
#1024=FACE_BOUND('',#1102,.T.);
#1025=FACE_BOUND('',#1103,.T.);
#1026=FACE_BOUND('',#1104,.T.);
#1027=FACE_BOUND('',#1105,.T.);
#1028=FACE_BOUND('',#1106,.T.);
#1029=FACE_BOUND('',#1107,.T.);
#1030=FACE_BOUND('',#1108,.T.);
#1031=FACE_BOUND('',#1109,.T.);
#1032=FACE_BOUND('',#1110,.T.);
#1033=FACE_BOUND('',#1111,.T.);
#1034=FACE_BOUND('',#1112,.T.);
#1035=FACE_BOUND('',#1113,.T.);
#1036=FACE_BOUND('',#1114,.T.);
#1037=FACE_BOUND('',#1115,.T.);
#1038=FACE_BOUND('',#1116,.T.);
#1039=FACE_BOUND('',#1117,.T.);
#1040=FACE_BOUND('',#1118,.T.);
#1041=FACE_BOUND('',#1119,.T.);
#1042=FACE_BOUND('',#1120,.T.);
#1043=FACE_BOUND('',#1121,.T.);
#1044=FACE_BOUND('',#1122,.T.);
#1045=FACE_BOUND('',#1123,.T.);
#1046=FACE_BOUND('',#1124,.T.);
#1047=FACE_BOUND('',#1125,.T.);
#1048=FACE_BOUND('',#1126,.T.);
#1049=FACE_BOUND('',#1127,.T.);
#1050=FACE_BOUND('',#1128,.T.);
#1051=FACE_BOUND('',#1129,.T.);
#1052=FACE_BOUND('',#1130,.T.);
#1053=FACE_BOUND('',#1131,.T.);
#1054=FACE_BOUND('',#1132,.T.);
#1055=FACE_BOUND('',#1133,.T.);
#1056=FACE_BOUND('',#1134,.T.);
#1057=FACE_BOUND('',#1135,.T.);
#1058=FACE_BOUND('',#1136,.T.);
#1059=FACE_BOUND('',#1137,.T.);
#1060=FACE_BOUND('',#1138,.T.);
#1061=FACE_BOUND('',#1139,.T.);
#1062=FACE_BOUND('',#1140,.T.);
#1063=FACE_BOUND('',#1141,.T.);
#1064=FACE_BOUND('',#1142,.T.);
#1065=FACE_BOUND('',#1143,.T.);
#1066=FACE_BOUND('',#1144,.T.);
#1067=FACE_BOUND('',#1145,.T.);
#1068=FACE_BOUND('',#1146,.T.);
#1069=FACE_BOUND('',#1147,.T.);
#1070=FACE_BOUND('',#1148,.T.);
#1071=FACE_BOUND('',#1149,.T.);
#1072=FACE_BOUND('',#1150,.T.);
#1073=FACE_BOUND('',#1151,.T.);
#1074=FACE_BOUND('',#1165,.T.);
#1075=FACE_BOUND('',#1166,.T.);
#1076=FACE_BOUND('',#1167,.T.);
#1077=FACE_BOUND('',#1168,.T.);
#1078=FACE_BOUND('',#1343,.T.);
#1079=FACE_BOUND('',#1344,.T.);
#1080=EDGE_LOOP('',(#1346));
#1081=EDGE_LOOP('',(#1347));
#1082=EDGE_LOOP('',(#1348));
#1083=EDGE_LOOP('',(#1349));
#1084=EDGE_LOOP('',(#1350));
#1085=EDGE_LOOP('',(#1351));
#1086=EDGE_LOOP('',(#1352));
#1087=EDGE_LOOP('',(#1353));
#1088=EDGE_LOOP('',(#1354));
#1089=EDGE_LOOP('',(#1355));
#1090=EDGE_LOOP('',(#1356));
#1091=EDGE_LOOP('',(#1357));
#1092=EDGE_LOOP('',(#1358));
#1093=EDGE_LOOP('',(#1359));
#1094=EDGE_LOOP('',(#1360));
#1095=EDGE_LOOP('',(#1361));
#1096=EDGE_LOOP('',(#1362));
#1097=EDGE_LOOP('',(#1363));
#1098=EDGE_LOOP('',(#1364));
#1099=EDGE_LOOP('',(#1365));
#1100=EDGE_LOOP('',(#1366));
#1101=EDGE_LOOP('',(#1367));
#1102=EDGE_LOOP('',(#1368));
#1103=EDGE_LOOP('',(#1369));
#1104=EDGE_LOOP('',(#1370));
#1105=EDGE_LOOP('',(#1371));
#1106=EDGE_LOOP('',(#1372));
#1107=EDGE_LOOP('',(#1373));
#1108=EDGE_LOOP('',(#1374));
#1109=EDGE_LOOP('',(#1375));
#1110=EDGE_LOOP('',(#1376));
#1111=EDGE_LOOP('',(#1377));
#1112=EDGE_LOOP('',(#1378));
#1113=EDGE_LOOP('',(#1379));
#1114=EDGE_LOOP('',(#1380));
#1115=EDGE_LOOP('',(#1381));
#1116=EDGE_LOOP('',(#1382));
#1117=EDGE_LOOP('',(#1383));
#1118=EDGE_LOOP('',(#1384));
#1119=EDGE_LOOP('',(#1385));
#1120=EDGE_LOOP('',(#1386));
#1121=EDGE_LOOP('',(#1387));
#1122=EDGE_LOOP('',(#1388));
#1123=EDGE_LOOP('',(#1389));
#1124=EDGE_LOOP('',(#1390));
#1125=EDGE_LOOP('',(#1391));
#1126=EDGE_LOOP('',(#1392));
#1127=EDGE_LOOP('',(#1393));
#1128=EDGE_LOOP('',(#1394));
#1129=EDGE_LOOP('',(#1395));
#1130=EDGE_LOOP('',(#1396));
#1131=EDGE_LOOP('',(#1397));
#1132=EDGE_LOOP('',(#1398));
#1133=EDGE_LOOP('',(#1399));
#1134=EDGE_LOOP('',(#1400));
#1135=EDGE_LOOP('',(#1401));
#1136=EDGE_LOOP('',(#1402));
#1137=EDGE_LOOP('',(#1403));
#1138=EDGE_LOOP('',(#1404));
#1139=EDGE_LOOP('',(#1405));
#1140=EDGE_LOOP('',(#1406));
#1141=EDGE_LOOP('',(#1407));
#1142=EDGE_LOOP('',(#1408));
#1143=EDGE_LOOP('',(#1409));
#1144=EDGE_LOOP('',(#1410));
#1145=EDGE_LOOP('',(#1411));
#1146=EDGE_LOOP('',(#1412));
#1147=EDGE_LOOP('',(#1413));
#1148=EDGE_LOOP('',(#1414));
#1149=EDGE_LOOP('',(#1415));
#1150=EDGE_LOOP('',(#1416));
#1151=EDGE_LOOP('',(#1417,#1418,#1419,#1420,#1421,#1422,#1423,#1424,#1425,
#1426,#1427,#1428,#1429,#1430,#1431,#1432,#1433,#1434,#1435,#1436,#1437,
#1438,#1439,#1440,#1441,#1442,#1443,#1444,#1445,#1446,#1447,#1448,#1449,
#1450,#1451,#1452,#1453,#1454,#1455,#1456,#1457,#1458,#1459,#1460,#1461,
#1462,#1463,#1464,#1465,#1466,#1467,#1468,#1469,#1470,#1471,#1472,#1473,
#1474,#1475,#1476,#1477,#1478,#1479,#1480,#1481,#1482,#1483,#1484,#1485,
#1486,#1487,#1488,#1489,#1490,#1491,#1492,#1493,#1494,#1495,#1496,#1497,
#1498,#1499,#1500,#1501,#1502,#1503,#1504,#1505,#1506));
#1152=EDGE_LOOP('',(#1507,#1508,#1509,#1510,#1511));
#1153=EDGE_LOOP('',(#1512,#1513,#1514,#1515,#1516));
#1154=EDGE_LOOP('',(#1517,#1518,#1519,#1520,#1521));
#1155=EDGE_LOOP('',(#1522,#1523,#1524,#1525,#1526));
#1156=EDGE_LOOP('',(#1527,#1528,#1529,#1530,#1531));
#1157=EDGE_LOOP('',(#1532,#1533,#1534,#1535,#1536));
#1158=EDGE_LOOP('',(#1537,#1538,#1539,#1540,#1541));
#1159=EDGE_LOOP('',(#1542,#1543,#1544,#1545,#1546));
#1160=EDGE_LOOP('',(#1547,#1548,#1549,#1550,#1551));
#1161=EDGE_LOOP('',(#1552,#1553,#1554,#1555,#1556));
#1162=EDGE_LOOP('',(#1557,#1558,#1559,#1560,#1561));
#1163=EDGE_LOOP('',(#1562,#1563,#1564,#1565,#1566));
#1164=EDGE_LOOP('',(#1567));
#1165=EDGE_LOOP('',(#1568));
#1166=EDGE_LOOP('',(#1569));
#1167=EDGE_LOOP('',(#1570));
#1168=EDGE_LOOP('',(#1571,#1572,#1573,#1574,#1575,#1576,#1577,#1578,#1579,
#1580,#1581,#1582));
#1169=EDGE_LOOP('',(#1583,#1584,#1585,#1586));
#1170=EDGE_LOOP('',(#1587,#1588,#1589,#1590));
#1171=EDGE_LOOP('',(#1591,#1592,#1593,#1594));
#1172=EDGE_LOOP('',(#1595,#1596,#1597,#1598));
#1173=EDGE_LOOP('',(#1599,#1600,#1601,#1602));
#1174=EDGE_LOOP('',(#1603,#1604,#1605,#1606));
#1175=EDGE_LOOP('',(#1607,#1608,#1609,#1610,#1611,#1612,#1613,#1614,#1615));
#1176=EDGE_LOOP('',(#1616,#1617,#1618,#1619,#1620,#1621,#1622,#1623,#1624));
#1177=EDGE_LOOP('',(#1625,#1626,#1627,#1628,#1629,#1630,#1631,#1632,#1633));
#1178=EDGE_LOOP('',(#1634,#1635,#1636,#1637,#1638,#1639,#1640,#1641,#1642));
#1179=EDGE_LOOP('',(#1643,#1644,#1645,#1646,#1647,#1648,#1649,#1650,#1651));
#1180=EDGE_LOOP('',(#1652,#1653,#1654,#1655,#1656,#1657,#1658,#1659,#1660));
#1181=EDGE_LOOP('',(#1661,#1662,#1663,#1664));
#1182=EDGE_LOOP('',(#1665,#1666,#1667,#1668));
#1183=EDGE_LOOP('',(#1669,#1670,#1671,#1672));
#1184=EDGE_LOOP('',(#1673,#1674,#1675,#1676));
#1185=EDGE_LOOP('',(#1677,#1678,#1679,#1680));
#1186=EDGE_LOOP('',(#1681,#1682,#1683,#1684));
#1187=EDGE_LOOP('',(#1685,#1686,#1687,#1688));
#1188=EDGE_LOOP('',(#1689,#1690,#1691,#1692));
#1189=EDGE_LOOP('',(#1693,#1694,#1695,#1696));
#1190=EDGE_LOOP('',(#1697,#1698,#1699,#1700));
#1191=EDGE_LOOP('',(#1701,#1702,#1703,#1704));
#1192=EDGE_LOOP('',(#1705,#1706,#1707,#1708));
#1193=EDGE_LOOP('',(#1709,#1710,#1711,#1712,#1713,#1714,#1715,#1716,#1717,
#1718,#1719,#1720));
#1194=EDGE_LOOP('',(#1721,#1722,#1723,#1724,#1725,#1726,#1727,#1728,#1729,
#1730,#1731,#1732));
#1195=EDGE_LOOP('',(#1733,#1734,#1735,#1736,#1737,#1738,#1739,#1740,#1741,
#1742,#1743,#1744));
#1196=EDGE_LOOP('',(#1745,#1746,#1747,#1748,#1749,#1750,#1751,#1752,#1753,
#1754,#1755,#1756));
#1197=EDGE_LOOP('',(#1757,#1758,#1759,#1760,#1761,#1762,#1763,#1764,#1765,
#1766,#1767,#1768));
#1198=EDGE_LOOP('',(#1769,#1770,#1771,#1772,#1773,#1774,#1775,#1776,#1777,
#1778,#1779,#1780));
#1199=EDGE_LOOP('',(#1781,#1782,#1783,#1784));
#1200=EDGE_LOOP('',(#1785,#1786,#1787,#1788));
#1201=EDGE_LOOP('',(#1789,#1790,#1791,#1792));
#1202=EDGE_LOOP('',(#1793,#1794,#1795,#1796));
#1203=EDGE_LOOP('',(#1797,#1798,#1799,#1800));
#1204=EDGE_LOOP('',(#1801,#1802,#1803,#1804));
#1205=EDGE_LOOP('',(#1805,#1806,#1807,#1808));
#1206=EDGE_LOOP('',(#1809,#1810,#1811,#1812));
#1207=EDGE_LOOP('',(#1813,#1814,#1815,#1816));
#1208=EDGE_LOOP('',(#1817,#1818,#1819,#1820));
#1209=EDGE_LOOP('',(#1821,#1822,#1823,#1824));
#1210=EDGE_LOOP('',(#1825,#1826,#1827,#1828));
#1211=EDGE_LOOP('',(#1829,#1830,#1831,#1832));
#1212=EDGE_LOOP('',(#1833,#1834,#1835,#1836));
#1213=EDGE_LOOP('',(#1837,#1838,#1839,#1840));
#1214=EDGE_LOOP('',(#1841,#1842,#1843,#1844));
#1215=EDGE_LOOP('',(#1845,#1846,#1847,#1848));
#1216=EDGE_LOOP('',(#1849,#1850,#1851,#1852));
#1217=EDGE_LOOP('',(#1853,#1854,#1855,#1856,#1857));
#1218=EDGE_LOOP('',(#1858,#1859,#1860,#1861,#1862));
#1219=EDGE_LOOP('',(#1863,#1864,#1865,#1866,#1867));
#1220=EDGE_LOOP('',(#1868,#1869,#1870,#1871,#1872));
#1221=EDGE_LOOP('',(#1873,#1874,#1875,#1876,#1877));
#1222=EDGE_LOOP('',(#1878,#1879,#1880,#1881,#1882));
#1223=EDGE_LOOP('',(#1883,#1884,#1885,#1886,#1887));
#1224=EDGE_LOOP('',(#1888,#1889,#1890,#1891,#1892));
#1225=EDGE_LOOP('',(#1893,#1894,#1895,#1896,#1897));
#1226=EDGE_LOOP('',(#1898,#1899,#1900,#1901,#1902));
#1227=EDGE_LOOP('',(#1903,#1904,#1905,#1906,#1907));
#1228=EDGE_LOOP('',(#1908,#1909,#1910,#1911,#1912));
#1229=EDGE_LOOP('',(#1913,#1914,#1915,#1916));
#1230=EDGE_LOOP('',(#1917,#1918,#1919,#1920));
#1231=EDGE_LOOP('',(#1921,#1922,#1923,#1924));
#1232=EDGE_LOOP('',(#1925,#1926,#1927,#1928));
#1233=EDGE_LOOP('',(#1929,#1930,#1931,#1932));
#1234=EDGE_LOOP('',(#1933,#1934,#1935,#1936));
#1235=EDGE_LOOP('',(#1937,#1938,#1939,#1940));
#1236=EDGE_LOOP('',(#1941,#1942,#1943,#1944));
#1237=EDGE_LOOP('',(#1945,#1946,#1947,#1948));
#1238=EDGE_LOOP('',(#1949,#1950,#1951,#1952));
#1239=EDGE_LOOP('',(#1953,#1954,#1955,#1956));
#1240=EDGE_LOOP('',(#1957,#1958,#1959,#1960));
#1241=EDGE_LOOP('',(#1961,#1962,#1963,#1964));
#1242=EDGE_LOOP('',(#1965,#1966,#1967,#1968));
#1243=EDGE_LOOP('',(#1969,#1970,#1971,#1972));
#1244=EDGE_LOOP('',(#1973,#1974,#1975,#1976));
#1245=EDGE_LOOP('',(#1977,#1978,#1979,#1980));
#1246=EDGE_LOOP('',(#1981,#1982,#1983,#1984));
#1247=EDGE_LOOP('',(#1985,#1986,#1987,#1988));
#1248=EDGE_LOOP('',(#1989,#1990,#1991,#1992));
#1249=EDGE_LOOP('',(#1993,#1994,#1995,#1996));
#1250=EDGE_LOOP('',(#1997,#1998,#1999,#2000));
#1251=EDGE_LOOP('',(#2001,#2002,#2003,#2004));
#1252=EDGE_LOOP('',(#2005,#2006,#2007,#2008));
#1253=EDGE_LOOP('',(#2009,#2010,#2011));
#1254=EDGE_LOOP('',(#2012,#2013,#2014,#2015,#2016,#2017));
#1255=EDGE_LOOP('',(#2018,#2019,#2020));
#1256=EDGE_LOOP('',(#2021,#2022,#2023,#2024,#2025,#2026));
#1257=EDGE_LOOP('',(#2027,#2028,#2029,#2030));
#1258=EDGE_LOOP('',(#2031,#2032,#2033,#2034));
#1259=EDGE_LOOP('',(#2035,#2036,#2037,#2038,#2039));
#1260=EDGE_LOOP('',(#2040,#2041,#2042,#2043));
#1261=EDGE_LOOP('',(#2044,#2045,#2046,#2047));
#1262=EDGE_LOOP('',(#2048,#2049,#2050,#2051));
#1263=EDGE_LOOP('',(#2052,#2053,#2054,#2055));
#1264=EDGE_LOOP('',(#2056,#2057,#2058,#2059,#2060));
#1265=EDGE_LOOP('',(#2061,#2062,#2063,#2064));
#1266=EDGE_LOOP('',(#2065,#2066,#2067));
#1267=EDGE_LOOP('',(#2068,#2069,#2070,#2071,#2072,#2073));
#1268=EDGE_LOOP('',(#2074,#2075,#2076));
#1269=EDGE_LOOP('',(#2077,#2078,#2079,#2080,#2081,#2082));
#1270=EDGE_LOOP('',(#2083,#2084,#2085,#2086));
#1271=EDGE_LOOP('',(#2087,#2088,#2089,#2090));
#1272=EDGE_LOOP('',(#2091,#2092,#2093,#2094,#2095));
#1273=EDGE_LOOP('',(#2096,#2097,#2098,#2099));
#1274=EDGE_LOOP('',(#2100,#2101,#2102,#2103));
#1275=EDGE_LOOP('',(#2104,#2105,#2106,#2107));
#1276=EDGE_LOOP('',(#2108,#2109,#2110,#2111));
#1277=EDGE_LOOP('',(#2112,#2113,#2114,#2115,#2116));
#1278=EDGE_LOOP('',(#2117,#2118,#2119,#2120));
#1279=EDGE_LOOP('',(#2121,#2122,#2123,#2124,#2125));
#1280=EDGE_LOOP('',(#2126,#2127,#2128,#2129,#2130));
#1281=EDGE_LOOP('',(#2131,#2132,#2133));
#1282=EDGE_LOOP('',(#2134,#2135,#2136,#2137,#2138,#2139));
#1283=EDGE_LOOP('',(#2140,#2141,#2142));
#1284=EDGE_LOOP('',(#2143,#2144,#2145,#2146,#2147,#2148));
#1285=EDGE_LOOP('',(#2149,#2150,#2151,#2152));
#1286=EDGE_LOOP('',(#2153,#2154,#2155,#2156));
#1287=EDGE_LOOP('',(#2157,#2158,#2159,#2160,#2161));
#1288=EDGE_LOOP('',(#2162,#2163,#2164,#2165));
#1289=EDGE_LOOP('',(#2166,#2167,#2168,#2169));
#1290=EDGE_LOOP('',(#2170,#2171,#2172,#2173));
#1291=EDGE_LOOP('',(#2174,#2175,#2176,#2177));
#1292=EDGE_LOOP('',(#2178,#2179,#2180,#2181,#2182));
#1293=EDGE_LOOP('',(#2183,#2184,#2185,#2186));
#1294=EDGE_LOOP('',(#2187,#2188,#2189,#2190,#2191));
#1295=EDGE_LOOP('',(#2192,#2193,#2194,#2195,#2196));
#1296=EDGE_LOOP('',(#2197,#2198,#2199));
#1297=EDGE_LOOP('',(#2200,#2201,#2202,#2203,#2204,#2205));
#1298=EDGE_LOOP('',(#2206,#2207,#2208));
#1299=EDGE_LOOP('',(#2209,#2210,#2211,#2212,#2213,#2214));
#1300=EDGE_LOOP('',(#2215,#2216,#2217,#2218));
#1301=EDGE_LOOP('',(#2219,#2220,#2221,#2222));
#1302=EDGE_LOOP('',(#2223,#2224,#2225,#2226,#2227));
#1303=EDGE_LOOP('',(#2228,#2229,#2230,#2231));
#1304=EDGE_LOOP('',(#2232,#2233,#2234,#2235));
#1305=EDGE_LOOP('',(#2236,#2237,#2238,#2239));
#1306=EDGE_LOOP('',(#2240,#2241,#2242,#2243));
#1307=EDGE_LOOP('',(#2244,#2245,#2246,#2247,#2248));
#1308=EDGE_LOOP('',(#2249,#2250,#2251,#2252));
#1309=EDGE_LOOP('',(#2253,#2254,#2255,#2256,#2257));
#1310=EDGE_LOOP('',(#2258,#2259,#2260,#2261,#2262));
#1311=EDGE_LOOP('',(#2263,#2264,#2265));
#1312=EDGE_LOOP('',(#2266,#2267,#2268,#2269,#2270,#2271));
#1313=EDGE_LOOP('',(#2272,#2273,#2274));
#1314=EDGE_LOOP('',(#2275,#2276,#2277,#2278,#2279,#2280));
#1315=EDGE_LOOP('',(#2281,#2282,#2283,#2284));
#1316=EDGE_LOOP('',(#2285,#2286,#2287,#2288));
#1317=EDGE_LOOP('',(#2289,#2290,#2291,#2292,#2293));
#1318=EDGE_LOOP('',(#2294,#2295,#2296,#2297));
#1319=EDGE_LOOP('',(#2298,#2299,#2300,#2301));
#1320=EDGE_LOOP('',(#2302,#2303,#2304,#2305));
#1321=EDGE_LOOP('',(#2306,#2307,#2308,#2309));
#1322=EDGE_LOOP('',(#2310,#2311,#2312,#2313,#2314));
#1323=EDGE_LOOP('',(#2315,#2316,#2317,#2318));
#1324=EDGE_LOOP('',(#2319,#2320,#2321,#2322,#2323));
#1325=EDGE_LOOP('',(#2324,#2325,#2326,#2327,#2328));
#1326=EDGE_LOOP('',(#2329,#2330,#2331));
#1327=EDGE_LOOP('',(#2332,#2333,#2334,#2335,#2336,#2337));
#1328=EDGE_LOOP('',(#2338,#2339,#2340));
#1329=EDGE_LOOP('',(#2341,#2342,#2343,#2344,#2345,#2346));
#1330=EDGE_LOOP('',(#2347,#2348,#2349,#2350));
#1331=EDGE_LOOP('',(#2351,#2352,#2353,#2354));
#1332=EDGE_LOOP('',(#2355,#2356,#2357,#2358,#2359));
#1333=EDGE_LOOP('',(#2360,#2361,#2362,#2363));
#1334=EDGE_LOOP('',(#2364,#2365,#2366,#2367));
#1335=EDGE_LOOP('',(#2368,#2369,#2370,#2371));
#1336=EDGE_LOOP('',(#2372,#2373,#2374,#2375));
#1337=EDGE_LOOP('',(#2376,#2377,#2378,#2379,#2380));
#1338=EDGE_LOOP('',(#2381,#2382,#2383,#2384));
#1339=EDGE_LOOP('',(#2385,#2386,#2387,#2388,#2389));
#1340=EDGE_LOOP('',(#2390,#2391,#2392,#2393,#2394));
#1341=EDGE_LOOP('',(#2395,#2396,#2397,#2398,#2399));
#1342=EDGE_LOOP('',(#2400,#2401,#2402,#2403,#2404));
#1343=EDGE_LOOP('',(#2405));
#1344=EDGE_LOOP('',(#2406));
#1345=EDGE_LOOP('',(#2407));
#1346=ORIENTED_EDGE('',*,*,#2753,.F.);
#1347=ORIENTED_EDGE('',*,*,#2754,.T.);
#1348=ORIENTED_EDGE('',*,*,#2755,.T.);
#1349=ORIENTED_EDGE('',*,*,#2756,.F.);
#1350=ORIENTED_EDGE('',*,*,#2757,.T.);
#1351=ORIENTED_EDGE('',*,*,#2758,.F.);
#1352=ORIENTED_EDGE('',*,*,#2759,.T.);
#1353=ORIENTED_EDGE('',*,*,#2757,.F.);
#1354=ORIENTED_EDGE('',*,*,#2760,.T.);
#1355=ORIENTED_EDGE('',*,*,#2759,.F.);
#1356=ORIENTED_EDGE('',*,*,#2753,.T.);
#1357=ORIENTED_EDGE('',*,*,#2760,.F.);
#1358=ORIENTED_EDGE('',*,*,#2761,.T.);
#1359=ORIENTED_EDGE('',*,*,#2755,.F.);
#1360=ORIENTED_EDGE('',*,*,#2758,.T.);
#1361=ORIENTED_EDGE('',*,*,#2761,.F.);
#1362=ORIENTED_EDGE('',*,*,#2762,.F.);
#1363=ORIENTED_EDGE('',*,*,#2763,.T.);
#1364=ORIENTED_EDGE('',*,*,#2764,.T.);
#1365=ORIENTED_EDGE('',*,*,#2763,.F.);
#1366=ORIENTED_EDGE('',*,*,#2765,.T.);
#1367=ORIENTED_EDGE('',*,*,#2764,.F.);
#1368=ORIENTED_EDGE('',*,*,#2766,.T.);
#1369=ORIENTED_EDGE('',*,*,#2765,.F.);
#1370=ORIENTED_EDGE('',*,*,#2767,.T.);
#1371=ORIENTED_EDGE('',*,*,#2766,.F.);
#1372=ORIENTED_EDGE('',*,*,#2768,.T.);
#1373=ORIENTED_EDGE('',*,*,#2767,.F.);
#1374=ORIENTED_EDGE('',*,*,#2769,.T.);
#1375=ORIENTED_EDGE('',*,*,#2768,.F.);
#1376=ORIENTED_EDGE('',*,*,#2770,.T.);
#1377=ORIENTED_EDGE('',*,*,#2769,.F.);
#1378=ORIENTED_EDGE('',*,*,#2771,.T.);
#1379=ORIENTED_EDGE('',*,*,#2770,.F.);
#1380=ORIENTED_EDGE('',*,*,#2756,.T.);
#1381=ORIENTED_EDGE('',*,*,#2771,.F.);
#1382=ORIENTED_EDGE('',*,*,#2754,.F.);
#1383=ORIENTED_EDGE('',*,*,#2772,.F.);
#1384=ORIENTED_EDGE('',*,*,#2772,.T.);
#1385=ORIENTED_EDGE('',*,*,#2773,.F.);
#1386=ORIENTED_EDGE('',*,*,#2774,.T.);
#1387=ORIENTED_EDGE('',*,*,#2775,.T.);
#1388=ORIENTED_EDGE('',*,*,#2776,.T.);
#1389=ORIENTED_EDGE('',*,*,#2774,.F.);
#1390=ORIENTED_EDGE('',*,*,#2777,.T.);
#1391=ORIENTED_EDGE('',*,*,#2776,.F.);
#1392=ORIENTED_EDGE('',*,*,#2778,.T.);
#1393=ORIENTED_EDGE('',*,*,#2777,.F.);
#1394=ORIENTED_EDGE('',*,*,#2779,.T.);
#1395=ORIENTED_EDGE('',*,*,#2778,.F.);
#1396=ORIENTED_EDGE('',*,*,#2780,.T.);
#1397=ORIENTED_EDGE('',*,*,#2779,.F.);
#1398=ORIENTED_EDGE('',*,*,#2781,.T.);
#1399=ORIENTED_EDGE('',*,*,#2780,.F.);
#1400=ORIENTED_EDGE('',*,*,#2782,.T.);
#1401=ORIENTED_EDGE('',*,*,#2781,.F.);
#1402=ORIENTED_EDGE('',*,*,#2783,.T.);
#1403=ORIENTED_EDGE('',*,*,#2782,.F.);
#1404=ORIENTED_EDGE('',*,*,#2784,.T.);
#1405=ORIENTED_EDGE('',*,*,#2783,.F.);
#1406=ORIENTED_EDGE('',*,*,#2785,.T.);
#1407=ORIENTED_EDGE('',*,*,#2784,.F.);
#1408=ORIENTED_EDGE('',*,*,#2786,.T.);
#1409=ORIENTED_EDGE('',*,*,#2785,.F.);
#1410=ORIENTED_EDGE('',*,*,#2787,.T.);
#1411=ORIENTED_EDGE('',*,*,#2786,.F.);
#1412=ORIENTED_EDGE('',*,*,#2773,.T.);
#1413=ORIENTED_EDGE('',*,*,#2787,.F.);
#1414=ORIENTED_EDGE('',*,*,#2788,.T.);
#1415=ORIENTED_EDGE('',*,*,#2775,.F.);
#1416=ORIENTED_EDGE('',*,*,#2788,.F.);
#1417=ORIENTED_EDGE('',*,*,#2789,.T.);
#1418=ORIENTED_EDGE('',*,*,#2790,.T.);
#1419=ORIENTED_EDGE('',*,*,#2791,.T.);
#1420=ORIENTED_EDGE('',*,*,#2792,.T.);
#1421=ORIENTED_EDGE('',*,*,#2793,.T.);
#1422=ORIENTED_EDGE('',*,*,#2794,.F.);
#1423=ORIENTED_EDGE('',*,*,#2795,.F.);
#1424=ORIENTED_EDGE('',*,*,#2796,.T.);
#1425=ORIENTED_EDGE('',*,*,#2797,.F.);
#1426=ORIENTED_EDGE('',*,*,#2798,.F.);
#1427=ORIENTED_EDGE('',*,*,#2799,.F.);
#1428=ORIENTED_EDGE('',*,*,#2800,.F.);
#1429=ORIENTED_EDGE('',*,*,#2801,.T.);
#1430=ORIENTED_EDGE('',*,*,#2802,.F.);
#1431=ORIENTED_EDGE('',*,*,#2803,.T.);
#1432=ORIENTED_EDGE('',*,*,#2804,.T.);
#1433=ORIENTED_EDGE('',*,*,#2805,.T.);
#1434=ORIENTED_EDGE('',*,*,#2806,.T.);
#1435=ORIENTED_EDGE('',*,*,#2807,.T.);
#1436=ORIENTED_EDGE('',*,*,#2808,.T.);
#1437=ORIENTED_EDGE('',*,*,#2809,.F.);
#1438=ORIENTED_EDGE('',*,*,#2810,.F.);
#1439=ORIENTED_EDGE('',*,*,#2811,.T.);
#1440=ORIENTED_EDGE('',*,*,#2812,.F.);
#1441=ORIENTED_EDGE('',*,*,#2813,.F.);
#1442=ORIENTED_EDGE('',*,*,#2814,.F.);
#1443=ORIENTED_EDGE('',*,*,#2815,.F.);
#1444=ORIENTED_EDGE('',*,*,#2816,.T.);
#1445=ORIENTED_EDGE('',*,*,#2817,.F.);
#1446=ORIENTED_EDGE('',*,*,#2818,.F.);
#1447=ORIENTED_EDGE('',*,*,#2819,.T.);
#1448=ORIENTED_EDGE('',*,*,#2820,.T.);
#1449=ORIENTED_EDGE('',*,*,#2821,.T.);
#1450=ORIENTED_EDGE('',*,*,#2822,.T.);
#1451=ORIENTED_EDGE('',*,*,#2823,.T.);
#1452=ORIENTED_EDGE('',*,*,#2824,.F.);
#1453=ORIENTED_EDGE('',*,*,#2825,.F.);
#1454=ORIENTED_EDGE('',*,*,#2826,.T.);
#1455=ORIENTED_EDGE('',*,*,#2827,.F.);
#1456=ORIENTED_EDGE('',*,*,#2828,.F.);
#1457=ORIENTED_EDGE('',*,*,#2829,.F.);
#1458=ORIENTED_EDGE('',*,*,#2830,.F.);
#1459=ORIENTED_EDGE('',*,*,#2831,.T.);
#1460=ORIENTED_EDGE('',*,*,#2832,.F.);
#1461=ORIENTED_EDGE('',*,*,#2833,.F.);
#1462=ORIENTED_EDGE('',*,*,#2834,.T.);
#1463=ORIENTED_EDGE('',*,*,#2835,.T.);
#1464=ORIENTED_EDGE('',*,*,#2836,.T.);
#1465=ORIENTED_EDGE('',*,*,#2837,.T.);
#1466=ORIENTED_EDGE('',*,*,#2838,.T.);
#1467=ORIENTED_EDGE('',*,*,#2839,.F.);
#1468=ORIENTED_EDGE('',*,*,#2840,.F.);
#1469=ORIENTED_EDGE('',*,*,#2841,.T.);
#1470=ORIENTED_EDGE('',*,*,#2842,.F.);
#1471=ORIENTED_EDGE('',*,*,#2843,.F.);
#1472=ORIENTED_EDGE('',*,*,#2844,.F.);
#1473=ORIENTED_EDGE('',*,*,#2845,.F.);
#1474=ORIENTED_EDGE('',*,*,#2846,.T.);
#1475=ORIENTED_EDGE('',*,*,#2847,.F.);
#1476=ORIENTED_EDGE('',*,*,#2848,.T.);
#1477=ORIENTED_EDGE('',*,*,#2849,.T.);
#1478=ORIENTED_EDGE('',*,*,#2850,.T.);
#1479=ORIENTED_EDGE('',*,*,#2851,.T.);
#1480=ORIENTED_EDGE('',*,*,#2852,.T.);
#1481=ORIENTED_EDGE('',*,*,#2853,.T.);
#1482=ORIENTED_EDGE('',*,*,#2854,.F.);
#1483=ORIENTED_EDGE('',*,*,#2855,.F.);
#1484=ORIENTED_EDGE('',*,*,#2856,.T.);
#1485=ORIENTED_EDGE('',*,*,#2857,.F.);
#1486=ORIENTED_EDGE('',*,*,#2858,.F.);
#1487=ORIENTED_EDGE('',*,*,#2859,.F.);
#1488=ORIENTED_EDGE('',*,*,#2860,.F.);
#1489=ORIENTED_EDGE('',*,*,#2861,.T.);
#1490=ORIENTED_EDGE('',*,*,#2862,.F.);
#1491=ORIENTED_EDGE('',*,*,#2863,.F.);
#1492=ORIENTED_EDGE('',*,*,#2864,.T.);
#1493=ORIENTED_EDGE('',*,*,#2865,.T.);
#1494=ORIENTED_EDGE('',*,*,#2866,.T.);
#1495=ORIENTED_EDGE('',*,*,#2867,.T.);
#1496=ORIENTED_EDGE('',*,*,#2868,.T.);
#1497=ORIENTED_EDGE('',*,*,#2869,.F.);
#1498=ORIENTED_EDGE('',*,*,#2870,.F.);
#1499=ORIENTED_EDGE('',*,*,#2871,.T.);
#1500=ORIENTED_EDGE('',*,*,#2872,.F.);
#1501=ORIENTED_EDGE('',*,*,#2873,.F.);
#1502=ORIENTED_EDGE('',*,*,#2874,.F.);
#1503=ORIENTED_EDGE('',*,*,#2875,.F.);
#1504=ORIENTED_EDGE('',*,*,#2876,.T.);
#1505=ORIENTED_EDGE('',*,*,#2877,.F.);
#1506=ORIENTED_EDGE('',*,*,#2878,.F.);
#1507=ORIENTED_EDGE('',*,*,#2877,.T.);
#1508=ORIENTED_EDGE('',*,*,#2879,.T.);
#1509=ORIENTED_EDGE('',*,*,#2880,.F.);
#1510=ORIENTED_EDGE('',*,*,#2881,.F.);
#1511=ORIENTED_EDGE('',*,*,#2882,.F.);
#1512=ORIENTED_EDGE('',*,*,#2883,.F.);
#1513=ORIENTED_EDGE('',*,*,#2884,.F.);
#1514=ORIENTED_EDGE('',*,*,#2885,.T.);
#1515=ORIENTED_EDGE('',*,*,#2870,.T.);
#1516=ORIENTED_EDGE('',*,*,#2886,.F.);
#1517=ORIENTED_EDGE('',*,*,#2862,.T.);
#1518=ORIENTED_EDGE('',*,*,#2887,.T.);
#1519=ORIENTED_EDGE('',*,*,#2888,.F.);
#1520=ORIENTED_EDGE('',*,*,#2889,.F.);
#1521=ORIENTED_EDGE('',*,*,#2890,.F.);
#1522=ORIENTED_EDGE('',*,*,#2891,.F.);
#1523=ORIENTED_EDGE('',*,*,#2892,.F.);
#1524=ORIENTED_EDGE('',*,*,#2893,.T.);
#1525=ORIENTED_EDGE('',*,*,#2855,.T.);
#1526=ORIENTED_EDGE('',*,*,#2894,.F.);
#1527=ORIENTED_EDGE('',*,*,#2847,.T.);
#1528=ORIENTED_EDGE('',*,*,#2895,.T.);
#1529=ORIENTED_EDGE('',*,*,#2896,.F.);
#1530=ORIENTED_EDGE('',*,*,#2897,.F.);
#1531=ORIENTED_EDGE('',*,*,#2898,.F.);
#1532=ORIENTED_EDGE('',*,*,#2899,.F.);
#1533=ORIENTED_EDGE('',*,*,#2900,.F.);
#1534=ORIENTED_EDGE('',*,*,#2901,.T.);
#1535=ORIENTED_EDGE('',*,*,#2840,.T.);
#1536=ORIENTED_EDGE('',*,*,#2902,.F.);
#1537=ORIENTED_EDGE('',*,*,#2832,.T.);
#1538=ORIENTED_EDGE('',*,*,#2903,.T.);
#1539=ORIENTED_EDGE('',*,*,#2904,.F.);
#1540=ORIENTED_EDGE('',*,*,#2905,.F.);
#1541=ORIENTED_EDGE('',*,*,#2906,.F.);
#1542=ORIENTED_EDGE('',*,*,#2907,.F.);
#1543=ORIENTED_EDGE('',*,*,#2908,.F.);
#1544=ORIENTED_EDGE('',*,*,#2909,.T.);
#1545=ORIENTED_EDGE('',*,*,#2825,.T.);
#1546=ORIENTED_EDGE('',*,*,#2910,.F.);
#1547=ORIENTED_EDGE('',*,*,#2817,.T.);
#1548=ORIENTED_EDGE('',*,*,#2911,.T.);
#1549=ORIENTED_EDGE('',*,*,#2912,.F.);
#1550=ORIENTED_EDGE('',*,*,#2913,.F.);
#1551=ORIENTED_EDGE('',*,*,#2914,.F.);
#1552=ORIENTED_EDGE('',*,*,#2915,.F.);
#1553=ORIENTED_EDGE('',*,*,#2916,.F.);
#1554=ORIENTED_EDGE('',*,*,#2917,.T.);
#1555=ORIENTED_EDGE('',*,*,#2810,.T.);
#1556=ORIENTED_EDGE('',*,*,#2918,.F.);
#1557=ORIENTED_EDGE('',*,*,#2802,.T.);
#1558=ORIENTED_EDGE('',*,*,#2919,.T.);
#1559=ORIENTED_EDGE('',*,*,#2920,.F.);
#1560=ORIENTED_EDGE('',*,*,#2921,.F.);
#1561=ORIENTED_EDGE('',*,*,#2922,.F.);
#1562=ORIENTED_EDGE('',*,*,#2923,.F.);
#1563=ORIENTED_EDGE('',*,*,#2924,.F.);
#1564=ORIENTED_EDGE('',*,*,#2925,.T.);
#1565=ORIENTED_EDGE('',*,*,#2795,.T.);
#1566=ORIENTED_EDGE('',*,*,#2926,.F.);
#1567=ORIENTED_EDGE('',*,*,#2927,.F.);
#1568=ORIENTED_EDGE('',*,*,#2928,.F.);
#1569=ORIENTED_EDGE('',*,*,#2927,.T.);
#1570=ORIENTED_EDGE('',*,*,#2928,.T.);
#1571=ORIENTED_EDGE('',*,*,#2929,.F.);
#1572=ORIENTED_EDGE('',*,*,#2930,.T.);
#1573=ORIENTED_EDGE('',*,*,#2931,.F.);
#1574=ORIENTED_EDGE('',*,*,#2932,.T.);
#1575=ORIENTED_EDGE('',*,*,#2933,.F.);
#1576=ORIENTED_EDGE('',*,*,#2934,.T.);
#1577=ORIENTED_EDGE('',*,*,#2935,.F.);
#1578=ORIENTED_EDGE('',*,*,#2936,.T.);
#1579=ORIENTED_EDGE('',*,*,#2937,.F.);
#1580=ORIENTED_EDGE('',*,*,#2938,.T.);
#1581=ORIENTED_EDGE('',*,*,#2939,.F.);
#1582=ORIENTED_EDGE('',*,*,#2940,.T.);
#1583=ORIENTED_EDGE('',*,*,#2939,.T.);
#1584=ORIENTED_EDGE('',*,*,#2941,.T.);
#1585=ORIENTED_EDGE('',*,*,#2942,.F.);
#1586=ORIENTED_EDGE('',*,*,#2943,.T.);
#1587=ORIENTED_EDGE('',*,*,#2937,.T.);
#1588=ORIENTED_EDGE('',*,*,#2944,.T.);
#1589=ORIENTED_EDGE('',*,*,#2945,.F.);
#1590=ORIENTED_EDGE('',*,*,#2946,.T.);
#1591=ORIENTED_EDGE('',*,*,#2935,.T.);
#1592=ORIENTED_EDGE('',*,*,#2947,.T.);
#1593=ORIENTED_EDGE('',*,*,#2948,.F.);
#1594=ORIENTED_EDGE('',*,*,#2949,.T.);
#1595=ORIENTED_EDGE('',*,*,#2933,.T.);
#1596=ORIENTED_EDGE('',*,*,#2950,.T.);
#1597=ORIENTED_EDGE('',*,*,#2951,.F.);
#1598=ORIENTED_EDGE('',*,*,#2952,.T.);
#1599=ORIENTED_EDGE('',*,*,#2953,.F.);
#1600=ORIENTED_EDGE('',*,*,#2954,.T.);
#1601=ORIENTED_EDGE('',*,*,#2929,.T.);
#1602=ORIENTED_EDGE('',*,*,#2955,.T.);
#1603=ORIENTED_EDGE('',*,*,#2931,.T.);
#1604=ORIENTED_EDGE('',*,*,#2956,.T.);
#1605=ORIENTED_EDGE('',*,*,#2957,.F.);
#1606=ORIENTED_EDGE('',*,*,#2958,.T.);
#1607=ORIENTED_EDGE('',*,*,#2959,.T.);
#1608=ORIENTED_EDGE('',*,*,#2960,.T.);
#1609=ORIENTED_EDGE('',*,*,#2961,.T.);
#1610=ORIENTED_EDGE('',*,*,#2962,.F.);
#1611=ORIENTED_EDGE('',*,*,#2955,.F.);
#1612=ORIENTED_EDGE('',*,*,#2940,.F.);
#1613=ORIENTED_EDGE('',*,*,#2943,.F.);
#1614=ORIENTED_EDGE('',*,*,#2963,.F.);
#1615=ORIENTED_EDGE('',*,*,#2964,.T.);
#1616=ORIENTED_EDGE('',*,*,#2965,.T.);
#1617=ORIENTED_EDGE('',*,*,#2966,.T.);
#1618=ORIENTED_EDGE('',*,*,#2967,.T.);
#1619=ORIENTED_EDGE('',*,*,#2968,.F.);
#1620=ORIENTED_EDGE('',*,*,#2941,.F.);
#1621=ORIENTED_EDGE('',*,*,#2938,.F.);
#1622=ORIENTED_EDGE('',*,*,#2946,.F.);
#1623=ORIENTED_EDGE('',*,*,#2969,.F.);
#1624=ORIENTED_EDGE('',*,*,#2970,.T.);
#1625=ORIENTED_EDGE('',*,*,#2971,.T.);
#1626=ORIENTED_EDGE('',*,*,#2972,.T.);
#1627=ORIENTED_EDGE('',*,*,#2973,.T.);
#1628=ORIENTED_EDGE('',*,*,#2974,.F.);
#1629=ORIENTED_EDGE('',*,*,#2944,.F.);
#1630=ORIENTED_EDGE('',*,*,#2936,.F.);
#1631=ORIENTED_EDGE('',*,*,#2949,.F.);
#1632=ORIENTED_EDGE('',*,*,#2975,.F.);
#1633=ORIENTED_EDGE('',*,*,#2976,.T.);
#1634=ORIENTED_EDGE('',*,*,#2977,.T.);
#1635=ORIENTED_EDGE('',*,*,#2978,.T.);
#1636=ORIENTED_EDGE('',*,*,#2979,.T.);
#1637=ORIENTED_EDGE('',*,*,#2980,.F.);
#1638=ORIENTED_EDGE('',*,*,#2947,.F.);
#1639=ORIENTED_EDGE('',*,*,#2934,.F.);
#1640=ORIENTED_EDGE('',*,*,#2952,.F.);
#1641=ORIENTED_EDGE('',*,*,#2981,.F.);
#1642=ORIENTED_EDGE('',*,*,#2982,.T.);
#1643=ORIENTED_EDGE('',*,*,#2983,.T.);
#1644=ORIENTED_EDGE('',*,*,#2984,.T.);
#1645=ORIENTED_EDGE('',*,*,#2985,.T.);
#1646=ORIENTED_EDGE('',*,*,#2986,.F.);
#1647=ORIENTED_EDGE('',*,*,#2950,.F.);
#1648=ORIENTED_EDGE('',*,*,#2932,.F.);
#1649=ORIENTED_EDGE('',*,*,#2958,.F.);
#1650=ORIENTED_EDGE('',*,*,#2987,.F.);
#1651=ORIENTED_EDGE('',*,*,#2988,.T.);
#1652=ORIENTED_EDGE('',*,*,#2989,.T.);
#1653=ORIENTED_EDGE('',*,*,#2990,.T.);
#1654=ORIENTED_EDGE('',*,*,#2991,.T.);
#1655=ORIENTED_EDGE('',*,*,#2992,.F.);
#1656=ORIENTED_EDGE('',*,*,#2956,.F.);
#1657=ORIENTED_EDGE('',*,*,#2930,.F.);
#1658=ORIENTED_EDGE('',*,*,#2954,.F.);
#1659=ORIENTED_EDGE('',*,*,#2993,.F.);
#1660=ORIENTED_EDGE('',*,*,#2994,.T.);
#1661=ORIENTED_EDGE('',*,*,#2995,.T.);
#1662=ORIENTED_EDGE('',*,*,#2996,.F.);
#1663=ORIENTED_EDGE('',*,*,#2988,.F.);
#1664=ORIENTED_EDGE('',*,*,#2997,.F.);
#1665=ORIENTED_EDGE('',*,*,#2985,.F.);
#1666=ORIENTED_EDGE('',*,*,#2998,.F.);
#1667=ORIENTED_EDGE('',*,*,#2999,.T.);
#1668=ORIENTED_EDGE('',*,*,#3000,.F.);
#1669=ORIENTED_EDGE('',*,*,#3001,.T.);
#1670=ORIENTED_EDGE('',*,*,#3002,.F.);
#1671=ORIENTED_EDGE('',*,*,#2982,.F.);
#1672=ORIENTED_EDGE('',*,*,#3003,.F.);
#1673=ORIENTED_EDGE('',*,*,#2979,.F.);
#1674=ORIENTED_EDGE('',*,*,#3004,.F.);
#1675=ORIENTED_EDGE('',*,*,#3005,.T.);
#1676=ORIENTED_EDGE('',*,*,#3006,.F.);
#1677=ORIENTED_EDGE('',*,*,#3007,.T.);
#1678=ORIENTED_EDGE('',*,*,#3008,.F.);
#1679=ORIENTED_EDGE('',*,*,#2976,.F.);
#1680=ORIENTED_EDGE('',*,*,#3009,.F.);
#1681=ORIENTED_EDGE('',*,*,#2973,.F.);
#1682=ORIENTED_EDGE('',*,*,#3010,.F.);
#1683=ORIENTED_EDGE('',*,*,#3011,.T.);
#1684=ORIENTED_EDGE('',*,*,#3012,.F.);
#1685=ORIENTED_EDGE('',*,*,#3013,.T.);
#1686=ORIENTED_EDGE('',*,*,#3014,.F.);
#1687=ORIENTED_EDGE('',*,*,#2970,.F.);
#1688=ORIENTED_EDGE('',*,*,#3015,.F.);
#1689=ORIENTED_EDGE('',*,*,#2967,.F.);
#1690=ORIENTED_EDGE('',*,*,#3016,.F.);
#1691=ORIENTED_EDGE('',*,*,#3017,.T.);
#1692=ORIENTED_EDGE('',*,*,#3018,.F.);
#1693=ORIENTED_EDGE('',*,*,#3019,.T.);
#1694=ORIENTED_EDGE('',*,*,#3020,.F.);
#1695=ORIENTED_EDGE('',*,*,#2964,.F.);
#1696=ORIENTED_EDGE('',*,*,#3021,.F.);
#1697=ORIENTED_EDGE('',*,*,#2961,.F.);
#1698=ORIENTED_EDGE('',*,*,#3022,.F.);
#1699=ORIENTED_EDGE('',*,*,#3023,.T.);
#1700=ORIENTED_EDGE('',*,*,#3024,.F.);
#1701=ORIENTED_EDGE('',*,*,#3025,.T.);
#1702=ORIENTED_EDGE('',*,*,#3026,.F.);
#1703=ORIENTED_EDGE('',*,*,#2994,.F.);
#1704=ORIENTED_EDGE('',*,*,#3027,.F.);
#1705=ORIENTED_EDGE('',*,*,#2991,.F.);
#1706=ORIENTED_EDGE('',*,*,#3028,.F.);
#1707=ORIENTED_EDGE('',*,*,#3029,.T.);
#1708=ORIENTED_EDGE('',*,*,#3030,.F.);
#1709=ORIENTED_EDGE('',*,*,#3031,.T.);
#1710=ORIENTED_EDGE('',*,*,#3032,.T.);
#1711=ORIENTED_EDGE('',*,*,#3033,.T.);
#1712=ORIENTED_EDGE('',*,*,#3034,.T.);
#1713=ORIENTED_EDGE('',*,*,#3035,.F.);
#1714=ORIENTED_EDGE('',*,*,#3021,.T.);
#1715=ORIENTED_EDGE('',*,*,#2963,.T.);
#1716=ORIENTED_EDGE('',*,*,#2942,.T.);
#1717=ORIENTED_EDGE('',*,*,#2968,.T.);
#1718=ORIENTED_EDGE('',*,*,#3018,.T.);
#1719=ORIENTED_EDGE('',*,*,#3036,.F.);
#1720=ORIENTED_EDGE('',*,*,#3037,.T.);
#1721=ORIENTED_EDGE('',*,*,#3038,.T.);
#1722=ORIENTED_EDGE('',*,*,#3039,.T.);
#1723=ORIENTED_EDGE('',*,*,#3040,.T.);
#1724=ORIENTED_EDGE('',*,*,#3041,.T.);
#1725=ORIENTED_EDGE('',*,*,#3042,.F.);
#1726=ORIENTED_EDGE('',*,*,#3015,.T.);
#1727=ORIENTED_EDGE('',*,*,#2969,.T.);
#1728=ORIENTED_EDGE('',*,*,#2945,.T.);
#1729=ORIENTED_EDGE('',*,*,#2974,.T.);
#1730=ORIENTED_EDGE('',*,*,#3012,.T.);
#1731=ORIENTED_EDGE('',*,*,#3043,.F.);
#1732=ORIENTED_EDGE('',*,*,#3044,.T.);
#1733=ORIENTED_EDGE('',*,*,#3045,.T.);
#1734=ORIENTED_EDGE('',*,*,#3046,.T.);
#1735=ORIENTED_EDGE('',*,*,#3047,.T.);
#1736=ORIENTED_EDGE('',*,*,#3048,.T.);
#1737=ORIENTED_EDGE('',*,*,#3049,.F.);
#1738=ORIENTED_EDGE('',*,*,#3009,.T.);
#1739=ORIENTED_EDGE('',*,*,#2975,.T.);
#1740=ORIENTED_EDGE('',*,*,#2948,.T.);
#1741=ORIENTED_EDGE('',*,*,#2980,.T.);
#1742=ORIENTED_EDGE('',*,*,#3006,.T.);
#1743=ORIENTED_EDGE('',*,*,#3050,.F.);
#1744=ORIENTED_EDGE('',*,*,#3051,.T.);
#1745=ORIENTED_EDGE('',*,*,#3052,.T.);
#1746=ORIENTED_EDGE('',*,*,#3053,.T.);
#1747=ORIENTED_EDGE('',*,*,#3054,.T.);
#1748=ORIENTED_EDGE('',*,*,#3055,.T.);
#1749=ORIENTED_EDGE('',*,*,#3056,.F.);
#1750=ORIENTED_EDGE('',*,*,#3003,.T.);
#1751=ORIENTED_EDGE('',*,*,#2981,.T.);
#1752=ORIENTED_EDGE('',*,*,#2951,.T.);
#1753=ORIENTED_EDGE('',*,*,#2986,.T.);
#1754=ORIENTED_EDGE('',*,*,#3000,.T.);
#1755=ORIENTED_EDGE('',*,*,#3057,.F.);
#1756=ORIENTED_EDGE('',*,*,#3058,.T.);
#1757=ORIENTED_EDGE('',*,*,#3059,.T.);
#1758=ORIENTED_EDGE('',*,*,#3060,.T.);
#1759=ORIENTED_EDGE('',*,*,#3061,.T.);
#1760=ORIENTED_EDGE('',*,*,#3062,.T.);
#1761=ORIENTED_EDGE('',*,*,#3063,.F.);
#1762=ORIENTED_EDGE('',*,*,#3027,.T.);
#1763=ORIENTED_EDGE('',*,*,#2993,.T.);
#1764=ORIENTED_EDGE('',*,*,#2953,.T.);
#1765=ORIENTED_EDGE('',*,*,#2962,.T.);
#1766=ORIENTED_EDGE('',*,*,#3024,.T.);
#1767=ORIENTED_EDGE('',*,*,#3064,.F.);
#1768=ORIENTED_EDGE('',*,*,#3065,.T.);
#1769=ORIENTED_EDGE('',*,*,#3066,.T.);
#1770=ORIENTED_EDGE('',*,*,#3067,.T.);
#1771=ORIENTED_EDGE('',*,*,#3068,.T.);
#1772=ORIENTED_EDGE('',*,*,#3069,.T.);
#1773=ORIENTED_EDGE('',*,*,#3070,.F.);
#1774=ORIENTED_EDGE('',*,*,#2997,.T.);
#1775=ORIENTED_EDGE('',*,*,#2987,.T.);
#1776=ORIENTED_EDGE('',*,*,#2957,.T.);
#1777=ORIENTED_EDGE('',*,*,#2992,.T.);
#1778=ORIENTED_EDGE('',*,*,#3030,.T.);
#1779=ORIENTED_EDGE('',*,*,#3071,.F.);
#1780=ORIENTED_EDGE('',*,*,#3072,.T.);
#1781=ORIENTED_EDGE('',*,*,#3073,.T.);
#1782=ORIENTED_EDGE('',*,*,#3052,.F.);
#1783=ORIENTED_EDGE('',*,*,#3074,.F.);
#1784=ORIENTED_EDGE('',*,*,#3075,.F.);
#1785=ORIENTED_EDGE('',*,*,#3076,.T.);
#1786=ORIENTED_EDGE('',*,*,#3053,.F.);
#1787=ORIENTED_EDGE('',*,*,#3073,.F.);
#1788=ORIENTED_EDGE('',*,*,#3077,.F.);
#1789=ORIENTED_EDGE('',*,*,#3078,.T.);
#1790=ORIENTED_EDGE('',*,*,#3054,.F.);
#1791=ORIENTED_EDGE('',*,*,#3076,.F.);
#1792=ORIENTED_EDGE('',*,*,#3079,.F.);
#1793=ORIENTED_EDGE('',*,*,#3080,.T.);
#1794=ORIENTED_EDGE('',*,*,#3045,.F.);
#1795=ORIENTED_EDGE('',*,*,#3081,.F.);
#1796=ORIENTED_EDGE('',*,*,#3082,.F.);
#1797=ORIENTED_EDGE('',*,*,#3083,.T.);
#1798=ORIENTED_EDGE('',*,*,#3046,.F.);
#1799=ORIENTED_EDGE('',*,*,#3080,.F.);
#1800=ORIENTED_EDGE('',*,*,#3084,.F.);
#1801=ORIENTED_EDGE('',*,*,#3085,.T.);
#1802=ORIENTED_EDGE('',*,*,#3047,.F.);
#1803=ORIENTED_EDGE('',*,*,#3083,.F.);
#1804=ORIENTED_EDGE('',*,*,#3086,.F.);
#1805=ORIENTED_EDGE('',*,*,#3087,.T.);
#1806=ORIENTED_EDGE('',*,*,#3038,.F.);
#1807=ORIENTED_EDGE('',*,*,#3088,.F.);
#1808=ORIENTED_EDGE('',*,*,#3089,.F.);
#1809=ORIENTED_EDGE('',*,*,#3090,.T.);
#1810=ORIENTED_EDGE('',*,*,#3039,.F.);
#1811=ORIENTED_EDGE('',*,*,#3087,.F.);
#1812=ORIENTED_EDGE('',*,*,#3091,.F.);
#1813=ORIENTED_EDGE('',*,*,#3092,.T.);
#1814=ORIENTED_EDGE('',*,*,#3040,.F.);
#1815=ORIENTED_EDGE('',*,*,#3090,.F.);
#1816=ORIENTED_EDGE('',*,*,#3093,.F.);
#1817=ORIENTED_EDGE('',*,*,#3094,.T.);
#1818=ORIENTED_EDGE('',*,*,#3031,.F.);
#1819=ORIENTED_EDGE('',*,*,#3095,.F.);
#1820=ORIENTED_EDGE('',*,*,#3096,.F.);
#1821=ORIENTED_EDGE('',*,*,#3097,.T.);
#1822=ORIENTED_EDGE('',*,*,#3032,.F.);
#1823=ORIENTED_EDGE('',*,*,#3094,.F.);
#1824=ORIENTED_EDGE('',*,*,#3098,.F.);
#1825=ORIENTED_EDGE('',*,*,#3099,.T.);
#1826=ORIENTED_EDGE('',*,*,#3033,.F.);
#1827=ORIENTED_EDGE('',*,*,#3097,.F.);
#1828=ORIENTED_EDGE('',*,*,#3100,.F.);
#1829=ORIENTED_EDGE('',*,*,#3101,.T.);
#1830=ORIENTED_EDGE('',*,*,#3059,.F.);
#1831=ORIENTED_EDGE('',*,*,#3102,.F.);
#1832=ORIENTED_EDGE('',*,*,#3103,.F.);
#1833=ORIENTED_EDGE('',*,*,#3104,.T.);
#1834=ORIENTED_EDGE('',*,*,#3060,.F.);
#1835=ORIENTED_EDGE('',*,*,#3101,.F.);
#1836=ORIENTED_EDGE('',*,*,#3105,.F.);
#1837=ORIENTED_EDGE('',*,*,#3106,.T.);
#1838=ORIENTED_EDGE('',*,*,#3061,.F.);
#1839=ORIENTED_EDGE('',*,*,#3104,.F.);
#1840=ORIENTED_EDGE('',*,*,#3107,.F.);
#1841=ORIENTED_EDGE('',*,*,#3108,.T.);
#1842=ORIENTED_EDGE('',*,*,#3066,.F.);
#1843=ORIENTED_EDGE('',*,*,#3109,.F.);
#1844=ORIENTED_EDGE('',*,*,#3110,.F.);
#1845=ORIENTED_EDGE('',*,*,#3111,.T.);
#1846=ORIENTED_EDGE('',*,*,#3067,.F.);
#1847=ORIENTED_EDGE('',*,*,#3108,.F.);
#1848=ORIENTED_EDGE('',*,*,#3112,.F.);
#1849=ORIENTED_EDGE('',*,*,#3113,.T.);
#1850=ORIENTED_EDGE('',*,*,#3068,.F.);
#1851=ORIENTED_EDGE('',*,*,#3111,.F.);
#1852=ORIENTED_EDGE('',*,*,#3114,.F.);
#1853=ORIENTED_EDGE('',*,*,#2960,.F.);
#1854=ORIENTED_EDGE('',*,*,#3115,.F.);
#1855=ORIENTED_EDGE('',*,*,#3116,.F.);
#1856=ORIENTED_EDGE('',*,*,#3117,.T.);
#1857=ORIENTED_EDGE('',*,*,#3022,.T.);
#1858=ORIENTED_EDGE('',*,*,#3118,.T.);
#1859=ORIENTED_EDGE('',*,*,#3119,.F.);
#1860=ORIENTED_EDGE('',*,*,#3115,.T.);
#1861=ORIENTED_EDGE('',*,*,#2959,.F.);
#1862=ORIENTED_EDGE('',*,*,#3020,.T.);
#1863=ORIENTED_EDGE('',*,*,#2966,.F.);
#1864=ORIENTED_EDGE('',*,*,#3120,.F.);
#1865=ORIENTED_EDGE('',*,*,#3121,.F.);
#1866=ORIENTED_EDGE('',*,*,#3122,.T.);
#1867=ORIENTED_EDGE('',*,*,#3016,.T.);
#1868=ORIENTED_EDGE('',*,*,#3123,.T.);
#1869=ORIENTED_EDGE('',*,*,#3124,.F.);
#1870=ORIENTED_EDGE('',*,*,#3120,.T.);
#1871=ORIENTED_EDGE('',*,*,#2965,.F.);
#1872=ORIENTED_EDGE('',*,*,#3014,.T.);
#1873=ORIENTED_EDGE('',*,*,#2972,.F.);
#1874=ORIENTED_EDGE('',*,*,#3125,.F.);
#1875=ORIENTED_EDGE('',*,*,#3126,.F.);
#1876=ORIENTED_EDGE('',*,*,#3127,.T.);
#1877=ORIENTED_EDGE('',*,*,#3010,.T.);
#1878=ORIENTED_EDGE('',*,*,#3128,.T.);
#1879=ORIENTED_EDGE('',*,*,#3129,.F.);
#1880=ORIENTED_EDGE('',*,*,#3125,.T.);
#1881=ORIENTED_EDGE('',*,*,#2971,.F.);
#1882=ORIENTED_EDGE('',*,*,#3008,.T.);
#1883=ORIENTED_EDGE('',*,*,#2978,.F.);
#1884=ORIENTED_EDGE('',*,*,#3130,.F.);
#1885=ORIENTED_EDGE('',*,*,#3131,.F.);
#1886=ORIENTED_EDGE('',*,*,#3132,.T.);
#1887=ORIENTED_EDGE('',*,*,#3004,.T.);
#1888=ORIENTED_EDGE('',*,*,#3133,.T.);
#1889=ORIENTED_EDGE('',*,*,#3134,.F.);
#1890=ORIENTED_EDGE('',*,*,#3130,.T.);
#1891=ORIENTED_EDGE('',*,*,#2977,.F.);
#1892=ORIENTED_EDGE('',*,*,#3002,.T.);
#1893=ORIENTED_EDGE('',*,*,#2984,.F.);
#1894=ORIENTED_EDGE('',*,*,#3135,.F.);
#1895=ORIENTED_EDGE('',*,*,#3136,.F.);
#1896=ORIENTED_EDGE('',*,*,#3137,.T.);
#1897=ORIENTED_EDGE('',*,*,#2998,.T.);
#1898=ORIENTED_EDGE('',*,*,#3138,.T.);
#1899=ORIENTED_EDGE('',*,*,#3139,.F.);
#1900=ORIENTED_EDGE('',*,*,#3135,.T.);
#1901=ORIENTED_EDGE('',*,*,#2983,.F.);
#1902=ORIENTED_EDGE('',*,*,#2996,.T.);
#1903=ORIENTED_EDGE('',*,*,#2990,.F.);
#1904=ORIENTED_EDGE('',*,*,#3140,.F.);
#1905=ORIENTED_EDGE('',*,*,#3141,.F.);
#1906=ORIENTED_EDGE('',*,*,#3142,.T.);
#1907=ORIENTED_EDGE('',*,*,#3028,.T.);
#1908=ORIENTED_EDGE('',*,*,#3143,.T.);
#1909=ORIENTED_EDGE('',*,*,#3144,.F.);
#1910=ORIENTED_EDGE('',*,*,#3140,.T.);
#1911=ORIENTED_EDGE('',*,*,#2989,.F.);
#1912=ORIENTED_EDGE('',*,*,#3026,.T.);
#1913=ORIENTED_EDGE('',*,*,#3145,.T.);
#1914=ORIENTED_EDGE('',*,*,#3138,.F.);
#1915=ORIENTED_EDGE('',*,*,#2995,.F.);
#1916=ORIENTED_EDGE('',*,*,#3146,.F.);
#1917=ORIENTED_EDGE('',*,*,#3147,.T.);
#1918=ORIENTED_EDGE('',*,*,#3148,.F.);
#1919=ORIENTED_EDGE('',*,*,#2999,.F.);
#1920=ORIENTED_EDGE('',*,*,#3137,.F.);
#1921=ORIENTED_EDGE('',*,*,#3149,.T.);
#1922=ORIENTED_EDGE('',*,*,#3133,.F.);
#1923=ORIENTED_EDGE('',*,*,#3001,.F.);
#1924=ORIENTED_EDGE('',*,*,#3150,.F.);
#1925=ORIENTED_EDGE('',*,*,#3151,.T.);
#1926=ORIENTED_EDGE('',*,*,#3152,.F.);
#1927=ORIENTED_EDGE('',*,*,#3005,.F.);
#1928=ORIENTED_EDGE('',*,*,#3132,.F.);
#1929=ORIENTED_EDGE('',*,*,#3153,.T.);
#1930=ORIENTED_EDGE('',*,*,#3128,.F.);
#1931=ORIENTED_EDGE('',*,*,#3007,.F.);
#1932=ORIENTED_EDGE('',*,*,#3154,.F.);
#1933=ORIENTED_EDGE('',*,*,#3155,.T.);
#1934=ORIENTED_EDGE('',*,*,#3156,.F.);
#1935=ORIENTED_EDGE('',*,*,#3011,.F.);
#1936=ORIENTED_EDGE('',*,*,#3127,.F.);
#1937=ORIENTED_EDGE('',*,*,#3157,.T.);
#1938=ORIENTED_EDGE('',*,*,#3123,.F.);
#1939=ORIENTED_EDGE('',*,*,#3013,.F.);
#1940=ORIENTED_EDGE('',*,*,#3158,.F.);
#1941=ORIENTED_EDGE('',*,*,#3159,.T.);
#1942=ORIENTED_EDGE('',*,*,#3160,.F.);
#1943=ORIENTED_EDGE('',*,*,#3017,.F.);
#1944=ORIENTED_EDGE('',*,*,#3122,.F.);
#1945=ORIENTED_EDGE('',*,*,#3161,.T.);
#1946=ORIENTED_EDGE('',*,*,#3118,.F.);
#1947=ORIENTED_EDGE('',*,*,#3019,.F.);
#1948=ORIENTED_EDGE('',*,*,#3162,.F.);
#1949=ORIENTED_EDGE('',*,*,#3163,.T.);
#1950=ORIENTED_EDGE('',*,*,#3164,.F.);
#1951=ORIENTED_EDGE('',*,*,#3023,.F.);
#1952=ORIENTED_EDGE('',*,*,#3117,.F.);
#1953=ORIENTED_EDGE('',*,*,#3165,.T.);
#1954=ORIENTED_EDGE('',*,*,#3143,.F.);
#1955=ORIENTED_EDGE('',*,*,#3025,.F.);
#1956=ORIENTED_EDGE('',*,*,#3166,.F.);
#1957=ORIENTED_EDGE('',*,*,#3167,.T.);
#1958=ORIENTED_EDGE('',*,*,#3168,.F.);
#1959=ORIENTED_EDGE('',*,*,#3029,.F.);
#1960=ORIENTED_EDGE('',*,*,#3142,.F.);
#1961=ORIENTED_EDGE('',*,*,#3169,.T.);
#1962=ORIENTED_EDGE('',*,*,#3069,.F.);
#1963=ORIENTED_EDGE('',*,*,#3113,.F.);
#1964=ORIENTED_EDGE('',*,*,#3170,.F.);
#1965=ORIENTED_EDGE('',*,*,#3109,.T.);
#1966=ORIENTED_EDGE('',*,*,#3072,.F.);
#1967=ORIENTED_EDGE('',*,*,#3171,.F.);
#1968=ORIENTED_EDGE('',*,*,#3172,.F.);
#1969=ORIENTED_EDGE('',*,*,#3173,.T.);
#1970=ORIENTED_EDGE('',*,*,#3055,.F.);
#1971=ORIENTED_EDGE('',*,*,#3078,.F.);
#1972=ORIENTED_EDGE('',*,*,#3174,.F.);
#1973=ORIENTED_EDGE('',*,*,#3074,.T.);
#1974=ORIENTED_EDGE('',*,*,#3058,.F.);
#1975=ORIENTED_EDGE('',*,*,#3175,.F.);
#1976=ORIENTED_EDGE('',*,*,#3176,.F.);
#1977=ORIENTED_EDGE('',*,*,#3177,.T.);
#1978=ORIENTED_EDGE('',*,*,#3048,.F.);
#1979=ORIENTED_EDGE('',*,*,#3085,.F.);
#1980=ORIENTED_EDGE('',*,*,#3178,.F.);
#1981=ORIENTED_EDGE('',*,*,#3081,.T.);
#1982=ORIENTED_EDGE('',*,*,#3051,.F.);
#1983=ORIENTED_EDGE('',*,*,#3179,.F.);
#1984=ORIENTED_EDGE('',*,*,#3180,.F.);
#1985=ORIENTED_EDGE('',*,*,#3181,.T.);
#1986=ORIENTED_EDGE('',*,*,#3041,.F.);
#1987=ORIENTED_EDGE('',*,*,#3092,.F.);
#1988=ORIENTED_EDGE('',*,*,#3182,.F.);
#1989=ORIENTED_EDGE('',*,*,#3088,.T.);
#1990=ORIENTED_EDGE('',*,*,#3044,.F.);
#1991=ORIENTED_EDGE('',*,*,#3183,.F.);
#1992=ORIENTED_EDGE('',*,*,#3184,.F.);
#1993=ORIENTED_EDGE('',*,*,#3185,.T.);
#1994=ORIENTED_EDGE('',*,*,#3034,.F.);
#1995=ORIENTED_EDGE('',*,*,#3099,.F.);
#1996=ORIENTED_EDGE('',*,*,#3186,.F.);
#1997=ORIENTED_EDGE('',*,*,#3095,.T.);
#1998=ORIENTED_EDGE('',*,*,#3037,.F.);
#1999=ORIENTED_EDGE('',*,*,#3187,.F.);
#2000=ORIENTED_EDGE('',*,*,#3188,.F.);
#2001=ORIENTED_EDGE('',*,*,#3189,.T.);
#2002=ORIENTED_EDGE('',*,*,#3062,.F.);
#2003=ORIENTED_EDGE('',*,*,#3106,.F.);
#2004=ORIENTED_EDGE('',*,*,#3190,.F.);
#2005=ORIENTED_EDGE('',*,*,#3102,.T.);
#2006=ORIENTED_EDGE('',*,*,#3065,.F.);
#2007=ORIENTED_EDGE('',*,*,#3191,.F.);
#2008=ORIENTED_EDGE('',*,*,#3192,.F.);
#2009=ORIENTED_EDGE('',*,*,#2917,.F.);
#2010=ORIENTED_EDGE('',*,*,#3193,.F.);
#2011=ORIENTED_EDGE('',*,*,#2811,.F.);
#2012=ORIENTED_EDGE('',*,*,#3193,.T.);
#2013=ORIENTED_EDGE('',*,*,#2916,.T.);
#2014=ORIENTED_EDGE('',*,*,#3194,.F.);
#2015=ORIENTED_EDGE('',*,*,#3163,.F.);
#2016=ORIENTED_EDGE('',*,*,#3195,.F.);
#2017=ORIENTED_EDGE('',*,*,#2812,.T.);
#2018=ORIENTED_EDGE('',*,*,#2911,.F.);
#2019=ORIENTED_EDGE('',*,*,#2816,.F.);
#2020=ORIENTED_EDGE('',*,*,#3196,.F.);
#2021=ORIENTED_EDGE('',*,*,#3197,.F.);
#2022=ORIENTED_EDGE('',*,*,#2912,.T.);
#2023=ORIENTED_EDGE('',*,*,#3196,.T.);
#2024=ORIENTED_EDGE('',*,*,#2815,.T.);
#2025=ORIENTED_EDGE('',*,*,#3198,.F.);
#2026=ORIENTED_EDGE('',*,*,#3161,.F.);
#2027=ORIENTED_EDGE('',*,*,#3198,.T.);
#2028=ORIENTED_EDGE('',*,*,#2814,.T.);
#2029=ORIENTED_EDGE('',*,*,#3199,.F.);
#2030=ORIENTED_EDGE('',*,*,#3119,.T.);
#2031=ORIENTED_EDGE('',*,*,#3199,.T.);
#2032=ORIENTED_EDGE('',*,*,#2813,.T.);
#2033=ORIENTED_EDGE('',*,*,#3195,.T.);
#2034=ORIENTED_EDGE('',*,*,#3116,.T.);
#2035=ORIENTED_EDGE('',*,*,#2803,.F.);
#2036=ORIENTED_EDGE('',*,*,#2922,.T.);
#2037=ORIENTED_EDGE('',*,*,#3200,.F.);
#2038=ORIENTED_EDGE('',*,*,#3189,.F.);
#2039=ORIENTED_EDGE('',*,*,#3201,.F.);
#2040=ORIENTED_EDGE('',*,*,#3202,.T.);
#2041=ORIENTED_EDGE('',*,*,#2804,.F.);
#2042=ORIENTED_EDGE('',*,*,#3201,.T.);
#2043=ORIENTED_EDGE('',*,*,#3190,.T.);
#2044=ORIENTED_EDGE('',*,*,#3203,.T.);
#2045=ORIENTED_EDGE('',*,*,#2805,.F.);
#2046=ORIENTED_EDGE('',*,*,#3202,.F.);
#2047=ORIENTED_EDGE('',*,*,#3107,.T.);
#2048=ORIENTED_EDGE('',*,*,#3204,.T.);
#2049=ORIENTED_EDGE('',*,*,#2806,.F.);
#2050=ORIENTED_EDGE('',*,*,#3203,.F.);
#2051=ORIENTED_EDGE('',*,*,#3105,.T.);
#2052=ORIENTED_EDGE('',*,*,#3205,.T.);
#2053=ORIENTED_EDGE('',*,*,#2807,.F.);
#2054=ORIENTED_EDGE('',*,*,#3204,.F.);
#2055=ORIENTED_EDGE('',*,*,#3103,.T.);
#2056=ORIENTED_EDGE('',*,*,#3206,.F.);
#2057=ORIENTED_EDGE('',*,*,#2918,.T.);
#2058=ORIENTED_EDGE('',*,*,#2809,.T.);
#2059=ORIENTED_EDGE('',*,*,#3207,.F.);
#2060=ORIENTED_EDGE('',*,*,#3191,.T.);
#2061=ORIENTED_EDGE('',*,*,#3207,.T.);
#2062=ORIENTED_EDGE('',*,*,#2808,.F.);
#2063=ORIENTED_EDGE('',*,*,#3205,.F.);
#2064=ORIENTED_EDGE('',*,*,#3192,.T.);
#2065=ORIENTED_EDGE('',*,*,#2925,.F.);
#2066=ORIENTED_EDGE('',*,*,#3208,.F.);
#2067=ORIENTED_EDGE('',*,*,#2796,.F.);
#2068=ORIENTED_EDGE('',*,*,#3208,.T.);
#2069=ORIENTED_EDGE('',*,*,#2924,.T.);
#2070=ORIENTED_EDGE('',*,*,#3209,.F.);
#2071=ORIENTED_EDGE('',*,*,#3167,.F.);
#2072=ORIENTED_EDGE('',*,*,#3210,.F.);
#2073=ORIENTED_EDGE('',*,*,#2797,.T.);
#2074=ORIENTED_EDGE('',*,*,#2919,.F.);
#2075=ORIENTED_EDGE('',*,*,#2801,.F.);
#2076=ORIENTED_EDGE('',*,*,#3211,.F.);
#2077=ORIENTED_EDGE('',*,*,#3212,.F.);
#2078=ORIENTED_EDGE('',*,*,#2920,.T.);
#2079=ORIENTED_EDGE('',*,*,#3211,.T.);
#2080=ORIENTED_EDGE('',*,*,#2800,.T.);
#2081=ORIENTED_EDGE('',*,*,#3213,.F.);
#2082=ORIENTED_EDGE('',*,*,#3165,.F.);
#2083=ORIENTED_EDGE('',*,*,#3213,.T.);
#2084=ORIENTED_EDGE('',*,*,#2799,.T.);
#2085=ORIENTED_EDGE('',*,*,#3214,.F.);
#2086=ORIENTED_EDGE('',*,*,#3144,.T.);
#2087=ORIENTED_EDGE('',*,*,#3214,.T.);
#2088=ORIENTED_EDGE('',*,*,#2798,.T.);
#2089=ORIENTED_EDGE('',*,*,#3210,.T.);
#2090=ORIENTED_EDGE('',*,*,#3141,.T.);
#2091=ORIENTED_EDGE('',*,*,#2878,.T.);
#2092=ORIENTED_EDGE('',*,*,#2882,.T.);
#2093=ORIENTED_EDGE('',*,*,#3215,.F.);
#2094=ORIENTED_EDGE('',*,*,#3169,.F.);
#2095=ORIENTED_EDGE('',*,*,#3216,.F.);
#2096=ORIENTED_EDGE('',*,*,#3217,.T.);
#2097=ORIENTED_EDGE('',*,*,#2789,.F.);
#2098=ORIENTED_EDGE('',*,*,#3216,.T.);
#2099=ORIENTED_EDGE('',*,*,#3170,.T.);
#2100=ORIENTED_EDGE('',*,*,#3218,.T.);
#2101=ORIENTED_EDGE('',*,*,#2790,.F.);
#2102=ORIENTED_EDGE('',*,*,#3217,.F.);
#2103=ORIENTED_EDGE('',*,*,#3114,.T.);
#2104=ORIENTED_EDGE('',*,*,#3219,.T.);
#2105=ORIENTED_EDGE('',*,*,#2791,.F.);
#2106=ORIENTED_EDGE('',*,*,#3218,.F.);
#2107=ORIENTED_EDGE('',*,*,#3112,.T.);
#2108=ORIENTED_EDGE('',*,*,#3220,.T.);
#2109=ORIENTED_EDGE('',*,*,#2792,.F.);
#2110=ORIENTED_EDGE('',*,*,#3219,.F.);
#2111=ORIENTED_EDGE('',*,*,#3110,.T.);
#2112=ORIENTED_EDGE('',*,*,#3221,.F.);
#2113=ORIENTED_EDGE('',*,*,#2926,.T.);
#2114=ORIENTED_EDGE('',*,*,#2794,.T.);
#2115=ORIENTED_EDGE('',*,*,#3222,.F.);
#2116=ORIENTED_EDGE('',*,*,#3171,.T.);
#2117=ORIENTED_EDGE('',*,*,#3222,.T.);
#2118=ORIENTED_EDGE('',*,*,#2793,.F.);
#2119=ORIENTED_EDGE('',*,*,#3220,.F.);
#2120=ORIENTED_EDGE('',*,*,#3172,.T.);
#2121=ORIENTED_EDGE('',*,*,#2923,.T.);
#2122=ORIENTED_EDGE('',*,*,#3221,.T.);
#2123=ORIENTED_EDGE('',*,*,#3071,.T.);
#2124=ORIENTED_EDGE('',*,*,#3168,.T.);
#2125=ORIENTED_EDGE('',*,*,#3209,.T.);
#2126=ORIENTED_EDGE('',*,*,#2921,.T.);
#2127=ORIENTED_EDGE('',*,*,#3212,.T.);
#2128=ORIENTED_EDGE('',*,*,#3166,.T.);
#2129=ORIENTED_EDGE('',*,*,#3063,.T.);
#2130=ORIENTED_EDGE('',*,*,#3200,.T.);
#2131=ORIENTED_EDGE('',*,*,#2885,.F.);
#2132=ORIENTED_EDGE('',*,*,#3223,.F.);
#2133=ORIENTED_EDGE('',*,*,#2871,.F.);
#2134=ORIENTED_EDGE('',*,*,#3223,.T.);
#2135=ORIENTED_EDGE('',*,*,#2884,.T.);
#2136=ORIENTED_EDGE('',*,*,#3224,.F.);
#2137=ORIENTED_EDGE('',*,*,#3147,.F.);
#2138=ORIENTED_EDGE('',*,*,#3225,.F.);
#2139=ORIENTED_EDGE('',*,*,#2872,.T.);
#2140=ORIENTED_EDGE('',*,*,#2879,.F.);
#2141=ORIENTED_EDGE('',*,*,#2876,.F.);
#2142=ORIENTED_EDGE('',*,*,#3226,.F.);
#2143=ORIENTED_EDGE('',*,*,#3227,.F.);
#2144=ORIENTED_EDGE('',*,*,#2880,.T.);
#2145=ORIENTED_EDGE('',*,*,#3226,.T.);
#2146=ORIENTED_EDGE('',*,*,#2875,.T.);
#2147=ORIENTED_EDGE('',*,*,#3228,.F.);
#2148=ORIENTED_EDGE('',*,*,#3145,.F.);
#2149=ORIENTED_EDGE('',*,*,#3228,.T.);
#2150=ORIENTED_EDGE('',*,*,#2874,.T.);
#2151=ORIENTED_EDGE('',*,*,#3229,.F.);
#2152=ORIENTED_EDGE('',*,*,#3139,.T.);
#2153=ORIENTED_EDGE('',*,*,#3229,.T.);
#2154=ORIENTED_EDGE('',*,*,#2873,.T.);
#2155=ORIENTED_EDGE('',*,*,#3225,.T.);
#2156=ORIENTED_EDGE('',*,*,#3136,.T.);
#2157=ORIENTED_EDGE('',*,*,#2863,.T.);
#2158=ORIENTED_EDGE('',*,*,#2890,.T.);
#2159=ORIENTED_EDGE('',*,*,#3230,.F.);
#2160=ORIENTED_EDGE('',*,*,#3173,.F.);
#2161=ORIENTED_EDGE('',*,*,#3231,.F.);
#2162=ORIENTED_EDGE('',*,*,#3232,.T.);
#2163=ORIENTED_EDGE('',*,*,#2864,.F.);
#2164=ORIENTED_EDGE('',*,*,#3231,.T.);
#2165=ORIENTED_EDGE('',*,*,#3174,.T.);
#2166=ORIENTED_EDGE('',*,*,#3233,.T.);
#2167=ORIENTED_EDGE('',*,*,#2865,.F.);
#2168=ORIENTED_EDGE('',*,*,#3232,.F.);
#2169=ORIENTED_EDGE('',*,*,#3079,.T.);
#2170=ORIENTED_EDGE('',*,*,#3234,.T.);
#2171=ORIENTED_EDGE('',*,*,#2866,.F.);
#2172=ORIENTED_EDGE('',*,*,#3233,.F.);
#2173=ORIENTED_EDGE('',*,*,#3077,.T.);
#2174=ORIENTED_EDGE('',*,*,#3235,.T.);
#2175=ORIENTED_EDGE('',*,*,#2867,.F.);
#2176=ORIENTED_EDGE('',*,*,#3234,.F.);
#2177=ORIENTED_EDGE('',*,*,#3075,.T.);
#2178=ORIENTED_EDGE('',*,*,#3236,.F.);
#2179=ORIENTED_EDGE('',*,*,#2886,.T.);
#2180=ORIENTED_EDGE('',*,*,#2869,.T.);
#2181=ORIENTED_EDGE('',*,*,#3237,.F.);
#2182=ORIENTED_EDGE('',*,*,#3175,.T.);
#2183=ORIENTED_EDGE('',*,*,#3237,.T.);
#2184=ORIENTED_EDGE('',*,*,#2868,.F.);
#2185=ORIENTED_EDGE('',*,*,#3235,.F.);
#2186=ORIENTED_EDGE('',*,*,#3176,.T.);
#2187=ORIENTED_EDGE('',*,*,#2883,.T.);
#2188=ORIENTED_EDGE('',*,*,#3236,.T.);
#2189=ORIENTED_EDGE('',*,*,#3057,.T.);
#2190=ORIENTED_EDGE('',*,*,#3148,.T.);
#2191=ORIENTED_EDGE('',*,*,#3224,.T.);
#2192=ORIENTED_EDGE('',*,*,#2881,.T.);
#2193=ORIENTED_EDGE('',*,*,#3227,.T.);
#2194=ORIENTED_EDGE('',*,*,#3146,.T.);
#2195=ORIENTED_EDGE('',*,*,#3070,.T.);
#2196=ORIENTED_EDGE('',*,*,#3215,.T.);
#2197=ORIENTED_EDGE('',*,*,#2893,.F.);
#2198=ORIENTED_EDGE('',*,*,#3238,.F.);
#2199=ORIENTED_EDGE('',*,*,#2856,.F.);
#2200=ORIENTED_EDGE('',*,*,#3238,.T.);
#2201=ORIENTED_EDGE('',*,*,#2892,.T.);
#2202=ORIENTED_EDGE('',*,*,#3239,.F.);
#2203=ORIENTED_EDGE('',*,*,#3151,.F.);
#2204=ORIENTED_EDGE('',*,*,#3240,.F.);
#2205=ORIENTED_EDGE('',*,*,#2857,.T.);
#2206=ORIENTED_EDGE('',*,*,#2887,.F.);
#2207=ORIENTED_EDGE('',*,*,#2861,.F.);
#2208=ORIENTED_EDGE('',*,*,#3241,.F.);
#2209=ORIENTED_EDGE('',*,*,#3242,.F.);
#2210=ORIENTED_EDGE('',*,*,#2888,.T.);
#2211=ORIENTED_EDGE('',*,*,#3241,.T.);
#2212=ORIENTED_EDGE('',*,*,#2860,.T.);
#2213=ORIENTED_EDGE('',*,*,#3243,.F.);
#2214=ORIENTED_EDGE('',*,*,#3149,.F.);
#2215=ORIENTED_EDGE('',*,*,#3243,.T.);
#2216=ORIENTED_EDGE('',*,*,#2859,.T.);
#2217=ORIENTED_EDGE('',*,*,#3244,.F.);
#2218=ORIENTED_EDGE('',*,*,#3134,.T.);
#2219=ORIENTED_EDGE('',*,*,#3244,.T.);
#2220=ORIENTED_EDGE('',*,*,#2858,.T.);
#2221=ORIENTED_EDGE('',*,*,#3240,.T.);
#2222=ORIENTED_EDGE('',*,*,#3131,.T.);
#2223=ORIENTED_EDGE('',*,*,#2848,.F.);
#2224=ORIENTED_EDGE('',*,*,#2898,.T.);
#2225=ORIENTED_EDGE('',*,*,#3245,.F.);
#2226=ORIENTED_EDGE('',*,*,#3177,.F.);
#2227=ORIENTED_EDGE('',*,*,#3246,.F.);
#2228=ORIENTED_EDGE('',*,*,#3247,.T.);
#2229=ORIENTED_EDGE('',*,*,#2849,.F.);
#2230=ORIENTED_EDGE('',*,*,#3246,.T.);
#2231=ORIENTED_EDGE('',*,*,#3178,.T.);
#2232=ORIENTED_EDGE('',*,*,#3248,.T.);
#2233=ORIENTED_EDGE('',*,*,#2850,.F.);
#2234=ORIENTED_EDGE('',*,*,#3247,.F.);
#2235=ORIENTED_EDGE('',*,*,#3086,.T.);
#2236=ORIENTED_EDGE('',*,*,#3249,.T.);
#2237=ORIENTED_EDGE('',*,*,#2851,.F.);
#2238=ORIENTED_EDGE('',*,*,#3248,.F.);
#2239=ORIENTED_EDGE('',*,*,#3084,.T.);
#2240=ORIENTED_EDGE('',*,*,#3250,.T.);
#2241=ORIENTED_EDGE('',*,*,#2852,.F.);
#2242=ORIENTED_EDGE('',*,*,#3249,.F.);
#2243=ORIENTED_EDGE('',*,*,#3082,.T.);
#2244=ORIENTED_EDGE('',*,*,#3251,.F.);
#2245=ORIENTED_EDGE('',*,*,#2894,.T.);
#2246=ORIENTED_EDGE('',*,*,#2854,.T.);
#2247=ORIENTED_EDGE('',*,*,#3252,.F.);
#2248=ORIENTED_EDGE('',*,*,#3179,.T.);
#2249=ORIENTED_EDGE('',*,*,#3252,.T.);
#2250=ORIENTED_EDGE('',*,*,#2853,.F.);
#2251=ORIENTED_EDGE('',*,*,#3250,.F.);
#2252=ORIENTED_EDGE('',*,*,#3180,.T.);
#2253=ORIENTED_EDGE('',*,*,#2891,.T.);
#2254=ORIENTED_EDGE('',*,*,#3251,.T.);
#2255=ORIENTED_EDGE('',*,*,#3050,.T.);
#2256=ORIENTED_EDGE('',*,*,#3152,.T.);
#2257=ORIENTED_EDGE('',*,*,#3239,.T.);
#2258=ORIENTED_EDGE('',*,*,#2889,.T.);
#2259=ORIENTED_EDGE('',*,*,#3242,.T.);
#2260=ORIENTED_EDGE('',*,*,#3150,.T.);
#2261=ORIENTED_EDGE('',*,*,#3056,.T.);
#2262=ORIENTED_EDGE('',*,*,#3230,.T.);
#2263=ORIENTED_EDGE('',*,*,#2901,.F.);
#2264=ORIENTED_EDGE('',*,*,#3253,.F.);
#2265=ORIENTED_EDGE('',*,*,#2841,.F.);
#2266=ORIENTED_EDGE('',*,*,#3253,.T.);
#2267=ORIENTED_EDGE('',*,*,#2900,.T.);
#2268=ORIENTED_EDGE('',*,*,#3254,.F.);
#2269=ORIENTED_EDGE('',*,*,#3155,.F.);
#2270=ORIENTED_EDGE('',*,*,#3255,.F.);
#2271=ORIENTED_EDGE('',*,*,#2842,.T.);
#2272=ORIENTED_EDGE('',*,*,#2895,.F.);
#2273=ORIENTED_EDGE('',*,*,#2846,.F.);
#2274=ORIENTED_EDGE('',*,*,#3256,.F.);
#2275=ORIENTED_EDGE('',*,*,#3257,.F.);
#2276=ORIENTED_EDGE('',*,*,#2896,.T.);
#2277=ORIENTED_EDGE('',*,*,#3256,.T.);
#2278=ORIENTED_EDGE('',*,*,#2845,.T.);
#2279=ORIENTED_EDGE('',*,*,#3258,.F.);
#2280=ORIENTED_EDGE('',*,*,#3153,.F.);
#2281=ORIENTED_EDGE('',*,*,#3258,.T.);
#2282=ORIENTED_EDGE('',*,*,#2844,.T.);
#2283=ORIENTED_EDGE('',*,*,#3259,.F.);
#2284=ORIENTED_EDGE('',*,*,#3129,.T.);
#2285=ORIENTED_EDGE('',*,*,#3259,.T.);
#2286=ORIENTED_EDGE('',*,*,#2843,.T.);
#2287=ORIENTED_EDGE('',*,*,#3255,.T.);
#2288=ORIENTED_EDGE('',*,*,#3126,.T.);
#2289=ORIENTED_EDGE('',*,*,#2833,.T.);
#2290=ORIENTED_EDGE('',*,*,#2906,.T.);
#2291=ORIENTED_EDGE('',*,*,#3260,.F.);
#2292=ORIENTED_EDGE('',*,*,#3181,.F.);
#2293=ORIENTED_EDGE('',*,*,#3261,.F.);
#2294=ORIENTED_EDGE('',*,*,#3262,.T.);
#2295=ORIENTED_EDGE('',*,*,#2834,.F.);
#2296=ORIENTED_EDGE('',*,*,#3261,.T.);
#2297=ORIENTED_EDGE('',*,*,#3182,.T.);
#2298=ORIENTED_EDGE('',*,*,#3263,.T.);
#2299=ORIENTED_EDGE('',*,*,#2835,.F.);
#2300=ORIENTED_EDGE('',*,*,#3262,.F.);
#2301=ORIENTED_EDGE('',*,*,#3093,.T.);
#2302=ORIENTED_EDGE('',*,*,#3264,.T.);
#2303=ORIENTED_EDGE('',*,*,#2836,.F.);
#2304=ORIENTED_EDGE('',*,*,#3263,.F.);
#2305=ORIENTED_EDGE('',*,*,#3091,.T.);
#2306=ORIENTED_EDGE('',*,*,#3265,.T.);
#2307=ORIENTED_EDGE('',*,*,#2837,.F.);
#2308=ORIENTED_EDGE('',*,*,#3264,.F.);
#2309=ORIENTED_EDGE('',*,*,#3089,.T.);
#2310=ORIENTED_EDGE('',*,*,#3266,.F.);
#2311=ORIENTED_EDGE('',*,*,#2902,.T.);
#2312=ORIENTED_EDGE('',*,*,#2839,.T.);
#2313=ORIENTED_EDGE('',*,*,#3267,.F.);
#2314=ORIENTED_EDGE('',*,*,#3183,.T.);
#2315=ORIENTED_EDGE('',*,*,#3267,.T.);
#2316=ORIENTED_EDGE('',*,*,#2838,.F.);
#2317=ORIENTED_EDGE('',*,*,#3265,.F.);
#2318=ORIENTED_EDGE('',*,*,#3184,.T.);
#2319=ORIENTED_EDGE('',*,*,#2899,.T.);
#2320=ORIENTED_EDGE('',*,*,#3266,.T.);
#2321=ORIENTED_EDGE('',*,*,#3043,.T.);
#2322=ORIENTED_EDGE('',*,*,#3156,.T.);
#2323=ORIENTED_EDGE('',*,*,#3254,.T.);
#2324=ORIENTED_EDGE('',*,*,#2897,.T.);
#2325=ORIENTED_EDGE('',*,*,#3257,.T.);
#2326=ORIENTED_EDGE('',*,*,#3154,.T.);
#2327=ORIENTED_EDGE('',*,*,#3049,.T.);
#2328=ORIENTED_EDGE('',*,*,#3245,.T.);
#2329=ORIENTED_EDGE('',*,*,#2909,.F.);
#2330=ORIENTED_EDGE('',*,*,#3268,.F.);
#2331=ORIENTED_EDGE('',*,*,#2826,.F.);
#2332=ORIENTED_EDGE('',*,*,#3268,.T.);
#2333=ORIENTED_EDGE('',*,*,#2908,.T.);
#2334=ORIENTED_EDGE('',*,*,#3269,.F.);
#2335=ORIENTED_EDGE('',*,*,#3159,.F.);
#2336=ORIENTED_EDGE('',*,*,#3270,.F.);
#2337=ORIENTED_EDGE('',*,*,#2827,.T.);
#2338=ORIENTED_EDGE('',*,*,#2903,.F.);
#2339=ORIENTED_EDGE('',*,*,#2831,.F.);
#2340=ORIENTED_EDGE('',*,*,#3271,.F.);
#2341=ORIENTED_EDGE('',*,*,#3272,.F.);
#2342=ORIENTED_EDGE('',*,*,#2904,.T.);
#2343=ORIENTED_EDGE('',*,*,#3271,.T.);
#2344=ORIENTED_EDGE('',*,*,#2830,.T.);
#2345=ORIENTED_EDGE('',*,*,#3273,.F.);
#2346=ORIENTED_EDGE('',*,*,#3157,.F.);
#2347=ORIENTED_EDGE('',*,*,#3273,.T.);
#2348=ORIENTED_EDGE('',*,*,#2829,.T.);
#2349=ORIENTED_EDGE('',*,*,#3274,.F.);
#2350=ORIENTED_EDGE('',*,*,#3124,.T.);
#2351=ORIENTED_EDGE('',*,*,#3274,.T.);
#2352=ORIENTED_EDGE('',*,*,#2828,.T.);
#2353=ORIENTED_EDGE('',*,*,#3270,.T.);
#2354=ORIENTED_EDGE('',*,*,#3121,.T.);
#2355=ORIENTED_EDGE('',*,*,#2818,.T.);
#2356=ORIENTED_EDGE('',*,*,#2914,.T.);
#2357=ORIENTED_EDGE('',*,*,#3275,.F.);
#2358=ORIENTED_EDGE('',*,*,#3185,.F.);
#2359=ORIENTED_EDGE('',*,*,#3276,.F.);
#2360=ORIENTED_EDGE('',*,*,#3277,.T.);
#2361=ORIENTED_EDGE('',*,*,#2819,.F.);
#2362=ORIENTED_EDGE('',*,*,#3276,.T.);
#2363=ORIENTED_EDGE('',*,*,#3186,.T.);
#2364=ORIENTED_EDGE('',*,*,#3278,.T.);
#2365=ORIENTED_EDGE('',*,*,#2820,.F.);
#2366=ORIENTED_EDGE('',*,*,#3277,.F.);
#2367=ORIENTED_EDGE('',*,*,#3100,.T.);
#2368=ORIENTED_EDGE('',*,*,#3279,.T.);
#2369=ORIENTED_EDGE('',*,*,#2821,.F.);
#2370=ORIENTED_EDGE('',*,*,#3278,.F.);
#2371=ORIENTED_EDGE('',*,*,#3098,.T.);
#2372=ORIENTED_EDGE('',*,*,#3280,.T.);
#2373=ORIENTED_EDGE('',*,*,#2822,.F.);
#2374=ORIENTED_EDGE('',*,*,#3279,.F.);
#2375=ORIENTED_EDGE('',*,*,#3096,.T.);
#2376=ORIENTED_EDGE('',*,*,#3281,.F.);
#2377=ORIENTED_EDGE('',*,*,#2910,.T.);
#2378=ORIENTED_EDGE('',*,*,#2824,.T.);
#2379=ORIENTED_EDGE('',*,*,#3282,.F.);
#2380=ORIENTED_EDGE('',*,*,#3187,.T.);
#2381=ORIENTED_EDGE('',*,*,#3282,.T.);
#2382=ORIENTED_EDGE('',*,*,#2823,.F.);
#2383=ORIENTED_EDGE('',*,*,#3280,.F.);
#2384=ORIENTED_EDGE('',*,*,#3188,.T.);
#2385=ORIENTED_EDGE('',*,*,#2907,.T.);
#2386=ORIENTED_EDGE('',*,*,#3281,.T.);
#2387=ORIENTED_EDGE('',*,*,#3036,.T.);
#2388=ORIENTED_EDGE('',*,*,#3160,.T.);
#2389=ORIENTED_EDGE('',*,*,#3269,.T.);
#2390=ORIENTED_EDGE('',*,*,#2905,.T.);
#2391=ORIENTED_EDGE('',*,*,#3272,.T.);
#2392=ORIENTED_EDGE('',*,*,#3158,.T.);
#2393=ORIENTED_EDGE('',*,*,#3042,.T.);
#2394=ORIENTED_EDGE('',*,*,#3260,.T.);
#2395=ORIENTED_EDGE('',*,*,#2915,.T.);
#2396=ORIENTED_EDGE('',*,*,#3206,.T.);
#2397=ORIENTED_EDGE('',*,*,#3064,.T.);
#2398=ORIENTED_EDGE('',*,*,#3164,.T.);
#2399=ORIENTED_EDGE('',*,*,#3194,.T.);
#2400=ORIENTED_EDGE('',*,*,#2913,.T.);
#2401=ORIENTED_EDGE('',*,*,#3197,.T.);
#2402=ORIENTED_EDGE('',*,*,#3162,.T.);
#2403=ORIENTED_EDGE('',*,*,#3035,.T.);
#2404=ORIENTED_EDGE('',*,*,#3275,.T.);
#2405=ORIENTED_EDGE('',*,*,#2762,.T.);
#2406=ORIENTED_EDGE('',*,*,#3283,.T.);
#2407=ORIENTED_EDGE('',*,*,#3283,.F.);
#2408=VERTEX_POINT('',#4732);
#2409=VERTEX_POINT('',#4734);
#2410=VERTEX_POINT('',#4737);
#2411=VERTEX_POINT('',#4739);
#2412=VERTEX_POINT('',#4742);
#2413=VERTEX_POINT('',#4744);
#2414=VERTEX_POINT('',#4747);
#2415=VERTEX_POINT('',#4750);
#2416=VERTEX_POINT('',#4754);
#2417=VERTEX_POINT('',#4758);
#2418=VERTEX_POINT('',#4760);
#2419=VERTEX_POINT('',#4763);
#2420=VERTEX_POINT('',#4766);
#2421=VERTEX_POINT('',#4769);
#2422=VERTEX_POINT('',#4772);
#2423=VERTEX_POINT('',#4775);
#2424=VERTEX_POINT('',#4778);
#2425=VERTEX_POINT('',#4781);
#2426=VERTEX_POINT('',#4784);
#2427=VERTEX_POINT('',#4788);
#2428=VERTEX_POINT('',#4791);
#2429=VERTEX_POINT('',#4794);
#2430=VERTEX_POINT('',#4796);
#2431=VERTEX_POINT('',#4799);
#2432=VERTEX_POINT('',#4802);
#2433=VERTEX_POINT('',#4805);
#2434=VERTEX_POINT('',#4808);
#2435=VERTEX_POINT('',#4811);
#2436=VERTEX_POINT('',#4814);
#2437=VERTEX_POINT('',#4817);
#2438=VERTEX_POINT('',#4820);
#2439=VERTEX_POINT('',#4823);
#2440=VERTEX_POINT('',#4826);
#2441=VERTEX_POINT('',#4829);
#2442=VERTEX_POINT('',#4832);
#2443=VERTEX_POINT('',#4836);
#2444=VERTEX_POINT('',#4842);
#2445=VERTEX_POINT('',#4843);
#2446=VERTEX_POINT('',#4860);
#2447=VERTEX_POINT('',#4862);
#2448=VERTEX_POINT('',#4879);
#2449=VERTEX_POINT('',#4887);
#2450=VERTEX_POINT('',#4898);
#2451=VERTEX_POINT('',#4900);
#2452=VERTEX_POINT('',#4905);
#2453=VERTEX_POINT('',#4910);
#2454=VERTEX_POINT('',#4917);
#2455=VERTEX_POINT('',#4924);
#2456=VERTEX_POINT('',#4929);
#2457=VERTEX_POINT('',#4934);
#2458=VERTEX_POINT('',#4936);
#2459=VERTEX_POINT('',#4947);
#2460=VERTEX_POINT('',#4952);
#2461=VERTEX_POINT('',#4969);
#2462=VERTEX_POINT('',#4971);
#2463=VERTEX_POINT('',#4985);
#2464=VERTEX_POINT('',#4993);
#2465=VERTEX_POINT('',#5001);
#2466=VERTEX_POINT('',#5003);
#2467=VERTEX_POINT('',#5008);
#2468=VERTEX_POINT('',#5013);
#2469=VERTEX_POINT('',#5020);
#2470=VERTEX_POINT('',#5027);
#2471=VERTEX_POINT('',#5032);
#2472=VERTEX_POINT('',#5037);
#2473=VERTEX_POINT('',#5039);
#2474=VERTEX_POINT('',#5050);
#2475=VERTEX_POINT('',#5058);
#2476=VERTEX_POINT('',#5075);
#2477=VERTEX_POINT('',#5077);
#2478=VERTEX_POINT('',#5091);
#2479=VERTEX_POINT('',#5099);
#2480=VERTEX_POINT('',#5107);
#2481=VERTEX_POINT('',#5109);
#2482=VERTEX_POINT('',#5114);
#2483=VERTEX_POINT('',#5119);
#2484=VERTEX_POINT('',#5126);
#2485=VERTEX_POINT('',#5133);
#2486=VERTEX_POINT('',#5138);
#2487=VERTEX_POINT('',#5143);
#2488=VERTEX_POINT('',#5145);
#2489=VERTEX_POINT('',#5156);
#2490=VERTEX_POINT('',#5161);
#2491=VERTEX_POINT('',#5175);
#2492=VERTEX_POINT('',#5177);
#2493=VERTEX_POINT('',#5191);
#2494=VERTEX_POINT('',#5199);
#2495=VERTEX_POINT('',#5210);
#2496=VERTEX_POINT('',#5212);
#2497=VERTEX_POINT('',#5217);
#2498=VERTEX_POINT('',#5222);
#2499=VERTEX_POINT('',#5229);
#2500=VERTEX_POINT('',#5236);
#2501=VERTEX_POINT('',#5241);
#2502=VERTEX_POINT('',#5246);
#2503=VERTEX_POINT('',#5248);
#2504=VERTEX_POINT('',#5259);
#2505=VERTEX_POINT('',#5264);
#2506=VERTEX_POINT('',#5278);
#2507=VERTEX_POINT('',#5280);
#2508=VERTEX_POINT('',#5297);
#2509=VERTEX_POINT('',#5305);
#2510=VERTEX_POINT('',#5313);
#2511=VERTEX_POINT('',#5315);
#2512=VERTEX_POINT('',#5320);
#2513=VERTEX_POINT('',#5325);
#2514=VERTEX_POINT('',#5332);
#2515=VERTEX_POINT('',#5339);
#2516=VERTEX_POINT('',#5344);
#2517=VERTEX_POINT('',#5349);
#2518=VERTEX_POINT('',#5351);
#2519=VERTEX_POINT('',#5362);
#2520=VERTEX_POINT('',#5370);
#2521=VERTEX_POINT('',#5387);
#2522=VERTEX_POINT('',#5389);
#2523=VERTEX_POINT('',#5403);
#2524=VERTEX_POINT('',#5411);
#2525=VERTEX_POINT('',#5419);
#2526=VERTEX_POINT('',#5421);
#2527=VERTEX_POINT('',#5426);
#2528=VERTEX_POINT('',#5431);
#2529=VERTEX_POINT('',#5438);
#2530=VERTEX_POINT('',#5445);
#2531=VERTEX_POINT('',#5450);
#2532=VERTEX_POINT('',#5455);
#2533=VERTEX_POINT('',#5457);
#2534=VERTEX_POINT('',#5470);
#2535=VERTEX_POINT('',#5478);
#2536=VERTEX_POINT('',#5480);
#2537=VERTEX_POINT('',#5496);
#2538=VERTEX_POINT('',#5497);
#2539=VERTEX_POINT('',#5505);
#2540=VERTEX_POINT('',#5522);
#2541=VERTEX_POINT('',#5530);
#2542=VERTEX_POINT('',#5532);
#2543=VERTEX_POINT('',#5548);
#2544=VERTEX_POINT('',#5549);
#2545=VERTEX_POINT('',#5557);
#2546=VERTEX_POINT('',#5577);
#2547=VERTEX_POINT('',#5585);
#2548=VERTEX_POINT('',#5587);
#2549=VERTEX_POINT('',#5603);
#2550=VERTEX_POINT('',#5604);
#2551=VERTEX_POINT('',#5612);
#2552=VERTEX_POINT('',#5632);
#2553=VERTEX_POINT('',#5640);
#2554=VERTEX_POINT('',#5642);
#2555=VERTEX_POINT('',#5658);
#2556=VERTEX_POINT('',#5659);
#2557=VERTEX_POINT('',#5667);
#2558=VERTEX_POINT('',#5684);
#2559=VERTEX_POINT('',#5692);
#2560=VERTEX_POINT('',#5694);
#2561=VERTEX_POINT('',#5710);
#2562=VERTEX_POINT('',#5711);
#2563=VERTEX_POINT('',#5719);
#2564=VERTEX_POINT('',#5739);
#2565=VERTEX_POINT('',#5747);
#2566=VERTEX_POINT('',#5749);
#2567=VERTEX_POINT('',#5765);
#2568=VERTEX_POINT('',#5766);
#2569=VERTEX_POINT('',#5774);
#2570=VERTEX_POINT('',#5794);
#2571=VERTEX_POINT('',#5797);
#2572=VERTEX_POINT('',#5800);
#2573=VERTEX_POINT('',#5801);
#2574=VERTEX_POINT('',#5806);
#2575=VERTEX_POINT('',#5808);
#2576=VERTEX_POINT('',#5813);
#2577=VERTEX_POINT('',#5815);
#2578=VERTEX_POINT('',#5820);
#2579=VERTEX_POINT('',#5822);
#2580=VERTEX_POINT('',#5827);
#2581=VERTEX_POINT('',#5829);
#2582=VERTEX_POINT('',#5834);
#2583=VERTEX_POINT('',#5836);
#2584=VERTEX_POINT('',#5846);
#2585=VERTEX_POINT('',#5848);
#2586=VERTEX_POINT('',#5858);
#2587=VERTEX_POINT('',#5860);
#2588=VERTEX_POINT('',#5870);
#2589=VERTEX_POINT('',#5872);
#2590=VERTEX_POINT('',#5882);
#2591=VERTEX_POINT('',#5884);
#2592=VERTEX_POINT('',#5891);
#2593=VERTEX_POINT('',#5892);
#2594=VERTEX_POINT('',#5906);
#2595=VERTEX_POINT('',#5908);
#2596=VERTEX_POINT('',#5918);
#2597=VERTEX_POINT('',#5919);
#2598=VERTEX_POINT('',#5924);
#2599=VERTEX_POINT('',#5931);
#2600=VERTEX_POINT('',#5940);
#2601=VERTEX_POINT('',#5962);
#2602=VERTEX_POINT('',#5963);
#2603=VERTEX_POINT('',#5968);
#2604=VERTEX_POINT('',#5975);
#2605=VERTEX_POINT('',#5984);
#2606=VERTEX_POINT('',#6006);
#2607=VERTEX_POINT('',#6007);
#2608=VERTEX_POINT('',#6012);
#2609=VERTEX_POINT('',#6032);
#2610=VERTEX_POINT('',#6041);
#2611=VERTEX_POINT('',#6063);
#2612=VERTEX_POINT('',#6064);
#2613=VERTEX_POINT('',#6069);
#2614=VERTEX_POINT('',#6076);
#2615=VERTEX_POINT('',#6085);
#2616=VERTEX_POINT('',#6107);
#2617=VERTEX_POINT('',#6108);
#2618=VERTEX_POINT('',#6113);
#2619=VERTEX_POINT('',#6120);
#2620=VERTEX_POINT('',#6129);
#2621=VERTEX_POINT('',#6151);
#2622=VERTEX_POINT('',#6152);
#2623=VERTEX_POINT('',#6157);
#2624=VERTEX_POINT('',#6177);
#2625=VERTEX_POINT('',#6186);
#2626=VERTEX_POINT('',#6205);
#2627=VERTEX_POINT('',#6206);
#2628=VERTEX_POINT('',#6231);
#2629=VERTEX_POINT('',#6233);
#2630=VERTEX_POINT('',#6251);
#2631=VERTEX_POINT('',#6252);
#2632=VERTEX_POINT('',#6277);
#2633=VERTEX_POINT('',#6279);
#2634=VERTEX_POINT('',#6297);
#2635=VERTEX_POINT('',#6298);
#2636=VERTEX_POINT('',#6323);
#2637=VERTEX_POINT('',#6325);
#2638=VERTEX_POINT('',#6343);
#2639=VERTEX_POINT('',#6344);
#2640=VERTEX_POINT('',#6369);
#2641=VERTEX_POINT('',#6371);
#2642=VERTEX_POINT('',#6389);
#2643=VERTEX_POINT('',#6390);
#2644=VERTEX_POINT('',#6415);
#2645=VERTEX_POINT('',#6417);
#2646=VERTEX_POINT('',#6435);
#2647=VERTEX_POINT('',#6436);
#2648=VERTEX_POINT('',#6461);
#2649=VERTEX_POINT('',#6463);
#2650=VERTEX_POINT('',#6488);
#2651=VERTEX_POINT('',#6489);
#2652=VERTEX_POINT('',#6491);
#2653=VERTEX_POINT('',#6511);
#2654=VERTEX_POINT('',#6516);
#2655=VERTEX_POINT('',#6519);
#2656=VERTEX_POINT('',#6533);
#2657=VERTEX_POINT('',#6534);
#2658=VERTEX_POINT('',#6536);
#2659=VERTEX_POINT('',#6556);
#2660=VERTEX_POINT('',#6561);
#2661=VERTEX_POINT('',#6564);
#2662=VERTEX_POINT('',#6578);
#2663=VERTEX_POINT('',#6579);
#2664=VERTEX_POINT('',#6581);
#2665=VERTEX_POINT('',#6601);
#2666=VERTEX_POINT('',#6606);
#2667=VERTEX_POINT('',#6609);
#2668=VERTEX_POINT('',#6623);
#2669=VERTEX_POINT('',#6624);
#2670=VERTEX_POINT('',#6626);
#2671=VERTEX_POINT('',#6646);
#2672=VERTEX_POINT('',#6651);
#2673=VERTEX_POINT('',#6654);
#2674=VERTEX_POINT('',#6668);
#2675=VERTEX_POINT('',#6669);
#2676=VERTEX_POINT('',#6671);
#2677=VERTEX_POINT('',#6691);
#2678=VERTEX_POINT('',#6696);
#2679=VERTEX_POINT('',#6699);
#2680=VERTEX_POINT('',#6713);
#2681=VERTEX_POINT('',#6714);
#2682=VERTEX_POINT('',#6716);
#2683=VERTEX_POINT('',#6736);
#2684=VERTEX_POINT('',#6741);
#2685=VERTEX_POINT('',#6744);
#2686=VERTEX_POINT('',#6751);
#2687=VERTEX_POINT('',#6753);
#2688=VERTEX_POINT('',#6834);
#2689=VERTEX_POINT('',#6838);
#2690=VERTEX_POINT('',#6895);
#2691=VERTEX_POINT('',#6897);
#2692=VERTEX_POINT('',#6978);
#2693=VERTEX_POINT('',#6982);
#2694=VERTEX_POINT('',#7039);
#2695=VERTEX_POINT('',#7041);
#2696=VERTEX_POINT('',#7122);
#2697=VERTEX_POINT('',#7126);
#2698=VERTEX_POINT('',#7183);
#2699=VERTEX_POINT('',#7185);
#2700=VERTEX_POINT('',#7266);
#2701=VERTEX_POINT('',#7270);
#2702=VERTEX_POINT('',#7327);
#2703=VERTEX_POINT('',#7329);
#2704=VERTEX_POINT('',#7410);
#2705=VERTEX_POINT('',#7414);
#2706=VERTEX_POINT('',#7471);
#2707=VERTEX_POINT('',#7473);
#2708=VERTEX_POINT('',#7554);
#2709=VERTEX_POINT('',#7558);
#2710=VERTEX_POINT('',#7615);
#2711=VERTEX_POINT('',#7617);
#2712=VERTEX_POINT('',#7631);
#2713=VERTEX_POINT('',#7635);
#2714=VERTEX_POINT('',#7637);
#2715=VERTEX_POINT('',#7651);
#2716=VERTEX_POINT('',#7655);
#2717=VERTEX_POINT('',#7657);
#2718=VERTEX_POINT('',#7671);
#2719=VERTEX_POINT('',#7675);
#2720=VERTEX_POINT('',#7677);
#2721=VERTEX_POINT('',#7691);
#2722=VERTEX_POINT('',#7695);
#2723=VERTEX_POINT('',#7697);
#2724=VERTEX_POINT('',#7711);
#2725=VERTEX_POINT('',#7715);
#2726=VERTEX_POINT('',#7717);
#2727=VERTEX_POINT('',#7731);
#2728=VERTEX_POINT('',#7735);
#2729=VERTEX_POINT('',#7761);
#2730=VERTEX_POINT('',#7787);
#2731=VERTEX_POINT('',#7813);
#2732=VERTEX_POINT('',#7839);
#2733=VERTEX_POINT('',#7865);
#2734=VERTEX_POINT('',#7891);
#2735=VERTEX_POINT('',#7917);
#2736=VERTEX_POINT('',#7943);
#2737=VERTEX_POINT('',#7969);
#2738=VERTEX_POINT('',#7995);
#2739=VERTEX_POINT('',#8021);
#2740=VERTEX_POINT('',#8047);
#2741=VERTEX_POINT('',#8068);
#2742=VERTEX_POINT('',#8089);
#2743=VERTEX_POINT('',#8110);
#2744=VERTEX_POINT('',#8131);
#2745=VERTEX_POINT('',#8152);
#2746=VERTEX_POINT('',#8173);
#2747=VERTEX_POINT('',#8194);
#2748=VERTEX_POINT('',#8215);
#2749=VERTEX_POINT('',#8236);
#2750=VERTEX_POINT('',#8257);
#2751=VERTEX_POINT('',#8278);
#2752=VERTEX_POINT('',#8743);
#2753=EDGE_CURVE('',#2408,#2408,#3284,.T.);
#2754=EDGE_CURVE('',#2409,#2409,#3285,.T.);
#2755=EDGE_CURVE('',#2410,#2410,#3286,.T.);
#2756=EDGE_CURVE('',#2411,#2411,#3287,.T.);
#2757=EDGE_CURVE('',#2412,#2412,#3288,.T.);
#2758=EDGE_CURVE('',#2413,#2413,#3289,.T.);
#2759=EDGE_CURVE('',#2414,#2414,#3290,.T.);
#2760=EDGE_CURVE('',#2415,#2415,#3291,.T.);
#2761=EDGE_CURVE('',#2416,#2416,#3292,.T.);
#2762=EDGE_CURVE('',#2417,#2417,#3293,.T.);
#2763=EDGE_CURVE('',#2418,#2418,#3294,.T.);
#2764=EDGE_CURVE('',#2419,#2419,#3295,.T.);
#2765=EDGE_CURVE('',#2420,#2420,#3296,.T.);
#2766=EDGE_CURVE('',#2421,#2421,#3297,.T.);
#2767=EDGE_CURVE('',#2422,#2422,#3298,.T.);
#2768=EDGE_CURVE('',#2423,#2423,#3299,.T.);
#2769=EDGE_CURVE('',#2424,#2424,#3300,.T.);
#2770=EDGE_CURVE('',#2425,#2425,#3301,.T.);
#2771=EDGE_CURVE('',#2426,#2426,#3302,.T.);
#2772=EDGE_CURVE('',#2427,#2427,#3303,.T.);
#2773=EDGE_CURVE('',#2428,#2428,#3304,.T.);
#2774=EDGE_CURVE('',#2429,#2429,#3305,.T.);
#2775=EDGE_CURVE('',#2430,#2430,#3306,.T.);
#2776=EDGE_CURVE('',#2431,#2431,#3307,.T.);
#2777=EDGE_CURVE('',#2432,#2432,#3308,.T.);
#2778=EDGE_CURVE('',#2433,#2433,#3309,.T.);
#2779=EDGE_CURVE('',#2434,#2434,#3310,.T.);
#2780=EDGE_CURVE('',#2435,#2435,#3311,.T.);
#2781=EDGE_CURVE('',#2436,#2436,#3312,.T.);
#2782=EDGE_CURVE('',#2437,#2437,#3313,.T.);
#2783=EDGE_CURVE('',#2438,#2438,#3314,.T.);
#2784=EDGE_CURVE('',#2439,#2439,#3315,.T.);
#2785=EDGE_CURVE('',#2440,#2440,#3316,.T.);
#2786=EDGE_CURVE('',#2441,#2441,#3317,.T.);
#2787=EDGE_CURVE('',#2442,#2442,#3318,.T.);
#2788=EDGE_CURVE('',#2443,#2443,#3319,.T.);
#2789=EDGE_CURVE('',#2444,#2445,#351,.T.);
#2790=EDGE_CURVE('',#2445,#2446,#352,.T.);
#2791=EDGE_CURVE('',#2446,#2447,#3320,.T.);
#2792=EDGE_CURVE('',#2447,#2448,#353,.T.);
#2793=EDGE_CURVE('',#2448,#2449,#354,.T.);
#2794=EDGE_CURVE('',#2450,#2449,#355,.T.);
#2795=EDGE_CURVE('',#2451,#2450,#3321,.T.);
#2796=EDGE_CURVE('',#2451,#2452,#356,.T.);
#2797=EDGE_CURVE('',#2453,#2452,#357,.T.);
#2798=EDGE_CURVE('',#2454,#2453,#358,.T.);
#2799=EDGE_CURVE('',#2455,#2454,#359,.T.);
#2800=EDGE_CURVE('',#2456,#2455,#360,.T.);
#2801=EDGE_CURVE('',#2456,#2457,#361,.T.);
#2802=EDGE_CURVE('',#2458,#2457,#3322,.T.);
#2803=EDGE_CURVE('',#2458,#2459,#362,.T.);
#2804=EDGE_CURVE('',#2459,#2460,#363,.T.);
#2805=EDGE_CURVE('',#2460,#2461,#364,.T.);
#2806=EDGE_CURVE('',#2461,#2462,#3323,.T.);
#2807=EDGE_CURVE('',#2462,#2463,#365,.T.);
#2808=EDGE_CURVE('',#2463,#2464,#366,.T.);
#2809=EDGE_CURVE('',#2465,#2464,#367,.T.);
#2810=EDGE_CURVE('',#2466,#2465,#3324,.T.);
#2811=EDGE_CURVE('',#2466,#2467,#368,.T.);
#2812=EDGE_CURVE('',#2468,#2467,#369,.T.);
#2813=EDGE_CURVE('',#2469,#2468,#370,.T.);
#2814=EDGE_CURVE('',#2470,#2469,#371,.T.);
#2815=EDGE_CURVE('',#2471,#2470,#372,.T.);
#2816=EDGE_CURVE('',#2471,#2472,#373,.T.);
#2817=EDGE_CURVE('',#2473,#2472,#3325,.T.);
#2818=EDGE_CURVE('',#2474,#2473,#374,.T.);
#2819=EDGE_CURVE('',#2474,#2475,#375,.T.);
#2820=EDGE_CURVE('',#2475,#2476,#376,.T.);
#2821=EDGE_CURVE('',#2476,#2477,#3326,.T.);
#2822=EDGE_CURVE('',#2477,#2478,#377,.T.);
#2823=EDGE_CURVE('',#2478,#2479,#378,.T.);
#2824=EDGE_CURVE('',#2480,#2479,#379,.T.);
#2825=EDGE_CURVE('',#2481,#2480,#3327,.T.);
#2826=EDGE_CURVE('',#2481,#2482,#380,.T.);
#2827=EDGE_CURVE('',#2483,#2482,#381,.T.);
#2828=EDGE_CURVE('',#2484,#2483,#382,.T.);
#2829=EDGE_CURVE('',#2485,#2484,#383,.T.);
#2830=EDGE_CURVE('',#2486,#2485,#384,.T.);
#2831=EDGE_CURVE('',#2486,#2487,#385,.T.);
#2832=EDGE_CURVE('',#2488,#2487,#3328,.T.);
#2833=EDGE_CURVE('',#2489,#2488,#386,.T.);
#2834=EDGE_CURVE('',#2489,#2490,#387,.T.);
#2835=EDGE_CURVE('',#2490,#2491,#388,.T.);
#2836=EDGE_CURVE('',#2491,#2492,#3329,.T.);
#2837=EDGE_CURVE('',#2492,#2493,#389,.T.);
#2838=EDGE_CURVE('',#2493,#2494,#390,.T.);
#2839=EDGE_CURVE('',#2495,#2494,#391,.T.);
#2840=EDGE_CURVE('',#2496,#2495,#3330,.T.);
#2841=EDGE_CURVE('',#2496,#2497,#392,.T.);
#2842=EDGE_CURVE('',#2498,#2497,#393,.T.);
#2843=EDGE_CURVE('',#2499,#2498,#394,.T.);
#2844=EDGE_CURVE('',#2500,#2499,#395,.T.);
#2845=EDGE_CURVE('',#2501,#2500,#396,.T.);
#2846=EDGE_CURVE('',#2501,#2502,#397,.T.);
#2847=EDGE_CURVE('',#2503,#2502,#3331,.T.);
#2848=EDGE_CURVE('',#2503,#2504,#398,.T.);
#2849=EDGE_CURVE('',#2504,#2505,#399,.T.);
#2850=EDGE_CURVE('',#2505,#2506,#400,.T.);
#2851=EDGE_CURVE('',#2506,#2507,#3332,.T.);
#2852=EDGE_CURVE('',#2507,#2508,#401,.T.);
#2853=EDGE_CURVE('',#2508,#2509,#402,.T.);
#2854=EDGE_CURVE('',#2510,#2509,#403,.T.);
#2855=EDGE_CURVE('',#2511,#2510,#3333,.T.);
#2856=EDGE_CURVE('',#2511,#2512,#404,.T.);
#2857=EDGE_CURVE('',#2513,#2512,#405,.T.);
#2858=EDGE_CURVE('',#2514,#2513,#406,.T.);
#2859=EDGE_CURVE('',#2515,#2514,#407,.T.);
#2860=EDGE_CURVE('',#2516,#2515,#408,.T.);
#2861=EDGE_CURVE('',#2516,#2517,#409,.T.);
#2862=EDGE_CURVE('',#2518,#2517,#3334,.T.);
#2863=EDGE_CURVE('',#2519,#2518,#410,.T.);
#2864=EDGE_CURVE('',#2519,#2520,#411,.T.);
#2865=EDGE_CURVE('',#2520,#2521,#412,.T.);
#2866=EDGE_CURVE('',#2521,#2522,#3335,.T.);
#2867=EDGE_CURVE('',#2522,#2523,#413,.T.);
#2868=EDGE_CURVE('',#2523,#2524,#414,.T.);
#2869=EDGE_CURVE('',#2525,#2524,#415,.T.);
#2870=EDGE_CURVE('',#2526,#2525,#3336,.T.);
#2871=EDGE_CURVE('',#2526,#2527,#416,.T.);
#2872=EDGE_CURVE('',#2528,#2527,#417,.T.);
#2873=EDGE_CURVE('',#2529,#2528,#418,.T.);
#2874=EDGE_CURVE('',#2530,#2529,#419,.T.);
#2875=EDGE_CURVE('',#2531,#2530,#420,.T.);
#2876=EDGE_CURVE('',#2531,#2532,#421,.T.);
#2877=EDGE_CURVE('',#2533,#2532,#3337,.T.);
#2878=EDGE_CURVE('',#2444,#2533,#422,.T.);
#2879=EDGE_CURVE('',#2532,#2534,#315,.T.);
#2880=EDGE_CURVE('',#2535,#2534,#423,.T.);
#2881=EDGE_CURVE('',#2536,#2535,#3338,.T.);
#2882=EDGE_CURVE('',#2533,#2536,#424,.T.);
#2883=EDGE_CURVE('',#2537,#2538,#3339,.T.);
#2884=EDGE_CURVE('',#2539,#2537,#425,.T.);
#2885=EDGE_CURVE('',#2539,#2526,#316,.T.);
#2886=EDGE_CURVE('',#2538,#2525,#426,.T.);
#2887=EDGE_CURVE('',#2517,#2540,#317,.T.);
#2888=EDGE_CURVE('',#2541,#2540,#427,.T.);
#2889=EDGE_CURVE('',#2542,#2541,#3340,.T.);
#2890=EDGE_CURVE('',#2518,#2542,#428,.T.);
#2891=EDGE_CURVE('',#2543,#2544,#3341,.T.);
#2892=EDGE_CURVE('',#2545,#2543,#429,.T.);
#2893=EDGE_CURVE('',#2545,#2511,#318,.T.);
#2894=EDGE_CURVE('',#2544,#2510,#430,.T.);
#2895=EDGE_CURVE('',#2502,#2546,#319,.T.);
#2896=EDGE_CURVE('',#2547,#2546,#431,.T.);
#2897=EDGE_CURVE('',#2548,#2547,#3342,.T.);
#2898=EDGE_CURVE('',#2503,#2548,#432,.T.);
#2899=EDGE_CURVE('',#2549,#2550,#3343,.T.);
#2900=EDGE_CURVE('',#2551,#2549,#433,.T.);
#2901=EDGE_CURVE('',#2551,#2496,#320,.T.);
#2902=EDGE_CURVE('',#2550,#2495,#434,.T.);
#2903=EDGE_CURVE('',#2487,#2552,#321,.T.);
#2904=EDGE_CURVE('',#2553,#2552,#435,.T.);
#2905=EDGE_CURVE('',#2554,#2553,#3344,.T.);
#2906=EDGE_CURVE('',#2488,#2554,#436,.T.);
#2907=EDGE_CURVE('',#2555,#2556,#3345,.T.);
#2908=EDGE_CURVE('',#2557,#2555,#437,.T.);
#2909=EDGE_CURVE('',#2557,#2481,#322,.T.);
#2910=EDGE_CURVE('',#2556,#2480,#438,.T.);
#2911=EDGE_CURVE('',#2472,#2558,#323,.T.);
#2912=EDGE_CURVE('',#2559,#2558,#439,.T.);
#2913=EDGE_CURVE('',#2560,#2559,#3346,.T.);
#2914=EDGE_CURVE('',#2473,#2560,#440,.T.);
#2915=EDGE_CURVE('',#2561,#2562,#3347,.T.);
#2916=EDGE_CURVE('',#2563,#2561,#441,.T.);
#2917=EDGE_CURVE('',#2563,#2466,#324,.T.);
#2918=EDGE_CURVE('',#2562,#2465,#442,.T.);
#2919=EDGE_CURVE('',#2457,#2564,#325,.T.);
#2920=EDGE_CURVE('',#2565,#2564,#443,.T.);
#2921=EDGE_CURVE('',#2566,#2565,#3348,.T.);
#2922=EDGE_CURVE('',#2458,#2566,#444,.T.);
#2923=EDGE_CURVE('',#2567,#2568,#3349,.T.);
#2924=EDGE_CURVE('',#2569,#2567,#445,.T.);
#2925=EDGE_CURVE('',#2569,#2451,#326,.T.);
#2926=EDGE_CURVE('',#2568,#2450,#446,.T.);
#2927=EDGE_CURVE('',#2570,#2570,#3350,.T.);
#2928=EDGE_CURVE('',#2571,#2571,#3351,.T.);
#2929=EDGE_CURVE('',#2572,#2573,#3352,.T.);
#2930=EDGE_CURVE('',#2572,#2574,#447,.T.);
#2931=EDGE_CURVE('',#2575,#2574,#3353,.T.);
#2932=EDGE_CURVE('',#2575,#2576,#448,.T.);
#2933=EDGE_CURVE('',#2577,#2576,#3354,.T.);
#2934=EDGE_CURVE('',#2577,#2578,#449,.T.);
#2935=EDGE_CURVE('',#2579,#2578,#3355,.T.);
#2936=EDGE_CURVE('',#2579,#2580,#450,.T.);
#2937=EDGE_CURVE('',#2581,#2580,#3356,.T.);
#2938=EDGE_CURVE('',#2581,#2582,#451,.T.);
#2939=EDGE_CURVE('',#2583,#2582,#3357,.T.);
#2940=EDGE_CURVE('',#2583,#2573,#452,.T.);
#2941=EDGE_CURVE('',#2582,#2584,#453,.T.);
#2942=EDGE_CURVE('',#2585,#2584,#3358,.T.);
#2943=EDGE_CURVE('',#2585,#2583,#454,.T.);
#2944=EDGE_CURVE('',#2580,#2586,#455,.T.);
#2945=EDGE_CURVE('',#2587,#2586,#3359,.T.);
#2946=EDGE_CURVE('',#2587,#2581,#456,.T.);
#2947=EDGE_CURVE('',#2578,#2588,#457,.T.);
#2948=EDGE_CURVE('',#2589,#2588,#3360,.T.);
#2949=EDGE_CURVE('',#2589,#2579,#458,.T.);
#2950=EDGE_CURVE('',#2576,#2590,#459,.T.);
#2951=EDGE_CURVE('',#2591,#2590,#3361,.T.);
#2952=EDGE_CURVE('',#2591,#2577,#460,.T.);
#2953=EDGE_CURVE('',#2592,#2593,#3362,.T.);
#2954=EDGE_CURVE('',#2592,#2572,#461,.T.);
#2955=EDGE_CURVE('',#2573,#2593,#462,.T.);
#2956=EDGE_CURVE('',#2574,#2594,#463,.T.);
#2957=EDGE_CURVE('',#2595,#2594,#3363,.T.);
#2958=EDGE_CURVE('',#2595,#2575,#464,.T.);
#2959=EDGE_CURVE('',#2596,#2597,#465,.T.);
#2960=EDGE_CURVE('',#2597,#2598,#466,.T.);
#2961=EDGE_CURVE('',#2598,#2599,#467,.T.);
#2962=EDGE_CURVE('',#2593,#2599,#468,.T.);
#2963=EDGE_CURVE('',#2600,#2585,#469,.T.);
#2964=EDGE_CURVE('',#2600,#2596,#470,.T.);
#2965=EDGE_CURVE('',#2601,#2602,#471,.T.);
#2966=EDGE_CURVE('',#2602,#2603,#472,.T.);
#2967=EDGE_CURVE('',#2603,#2604,#473,.T.);
#2968=EDGE_CURVE('',#2584,#2604,#474,.T.);
#2969=EDGE_CURVE('',#2605,#2587,#475,.T.);
#2970=EDGE_CURVE('',#2605,#2601,#476,.T.);
#2971=EDGE_CURVE('',#2606,#2607,#477,.T.);
#2972=EDGE_CURVE('',#2607,#2608,#478,.T.);
#2973=EDGE_CURVE('',#2608,#2609,#479,.T.);
#2974=EDGE_CURVE('',#2586,#2609,#480,.T.);
#2975=EDGE_CURVE('',#2610,#2589,#481,.T.);
#2976=EDGE_CURVE('',#2610,#2606,#482,.T.);
#2977=EDGE_CURVE('',#2611,#2612,#483,.T.);
#2978=EDGE_CURVE('',#2612,#2613,#484,.T.);
#2979=EDGE_CURVE('',#2613,#2614,#485,.T.);
#2980=EDGE_CURVE('',#2588,#2614,#486,.T.);
#2981=EDGE_CURVE('',#2615,#2591,#487,.T.);
#2982=EDGE_CURVE('',#2615,#2611,#488,.T.);
#2983=EDGE_CURVE('',#2616,#2617,#489,.T.);
#2984=EDGE_CURVE('',#2617,#2618,#490,.T.);
#2985=EDGE_CURVE('',#2618,#2619,#491,.T.);
#2986=EDGE_CURVE('',#2590,#2619,#492,.T.);
#2987=EDGE_CURVE('',#2620,#2595,#493,.T.);
#2988=EDGE_CURVE('',#2620,#2616,#494,.T.);
#2989=EDGE_CURVE('',#2621,#2622,#495,.T.);
#2990=EDGE_CURVE('',#2622,#2623,#496,.T.);
#2991=EDGE_CURVE('',#2623,#2624,#497,.T.);
#2992=EDGE_CURVE('',#2594,#2624,#498,.T.);
#2993=EDGE_CURVE('',#2625,#2592,#499,.T.);
#2994=EDGE_CURVE('',#2625,#2621,#500,.T.);
#2995=EDGE_CURVE('',#2626,#2627,#3364,.T.);
#2996=EDGE_CURVE('',#2616,#2627,#501,.T.);
#2997=EDGE_CURVE('',#2626,#2620,#502,.T.);
#2998=EDGE_CURVE('',#2628,#2618,#503,.T.);
#2999=EDGE_CURVE('',#2628,#2629,#3365,.T.);
#3000=EDGE_CURVE('',#2619,#2629,#504,.T.);
#3001=EDGE_CURVE('',#2630,#2631,#3366,.T.);
#3002=EDGE_CURVE('',#2611,#2631,#505,.T.);
#3003=EDGE_CURVE('',#2630,#2615,#506,.T.);
#3004=EDGE_CURVE('',#2632,#2613,#507,.T.);
#3005=EDGE_CURVE('',#2632,#2633,#3367,.T.);
#3006=EDGE_CURVE('',#2614,#2633,#508,.T.);
#3007=EDGE_CURVE('',#2634,#2635,#3368,.T.);
#3008=EDGE_CURVE('',#2606,#2635,#509,.T.);
#3009=EDGE_CURVE('',#2634,#2610,#510,.T.);
#3010=EDGE_CURVE('',#2636,#2608,#511,.T.);
#3011=EDGE_CURVE('',#2636,#2637,#3369,.T.);
#3012=EDGE_CURVE('',#2609,#2637,#512,.T.);
#3013=EDGE_CURVE('',#2638,#2639,#3370,.T.);
#3014=EDGE_CURVE('',#2601,#2639,#513,.T.);
#3015=EDGE_CURVE('',#2638,#2605,#514,.T.);
#3016=EDGE_CURVE('',#2640,#2603,#515,.T.);
#3017=EDGE_CURVE('',#2640,#2641,#3371,.T.);
#3018=EDGE_CURVE('',#2604,#2641,#516,.T.);
#3019=EDGE_CURVE('',#2642,#2643,#3372,.T.);
#3020=EDGE_CURVE('',#2596,#2643,#517,.T.);
#3021=EDGE_CURVE('',#2642,#2600,#518,.T.);
#3022=EDGE_CURVE('',#2644,#2598,#519,.T.);
#3023=EDGE_CURVE('',#2644,#2645,#3373,.T.);
#3024=EDGE_CURVE('',#2599,#2645,#520,.T.);
#3025=EDGE_CURVE('',#2646,#2647,#3374,.T.);
#3026=EDGE_CURVE('',#2621,#2647,#521,.T.);
#3027=EDGE_CURVE('',#2646,#2625,#522,.T.);
#3028=EDGE_CURVE('',#2648,#2623,#523,.T.);
#3029=EDGE_CURVE('',#2648,#2649,#3375,.T.);
#3030=EDGE_CURVE('',#2624,#2649,#524,.T.);
#3031=EDGE_CURVE('',#2650,#2651,#525,.T.);
#3032=EDGE_CURVE('',#2651,#2652,#3376,.T.);
#3033=EDGE_CURVE('',#2652,#2653,#526,.T.);
#3034=EDGE_CURVE('',#2653,#2654,#527,.T.);
#3035=EDGE_CURVE('',#2642,#2654,#3377,.T.);
#3036=EDGE_CURVE('',#2655,#2641,#3378,.T.);
#3037=EDGE_CURVE('',#2655,#2650,#528,.T.);
#3038=EDGE_CURVE('',#2656,#2657,#529,.T.);
#3039=EDGE_CURVE('',#2657,#2658,#3379,.T.);
#3040=EDGE_CURVE('',#2658,#2659,#530,.T.);
#3041=EDGE_CURVE('',#2659,#2660,#531,.T.);
#3042=EDGE_CURVE('',#2638,#2660,#3380,.T.);
#3043=EDGE_CURVE('',#2661,#2637,#3381,.T.);
#3044=EDGE_CURVE('',#2661,#2656,#532,.T.);
#3045=EDGE_CURVE('',#2662,#2663,#533,.T.);
#3046=EDGE_CURVE('',#2663,#2664,#3382,.T.);
#3047=EDGE_CURVE('',#2664,#2665,#534,.T.);
#3048=EDGE_CURVE('',#2665,#2666,#535,.T.);
#3049=EDGE_CURVE('',#2634,#2666,#3383,.T.);
#3050=EDGE_CURVE('',#2667,#2633,#3384,.T.);
#3051=EDGE_CURVE('',#2667,#2662,#536,.T.);
#3052=EDGE_CURVE('',#2668,#2669,#537,.T.);
#3053=EDGE_CURVE('',#2669,#2670,#3385,.T.);
#3054=EDGE_CURVE('',#2670,#2671,#538,.T.);
#3055=EDGE_CURVE('',#2671,#2672,#539,.T.);
#3056=EDGE_CURVE('',#2630,#2672,#3386,.T.);
#3057=EDGE_CURVE('',#2673,#2629,#3387,.T.);
#3058=EDGE_CURVE('',#2673,#2668,#540,.T.);
#3059=EDGE_CURVE('',#2674,#2675,#541,.T.);
#3060=EDGE_CURVE('',#2675,#2676,#3388,.T.);
#3061=EDGE_CURVE('',#2676,#2677,#542,.T.);
#3062=EDGE_CURVE('',#2677,#2678,#543,.T.);
#3063=EDGE_CURVE('',#2646,#2678,#3389,.T.);
#3064=EDGE_CURVE('',#2679,#2645,#3390,.T.);
#3065=EDGE_CURVE('',#2679,#2674,#544,.T.);
#3066=EDGE_CURVE('',#2680,#2681,#545,.T.);
#3067=EDGE_CURVE('',#2681,#2682,#3391,.T.);
#3068=EDGE_CURVE('',#2682,#2683,#546,.T.);
#3069=EDGE_CURVE('',#2683,#2684,#547,.T.);
#3070=EDGE_CURVE('',#2626,#2684,#3392,.T.);
#3071=EDGE_CURVE('',#2685,#2649,#3393,.T.);
#3072=EDGE_CURVE('',#2685,#2680,#548,.T.);
#3073=EDGE_CURVE('',#2686,#2669,#3394,.T.);
#3074=EDGE_CURVE('',#2687,#2668,#3395,.T.);
#3075=EDGE_CURVE('',#2686,#2687,#549,.T.);
#3076=EDGE_CURVE('',#2688,#2670,#3396,.T.);
#3077=EDGE_CURVE('',#2688,#2686,#3397,.T.);
#3078=EDGE_CURVE('',#2689,#2671,#3398,.T.);
#3079=EDGE_CURVE('',#2689,#2688,#550,.T.);
#3080=EDGE_CURVE('',#2690,#2663,#3399,.T.);
#3081=EDGE_CURVE('',#2691,#2662,#3400,.T.);
#3082=EDGE_CURVE('',#2690,#2691,#551,.T.);
#3083=EDGE_CURVE('',#2692,#2664,#3401,.T.);
#3084=EDGE_CURVE('',#2692,#2690,#3402,.T.);
#3085=EDGE_CURVE('',#2693,#2665,#3403,.T.);
#3086=EDGE_CURVE('',#2693,#2692,#552,.T.);
#3087=EDGE_CURVE('',#2694,#2657,#3404,.T.);
#3088=EDGE_CURVE('',#2695,#2656,#3405,.T.);
#3089=EDGE_CURVE('',#2694,#2695,#553,.T.);
#3090=EDGE_CURVE('',#2696,#2658,#3406,.T.);
#3091=EDGE_CURVE('',#2696,#2694,#3407,.T.);
#3092=EDGE_CURVE('',#2697,#2659,#3408,.T.);
#3093=EDGE_CURVE('',#2697,#2696,#554,.T.);
#3094=EDGE_CURVE('',#2698,#2651,#3409,.T.);
#3095=EDGE_CURVE('',#2699,#2650,#3410,.T.);
#3096=EDGE_CURVE('',#2698,#2699,#555,.T.);
#3097=EDGE_CURVE('',#2700,#2652,#3411,.T.);
#3098=EDGE_CURVE('',#2700,#2698,#3412,.T.);
#3099=EDGE_CURVE('',#2701,#2653,#3413,.T.);
#3100=EDGE_CURVE('',#2701,#2700,#556,.T.);
#3101=EDGE_CURVE('',#2702,#2675,#3414,.T.);
#3102=EDGE_CURVE('',#2703,#2674,#3415,.T.);
#3103=EDGE_CURVE('',#2702,#2703,#557,.T.);
#3104=EDGE_CURVE('',#2704,#2676,#3416,.T.);
#3105=EDGE_CURVE('',#2704,#2702,#3417,.T.);
#3106=EDGE_CURVE('',#2705,#2677,#3418,.T.);
#3107=EDGE_CURVE('',#2705,#2704,#558,.T.);
#3108=EDGE_CURVE('',#2706,#2681,#3419,.T.);
#3109=EDGE_CURVE('',#2707,#2680,#3420,.T.);
#3110=EDGE_CURVE('',#2706,#2707,#559,.T.);
#3111=EDGE_CURVE('',#2708,#2682,#3421,.T.);
#3112=EDGE_CURVE('',#2708,#2706,#3422,.T.);
#3113=EDGE_CURVE('',#2709,#2683,#3423,.T.);
#3114=EDGE_CURVE('',#2709,#2708,#560,.T.);
#3115=EDGE_CURVE('',#2710,#2597,#3424,.T.);
#3116=EDGE_CURVE('',#2711,#2710,#3425,.T.);
#3117=EDGE_CURVE('',#2711,#2644,#561,.T.);
#3118=EDGE_CURVE('',#2643,#2712,#562,.T.);
#3119=EDGE_CURVE('',#2710,#2712,#3426,.T.);
#3120=EDGE_CURVE('',#2713,#2602,#3427,.T.);
#3121=EDGE_CURVE('',#2714,#2713,#3428,.T.);
#3122=EDGE_CURVE('',#2714,#2640,#563,.T.);
#3123=EDGE_CURVE('',#2639,#2715,#564,.T.);
#3124=EDGE_CURVE('',#2713,#2715,#3429,.T.);
#3125=EDGE_CURVE('',#2716,#2607,#3430,.T.);
#3126=EDGE_CURVE('',#2717,#2716,#3431,.T.);
#3127=EDGE_CURVE('',#2717,#2636,#565,.T.);
#3128=EDGE_CURVE('',#2635,#2718,#566,.T.);
#3129=EDGE_CURVE('',#2716,#2718,#3432,.T.);
#3130=EDGE_CURVE('',#2719,#2612,#3433,.T.);
#3131=EDGE_CURVE('',#2720,#2719,#3434,.T.);
#3132=EDGE_CURVE('',#2720,#2632,#567,.T.);
#3133=EDGE_CURVE('',#2631,#2721,#568,.T.);
#3134=EDGE_CURVE('',#2719,#2721,#3435,.T.);
#3135=EDGE_CURVE('',#2722,#2617,#3436,.T.);
#3136=EDGE_CURVE('',#2723,#2722,#3437,.T.);
#3137=EDGE_CURVE('',#2723,#2628,#569,.T.);
#3138=EDGE_CURVE('',#2627,#2724,#570,.T.);
#3139=EDGE_CURVE('',#2722,#2724,#3438,.T.);
#3140=EDGE_CURVE('',#2725,#2622,#3439,.T.);
#3141=EDGE_CURVE('',#2726,#2725,#3440,.T.);
#3142=EDGE_CURVE('',#2726,#2648,#571,.T.);
#3143=EDGE_CURVE('',#2647,#2727,#572,.T.);
#3144=EDGE_CURVE('',#2725,#2727,#3441,.T.);
#3145=EDGE_CURVE('',#2728,#2724,#3442,.T.);
#3146=EDGE_CURVE('',#2728,#2626,#573,.T.);
#3147=EDGE_CURVE('',#2723,#2729,#3443,.T.);
#3148=EDGE_CURVE('',#2629,#2729,#574,.T.);
#3149=EDGE_CURVE('',#2730,#2721,#3444,.T.);
#3150=EDGE_CURVE('',#2730,#2630,#575,.T.);
#3151=EDGE_CURVE('',#2720,#2731,#3445,.T.);
#3152=EDGE_CURVE('',#2633,#2731,#576,.T.);
#3153=EDGE_CURVE('',#2732,#2718,#3446,.T.);
#3154=EDGE_CURVE('',#2732,#2634,#577,.T.);
#3155=EDGE_CURVE('',#2717,#2733,#3447,.T.);
#3156=EDGE_CURVE('',#2637,#2733,#578,.T.);
#3157=EDGE_CURVE('',#2734,#2715,#3448,.T.);
#3158=EDGE_CURVE('',#2734,#2638,#579,.T.);
#3159=EDGE_CURVE('',#2714,#2735,#3449,.T.);
#3160=EDGE_CURVE('',#2641,#2735,#580,.T.);
#3161=EDGE_CURVE('',#2736,#2712,#3450,.T.);
#3162=EDGE_CURVE('',#2736,#2642,#581,.T.);
#3163=EDGE_CURVE('',#2711,#2737,#3451,.T.);
#3164=EDGE_CURVE('',#2645,#2737,#582,.T.);
#3165=EDGE_CURVE('',#2738,#2727,#3452,.T.);
#3166=EDGE_CURVE('',#2738,#2646,#583,.T.);
#3167=EDGE_CURVE('',#2726,#2739,#3453,.T.);
#3168=EDGE_CURVE('',#2649,#2739,#584,.T.);
#3169=EDGE_CURVE('',#2740,#2684,#3454,.T.);
#3170=EDGE_CURVE('',#2740,#2709,#585,.T.);
#3171=EDGE_CURVE('',#2741,#2685,#3455,.T.);
#3172=EDGE_CURVE('',#2707,#2741,#586,.T.);
#3173=EDGE_CURVE('',#2742,#2672,#3456,.T.);
#3174=EDGE_CURVE('',#2742,#2689,#587,.T.);
#3175=EDGE_CURVE('',#2743,#2673,#3457,.T.);
#3176=EDGE_CURVE('',#2687,#2743,#588,.T.);
#3177=EDGE_CURVE('',#2744,#2666,#3458,.T.);
#3178=EDGE_CURVE('',#2744,#2693,#589,.T.);
#3179=EDGE_CURVE('',#2745,#2667,#3459,.T.);
#3180=EDGE_CURVE('',#2691,#2745,#590,.T.);
#3181=EDGE_CURVE('',#2746,#2660,#3460,.T.);
#3182=EDGE_CURVE('',#2746,#2697,#591,.T.);
#3183=EDGE_CURVE('',#2747,#2661,#3461,.T.);
#3184=EDGE_CURVE('',#2695,#2747,#592,.T.);
#3185=EDGE_CURVE('',#2748,#2654,#3462,.T.);
#3186=EDGE_CURVE('',#2748,#2701,#593,.T.);
#3187=EDGE_CURVE('',#2749,#2655,#3463,.T.);
#3188=EDGE_CURVE('',#2699,#2749,#594,.T.);
#3189=EDGE_CURVE('',#2750,#2678,#3464,.T.);
#3190=EDGE_CURVE('',#2750,#2705,#595,.T.);
#3191=EDGE_CURVE('',#2751,#2679,#3465,.T.);
#3192=EDGE_CURVE('',#2703,#2751,#596,.T.);
#3193=EDGE_CURVE('',#2467,#2563,#597,.T.);
#3194=EDGE_CURVE('',#2737,#2561,#598,.T.);
#3195=EDGE_CURVE('',#2468,#2711,#599,.T.);
#3196=EDGE_CURVE('',#2558,#2471,#600,.T.);
#3197=EDGE_CURVE('',#2559,#2736,#601,.T.);
#3198=EDGE_CURVE('',#2712,#2470,#602,.T.);
#3199=EDGE_CURVE('',#2710,#2469,#327,.T.);
#3200=EDGE_CURVE('',#2678,#2566,#3466,.T.);
#3201=EDGE_CURVE('',#2459,#2750,#3467,.T.);
#3202=EDGE_CURVE('',#2705,#2460,#3468,.T.);
#3203=EDGE_CURVE('',#2704,#2461,#3469,.T.);
#3204=EDGE_CURVE('',#2702,#2462,#3470,.T.);
#3205=EDGE_CURVE('',#2703,#2463,#3471,.T.);
#3206=EDGE_CURVE('',#2562,#2679,#3472,.T.);
#3207=EDGE_CURVE('',#2751,#2464,#3473,.T.);
#3208=EDGE_CURVE('',#2452,#2569,#603,.T.);
#3209=EDGE_CURVE('',#2739,#2567,#604,.T.);
#3210=EDGE_CURVE('',#2453,#2726,#605,.T.);
#3211=EDGE_CURVE('',#2564,#2456,#606,.T.);
#3212=EDGE_CURVE('',#2565,#2738,#607,.T.);
#3213=EDGE_CURVE('',#2727,#2455,#608,.T.);
#3214=EDGE_CURVE('',#2725,#2454,#328,.T.);
#3215=EDGE_CURVE('',#2684,#2536,#3474,.T.);
#3216=EDGE_CURVE('',#2444,#2740,#3475,.T.);
#3217=EDGE_CURVE('',#2709,#2445,#3476,.T.);
#3218=EDGE_CURVE('',#2708,#2446,#3477,.T.);
#3219=EDGE_CURVE('',#2706,#2447,#3478,.T.);
#3220=EDGE_CURVE('',#2707,#2448,#3479,.T.);
#3221=EDGE_CURVE('',#2568,#2685,#3480,.T.);
#3222=EDGE_CURVE('',#2741,#2449,#3481,.T.);
#3223=EDGE_CURVE('',#2527,#2539,#609,.T.);
#3224=EDGE_CURVE('',#2729,#2537,#610,.T.);
#3225=EDGE_CURVE('',#2528,#2723,#611,.T.);
#3226=EDGE_CURVE('',#2534,#2531,#612,.T.);
#3227=EDGE_CURVE('',#2535,#2728,#613,.T.);
#3228=EDGE_CURVE('',#2724,#2530,#614,.T.);
#3229=EDGE_CURVE('',#2722,#2529,#329,.T.);
#3230=EDGE_CURVE('',#2672,#2542,#3482,.T.);
#3231=EDGE_CURVE('',#2519,#2742,#3483,.T.);
#3232=EDGE_CURVE('',#2689,#2520,#3484,.T.);
#3233=EDGE_CURVE('',#2688,#2521,#3485,.T.);
#3234=EDGE_CURVE('',#2686,#2522,#3486,.T.);
#3235=EDGE_CURVE('',#2687,#2523,#3487,.T.);
#3236=EDGE_CURVE('',#2538,#2673,#3488,.T.);
#3237=EDGE_CURVE('',#2743,#2524,#3489,.T.);
#3238=EDGE_CURVE('',#2512,#2545,#615,.T.);
#3239=EDGE_CURVE('',#2731,#2543,#616,.T.);
#3240=EDGE_CURVE('',#2513,#2720,#617,.T.);
#3241=EDGE_CURVE('',#2540,#2516,#618,.T.);
#3242=EDGE_CURVE('',#2541,#2730,#619,.T.);
#3243=EDGE_CURVE('',#2721,#2515,#620,.T.);
#3244=EDGE_CURVE('',#2719,#2514,#330,.T.);
#3245=EDGE_CURVE('',#2666,#2548,#3490,.T.);
#3246=EDGE_CURVE('',#2504,#2744,#3491,.T.);
#3247=EDGE_CURVE('',#2693,#2505,#3492,.T.);
#3248=EDGE_CURVE('',#2692,#2506,#3493,.T.);
#3249=EDGE_CURVE('',#2690,#2507,#3494,.T.);
#3250=EDGE_CURVE('',#2691,#2508,#3495,.T.);
#3251=EDGE_CURVE('',#2544,#2667,#3496,.T.);
#3252=EDGE_CURVE('',#2745,#2509,#3497,.T.);
#3253=EDGE_CURVE('',#2497,#2551,#621,.T.);
#3254=EDGE_CURVE('',#2733,#2549,#622,.T.);
#3255=EDGE_CURVE('',#2498,#2717,#623,.T.);
#3256=EDGE_CURVE('',#2546,#2501,#624,.T.);
#3257=EDGE_CURVE('',#2547,#2732,#625,.T.);
#3258=EDGE_CURVE('',#2718,#2500,#626,.T.);
#3259=EDGE_CURVE('',#2716,#2499,#331,.T.);
#3260=EDGE_CURVE('',#2660,#2554,#3498,.T.);
#3261=EDGE_CURVE('',#2489,#2746,#3499,.T.);
#3262=EDGE_CURVE('',#2697,#2490,#3500,.T.);
#3263=EDGE_CURVE('',#2696,#2491,#3501,.T.);
#3264=EDGE_CURVE('',#2694,#2492,#3502,.T.);
#3265=EDGE_CURVE('',#2695,#2493,#3503,.T.);
#3266=EDGE_CURVE('',#2550,#2661,#3504,.T.);
#3267=EDGE_CURVE('',#2747,#2494,#3505,.T.);
#3268=EDGE_CURVE('',#2482,#2557,#627,.T.);
#3269=EDGE_CURVE('',#2735,#2555,#628,.T.);
#3270=EDGE_CURVE('',#2483,#2714,#629,.T.);
#3271=EDGE_CURVE('',#2552,#2486,#630,.T.);
#3272=EDGE_CURVE('',#2553,#2734,#631,.T.);
#3273=EDGE_CURVE('',#2715,#2485,#632,.T.);
#3274=EDGE_CURVE('',#2713,#2484,#332,.T.);
#3275=EDGE_CURVE('',#2654,#2560,#3506,.T.);
#3276=EDGE_CURVE('',#2474,#2748,#3507,.T.);
#3277=EDGE_CURVE('',#2701,#2475,#3508,.T.);
#3278=EDGE_CURVE('',#2700,#2476,#3509,.T.);
#3279=EDGE_CURVE('',#2698,#2477,#3510,.T.);
#3280=EDGE_CURVE('',#2699,#2478,#3511,.T.);
#3281=EDGE_CURVE('',#2556,#2655,#3512,.T.);
#3282=EDGE_CURVE('',#2749,#2479,#3513,.T.);
#3283=EDGE_CURVE('',#2752,#2752,#3514,.T.);
#3284=CIRCLE('',#3516,52.17);
#3285=CIRCLE('',#3517,52.17);
#3286=CIRCLE('',#3519,30.);
#3287=CIRCLE('',#3520,24.125);
#3288=CIRCLE('',#3522,33.);
#3289=CIRCLE('',#3523,33.);
#3290=CIRCLE('',#3525,34.);
#3291=CIRCLE('',#3527,39.5982447511369);
#3292=CIRCLE('',#3530,32.5980762113533);
#3293=CIRCLE('',#3533,6.15059700836725);
#3294=CIRCLE('',#3534,9.28750000000035);
#3295=CIRCLE('',#3536,11.2875);
#3296=CIRCLE('',#3538,11.2875);
#3297=CIRCLE('',#3540,11.8233185854702);
#3298=CIRCLE('',#3542,15.4887067742953);
#3299=CIRCLE('',#3544,17.459);
#3300=CIRCLE('',#3546,17.459);
#3301=CIRCLE('',#3548,19.125);
#3302=CIRCLE('',#3550,19.125);
#3303=CIRCLE('',#3553,51.91);
#3304=CIRCLE('',#3555,50.8053941758571);
#3305=CIRCLE('',#3557,51.11);
#3306=CIRCLE('',#3558,48.61);
#3307=CIRCLE('',#3560,51.11);
#3308=CIRCLE('',#3562,51.485);
#3309=CIRCLE('',#3564,51.485);
#3310=CIRCLE('',#3566,50.6753941758571);
#3311=CIRCLE('',#3568,50.58);
#3312=CIRCLE('',#3570,50.58);
#3313=CIRCLE('',#3572,50.9314718625761);
#3314=CIRCLE('',#3574,51.485);
#3315=CIRCLE('',#3576,51.485);
#3316=CIRCLE('',#3578,51.2053941758571);
#3317=CIRCLE('',#3580,51.11);
#3318=CIRCLE('',#3582,51.11);
#3319=CIRCLE('',#3585,45.9217115111605);
#3320=CIRCLE('',#3587,38.7653142284706);
#3321=CIRCLE('',#3588,37.705);
#3322=CIRCLE('',#3589,37.705);
#3323=CIRCLE('',#3590,38.7653142284706);
#3324=CIRCLE('',#3591,37.705);
#3325=CIRCLE('',#3592,37.705);
#3326=CIRCLE('',#3593,38.7653142284706);
#3327=CIRCLE('',#3594,37.705);
#3328=CIRCLE('',#3595,37.705);
#3329=CIRCLE('',#3596,38.7653142284706);
#3330=CIRCLE('',#3597,37.705);
#3331=CIRCLE('',#3598,37.705);
#3332=CIRCLE('',#3599,38.7653142284706);
#3333=CIRCLE('',#3600,37.705);
#3334=CIRCLE('',#3601,37.705);
#3335=CIRCLE('',#3602,38.7653142284706);
#3336=CIRCLE('',#3603,37.705);
#3337=CIRCLE('',#3604,37.705);
#3338=CIRCLE('',#3606,37.705);
#3339=CIRCLE('',#3608,37.705);
#3340=CIRCLE('',#3610,37.705);
#3341=CIRCLE('',#3612,37.705);
#3342=CIRCLE('',#3614,37.705);
#3343=CIRCLE('',#3616,37.705);
#3344=CIRCLE('',#3618,37.705);
#3345=CIRCLE('',#3620,37.705);
#3346=CIRCLE('',#3622,37.705);
#3347=CIRCLE('',#3624,37.705);
#3348=CIRCLE('',#3626,37.705);
#3349=CIRCLE('',#3628,37.705);
#3350=CIRCLE('',#3630,7.64903244819822);
#3351=CIRCLE('',#3632,10.6020607862979);
#3352=CIRCLE('',#3634,26.323707859804);
#3353=CIRCLE('',#3635,26.323707859804);
#3354=CIRCLE('',#3636,26.323707859804);
#3355=CIRCLE('',#3637,26.323707859804);
#3356=CIRCLE('',#3638,26.323707859804);
#3357=CIRCLE('',#3639,26.323707859804);
#3358=CIRCLE('',#3641,28.5617080863638);
#3359=CIRCLE('',#3643,28.5617080863638);
#3360=CIRCLE('',#3645,28.5617080863638);
#3361=CIRCLE('',#3647,28.5617080863638);
#3362=CIRCLE('',#3649,28.5617080863638);
#3363=CIRCLE('',#3651,28.5617080863638);
#3364=CIRCLE('',#3659,5.5);
#3365=CIRCLE('',#3660,5.5);
#3366=CIRCLE('',#3661,5.5);
#3367=CIRCLE('',#3662,5.5);
#3368=CIRCLE('',#3663,5.5);
#3369=CIRCLE('',#3664,5.5);
#3370=CIRCLE('',#3665,5.5);
#3371=CIRCLE('',#3666,5.5);
#3372=CIRCLE('',#3667,5.5);
#3373=CIRCLE('',#3668,5.5);
#3374=CIRCLE('',#3669,5.5);
#3375=CIRCLE('',#3670,5.5);
#3376=CIRCLE('',#3671,28.9277372071093);
#3377=CIRCLE('',#3672,34.3268286478697);
#3378=CIRCLE('',#3673,34.3268286478697);
#3379=CIRCLE('',#3675,28.9277372071093);
#3380=CIRCLE('',#3676,34.3268286478697);
#3381=CIRCLE('',#3677,34.3268286478697);
#3382=CIRCLE('',#3679,28.9277372071093);
#3383=CIRCLE('',#3680,34.3268286478697);
#3384=CIRCLE('',#3681,34.3268286478697);
#3385=CIRCLE('',#3683,28.9277372071093);
#3386=CIRCLE('',#3684,34.3268286478697);
#3387=CIRCLE('',#3685,34.3268286478697);
#3388=CIRCLE('',#3687,28.9277372071093);
#3389=CIRCLE('',#3688,34.3268286478697);
#3390=CIRCLE('',#3689,34.3268286478697);
#3391=CIRCLE('',#3691,28.9277372071093);
#3392=CIRCLE('',#3692,34.3268286478697);
#3393=CIRCLE('',#3693,34.3268286478697);
#3394=CIRCLE('',#3695,1.);
#3395=CIRCLE('',#3696,1.);
#3396=CIRCLE('',#3697,1.);
#3397=CIRCLE('',#3698,29.0869212347187);
#3398=CIRCLE('',#3700,1.);
#3399=CIRCLE('',#3701,1.);
#3400=CIRCLE('',#3702,1.);
#3401=CIRCLE('',#3703,1.);
#3402=CIRCLE('',#3704,29.0869212347187);
#3403=CIRCLE('',#3706,1.);
#3404=CIRCLE('',#3707,1.);
#3405=CIRCLE('',#3708,1.);
#3406=CIRCLE('',#3709,1.);
#3407=CIRCLE('',#3710,29.0869212347187);
#3408=CIRCLE('',#3712,1.);
#3409=CIRCLE('',#3713,1.);
#3410=CIRCLE('',#3714,1.);
#3411=CIRCLE('',#3715,1.);
#3412=CIRCLE('',#3716,29.0869212347187);
#3413=CIRCLE('',#3718,1.);
#3414=CIRCLE('',#3719,1.);
#3415=CIRCLE('',#3720,1.);
#3416=CIRCLE('',#3721,1.);
#3417=CIRCLE('',#3722,29.0869212347187);
#3418=CIRCLE('',#3724,1.);
#3419=CIRCLE('',#3725,1.);
#3420=CIRCLE('',#3726,1.);
#3421=CIRCLE('',#3727,1.);
#3422=CIRCLE('',#3728,29.0869212347187);
#3423=CIRCLE('',#3730,1.);
#3424=CIRCLE('',#3731,45.2069297376104);
#3425=CIRCLE('',#3732,11.609);
#3426=CIRCLE('',#3734,11.609);
#3427=CIRCLE('',#3736,45.2069297376104);
#3428=CIRCLE('',#3737,11.609);
#3429=CIRCLE('',#3739,11.609);
#3430=CIRCLE('',#3741,45.2069297376104);
#3431=CIRCLE('',#3742,11.609);
#3432=CIRCLE('',#3744,11.609);
#3433=CIRCLE('',#3746,45.2069297376104);
#3434=CIRCLE('',#3747,11.609);
#3435=CIRCLE('',#3749,11.609);
#3436=CIRCLE('',#3751,45.2069297376104);
#3437=CIRCLE('',#3752,11.609);
#3438=CIRCLE('',#3754,11.609);
#3439=CIRCLE('',#3756,45.2069297376104);
#3440=CIRCLE('',#3757,11.609);
#3441=CIRCLE('',#3759,11.609);
#3442=CIRCLE('',#3761,5.5);
#3443=CIRCLE('',#3762,5.5);
#3444=CIRCLE('',#3763,5.5);
#3445=CIRCLE('',#3764,5.5);
#3446=CIRCLE('',#3765,5.5);
#3447=CIRCLE('',#3766,5.5);
#3448=CIRCLE('',#3767,5.5);
#3449=CIRCLE('',#3768,5.5);
#3450=CIRCLE('',#3769,5.5);
#3451=CIRCLE('',#3770,5.5);
#3452=CIRCLE('',#3771,5.5);
#3453=CIRCLE('',#3772,5.5);
#3454=CIRCLE('',#3773,1.);
#3455=CIRCLE('',#3774,1.);
#3456=CIRCLE('',#3775,1.);
#3457=CIRCLE('',#3776,1.);
#3458=CIRCLE('',#3777,1.);
#3459=CIRCLE('',#3778,1.);
#3460=CIRCLE('',#3779,1.);
#3461=CIRCLE('',#3780,1.);
#3462=CIRCLE('',#3781,1.);
#3463=CIRCLE('',#3782,1.);
#3464=CIRCLE('',#3783,1.);
#3465=CIRCLE('',#3784,1.);
#3466=CIRCLE('',#3789,39.2545400593472);
#3467=CIRCLE('',#3790,40.0473782961463);
#3468=CIRCLE('',#3792,40.6756592292089);
#3469=CIRCLE('',#3794,40.8222121509247);
#3470=CIRCLE('',#3796,40.8222121509247);
#3471=CIRCLE('',#3798,40.6756592292089);
#3472=CIRCLE('',#3800,39.2545400593472);
#3473=CIRCLE('',#3801,40.0473782961467);
#3474=CIRCLE('',#3808,39.2545400593472);
#3475=CIRCLE('',#3809,40.0473782961461);
#3476=CIRCLE('',#3811,40.6756592292089);
#3477=CIRCLE('',#3813,40.8222121509247);
#3478=CIRCLE('',#3815,40.8222121509247);
#3479=CIRCLE('',#3817,40.6756592292089);
#3480=CIRCLE('',#3819,39.2545400593472);
#3481=CIRCLE('',#3820,40.0473782961456);
#3482=CIRCLE('',#3829,39.2545400593472);
#3483=CIRCLE('',#3830,40.0473782961462);
#3484=CIRCLE('',#3832,40.6756592292089);
#3485=CIRCLE('',#3834,40.8222121509247);
#3486=CIRCLE('',#3836,40.8222121509247);
#3487=CIRCLE('',#3838,40.6756592292089);
#3488=CIRCLE('',#3840,39.2545400593472);
#3489=CIRCLE('',#3841,40.0473782961458);
#3490=CIRCLE('',#3850,39.2545400593472);
#3491=CIRCLE('',#3851,40.047378296146);
#3492=CIRCLE('',#3853,40.6756592292089);
#3493=CIRCLE('',#3855,40.8222121509247);
#3494=CIRCLE('',#3857,40.8222121509247);
#3495=CIRCLE('',#3859,40.6756592292089);
#3496=CIRCLE('',#3861,39.2545400593472);
#3497=CIRCLE('',#3862,40.047378296146);
#3498=CIRCLE('',#3871,39.2545400593472);
#3499=CIRCLE('',#3872,40.0473782961463);
#3500=CIRCLE('',#3874,40.6756592292089);
#3501=CIRCLE('',#3876,40.8222121509247);
#3502=CIRCLE('',#3878,40.8222121509247);
#3503=CIRCLE('',#3880,40.6756592292089);
#3504=CIRCLE('',#3882,39.2545400593472);
#3505=CIRCLE('',#3883,40.0473782961458);
#3506=CIRCLE('',#3892,39.2545400593472);
#3507=CIRCLE('',#3893,40.0473782961467);
#3508=CIRCLE('',#3895,40.6756592292089);
#3509=CIRCLE('',#3897,40.8222121509247);
#3510=CIRCLE('',#3899,40.8222121509247);
#3511=CIRCLE('',#3901,40.6756592292089);
#3512=CIRCLE('',#3903,39.2545400593472);
#3513=CIRCLE('',#3904,40.047378296146);
#3514=CIRCLE('',#3911,2.8928326591382);
#3515=AXIS2_PLACEMENT_3D('',#4730,#3914,#3915);
#3516=AXIS2_PLACEMENT_3D('',#4731,#3916,#3917);
#3517=AXIS2_PLACEMENT_3D('',#4733,#3918,#3919);
#3518=AXIS2_PLACEMENT_3D('',#4735,#3920,#3921);
#3519=AXIS2_PLACEMENT_3D('',#4736,#3922,#3923);
#3520=AXIS2_PLACEMENT_3D('',#4738,#3924,#3925);
#3521=AXIS2_PLACEMENT_3D('',#4740,#3926,#3927);
#3522=AXIS2_PLACEMENT_3D('',#4741,#3928,#3929);
#3523=AXIS2_PLACEMENT_3D('',#4743,#3930,#3931);
#3524=AXIS2_PLACEMENT_3D('',#4745,#3932,#3933);
#3525=AXIS2_PLACEMENT_3D('',#4746,#3934,#3935);
#3526=AXIS2_PLACEMENT_3D('',#4748,#3936,#3937);
#3527=AXIS2_PLACEMENT_3D('',#4749,#3938,#3939);
#3528=AXIS2_PLACEMENT_3D('',#4751,#3940,#3941);
#3529=AXIS2_PLACEMENT_3D('',#4752,#3942,#3943);
#3530=AXIS2_PLACEMENT_3D('',#4753,#3944,#3945);
#3531=AXIS2_PLACEMENT_3D('',#4755,#3946,#3947);
#3532=AXIS2_PLACEMENT_3D('',#4756,#3948,#3949);
#3533=AXIS2_PLACEMENT_3D('',#4757,#3950,#3951);
#3534=AXIS2_PLACEMENT_3D('',#4759,#3952,#3953);
#3535=AXIS2_PLACEMENT_3D('',#4761,#3954,#3955);
#3536=AXIS2_PLACEMENT_3D('',#4762,#3956,#3957);
#3537=AXIS2_PLACEMENT_3D('',#4764,#3958,#3959);
#3538=AXIS2_PLACEMENT_3D('',#4765,#3960,#3961);
#3539=AXIS2_PLACEMENT_3D('',#4767,#3962,#3963);
#3540=AXIS2_PLACEMENT_3D('',#4768,#3964,#3965);
#3541=AXIS2_PLACEMENT_3D('',#4770,#3966,#3967);
#3542=AXIS2_PLACEMENT_3D('',#4771,#3968,#3969);
#3543=AXIS2_PLACEMENT_3D('',#4773,#3970,#3971);
#3544=AXIS2_PLACEMENT_3D('',#4774,#3972,#3973);
#3545=AXIS2_PLACEMENT_3D('',#4776,#3974,#3975);
#3546=AXIS2_PLACEMENT_3D('',#4777,#3976,#3977);
#3547=AXIS2_PLACEMENT_3D('',#4779,#3978,#3979);
#3548=AXIS2_PLACEMENT_3D('',#4780,#3980,#3981);
#3549=AXIS2_PLACEMENT_3D('',#4782,#3982,#3983);
#3550=AXIS2_PLACEMENT_3D('',#4783,#3984,#3985);
#3551=AXIS2_PLACEMENT_3D('',#4785,#3986,#3987);
#3552=AXIS2_PLACEMENT_3D('',#4786,#3988,#3989);
#3553=AXIS2_PLACEMENT_3D('',#4787,#3990,#3991);
#3554=AXIS2_PLACEMENT_3D('',#4789,#3992,#3993);
#3555=AXIS2_PLACEMENT_3D('',#4790,#3994,#3995);
#3556=AXIS2_PLACEMENT_3D('',#4792,#3996,#3997);
#3557=AXIS2_PLACEMENT_3D('',#4793,#3998,#3999);
#3558=AXIS2_PLACEMENT_3D('',#4795,#4000,#4001);
#3559=AXIS2_PLACEMENT_3D('',#4797,#4002,#4003);
#3560=AXIS2_PLACEMENT_3D('',#4798,#4004,#4005);
#3561=AXIS2_PLACEMENT_3D('',#4800,#4006,#4007);
#3562=AXIS2_PLACEMENT_3D('',#4801,#4008,#4009);
#3563=AXIS2_PLACEMENT_3D('',#4803,#4010,#4011);
#3564=AXIS2_PLACEMENT_3D('',#4804,#4012,#4013);
#3565=AXIS2_PLACEMENT_3D('',#4806,#4014,#4015);
#3566=AXIS2_PLACEMENT_3D('',#4807,#4016,#4017);
#3567=AXIS2_PLACEMENT_3D('',#4809,#4018,#4019);
#3568=AXIS2_PLACEMENT_3D('',#4810,#4020,#4021);
#3569=AXIS2_PLACEMENT_3D('',#4812,#4022,#4023);
#3570=AXIS2_PLACEMENT_3D('',#4813,#4024,#4025);
#3571=AXIS2_PLACEMENT_3D('',#4815,#4026,#4027);
#3572=AXIS2_PLACEMENT_3D('',#4816,#4028,#4029);
#3573=AXIS2_PLACEMENT_3D('',#4818,#4030,#4031);
#3574=AXIS2_PLACEMENT_3D('',#4819,#4032,#4033);
#3575=AXIS2_PLACEMENT_3D('',#4821,#4034,#4035);
#3576=AXIS2_PLACEMENT_3D('',#4822,#4036,#4037);
#3577=AXIS2_PLACEMENT_3D('',#4824,#4038,#4039);
#3578=AXIS2_PLACEMENT_3D('',#4825,#4040,#4041);
#3579=AXIS2_PLACEMENT_3D('',#4827,#4042,#4043);
#3580=AXIS2_PLACEMENT_3D('',#4828,#4044,#4045);
#3581=AXIS2_PLACEMENT_3D('',#4830,#4046,#4047);
#3582=AXIS2_PLACEMENT_3D('',#4831,#4048,#4049);
#3583=AXIS2_PLACEMENT_3D('',#4833,#4050,#4051);
#3584=AXIS2_PLACEMENT_3D('',#4834,#4052,#4053);
#3585=AXIS2_PLACEMENT_3D('',#4835,#4054,#4055);
#3586=AXIS2_PLACEMENT_3D('',#4837,#4056,#4057);
#3587=AXIS2_PLACEMENT_3D('',#4861,#4058,#4059);
#3588=AXIS2_PLACEMENT_3D('',#4899,#4060,#4061);
#3589=AXIS2_PLACEMENT_3D('',#4935,#4062,#4063);
#3590=AXIS2_PLACEMENT_3D('',#4970,#4064,#4065);
#3591=AXIS2_PLACEMENT_3D('',#5002,#4066,#4067);
#3592=AXIS2_PLACEMENT_3D('',#5038,#4068,#4069);
#3593=AXIS2_PLACEMENT_3D('',#5076,#4070,#4071);
#3594=AXIS2_PLACEMENT_3D('',#5108,#4072,#4073);
#3595=AXIS2_PLACEMENT_3D('',#5144,#4074,#4075);
#3596=AXIS2_PLACEMENT_3D('',#5176,#4076,#4077);
#3597=AXIS2_PLACEMENT_3D('',#5211,#4078,#4079);
#3598=AXIS2_PLACEMENT_3D('',#5247,#4080,#4081);
#3599=AXIS2_PLACEMENT_3D('',#5279,#4082,#4083);
#3600=AXIS2_PLACEMENT_3D('',#5314,#4084,#4085);
#3601=AXIS2_PLACEMENT_3D('',#5350,#4086,#4087);
#3602=AXIS2_PLACEMENT_3D('',#5388,#4088,#4089);
#3603=AXIS2_PLACEMENT_3D('',#5420,#4090,#4091);
#3604=AXIS2_PLACEMENT_3D('',#5456,#4092,#4093);
#3605=AXIS2_PLACEMENT_3D('',#5468,#4094,#4095);
#3606=AXIS2_PLACEMENT_3D('',#5479,#4097,#4098);
#3607=AXIS2_PLACEMENT_3D('',#5494,#4099,#4100);
#3608=AXIS2_PLACEMENT_3D('',#5495,#4101,#4102);
#3609=AXIS2_PLACEMENT_3D('',#5520,#4104,#4105);
#3610=AXIS2_PLACEMENT_3D('',#5531,#4107,#4108);
#3611=AXIS2_PLACEMENT_3D('',#5546,#4109,#4110);
#3612=AXIS2_PLACEMENT_3D('',#5547,#4111,#4112);
#3613=AXIS2_PLACEMENT_3D('',#5575,#4114,#4115);
#3614=AXIS2_PLACEMENT_3D('',#5586,#4117,#4118);
#3615=AXIS2_PLACEMENT_3D('',#5601,#4119,#4120);
#3616=AXIS2_PLACEMENT_3D('',#5602,#4121,#4122);
#3617=AXIS2_PLACEMENT_3D('',#5630,#4124,#4125);
#3618=AXIS2_PLACEMENT_3D('',#5641,#4127,#4128);
#3619=AXIS2_PLACEMENT_3D('',#5656,#4129,#4130);
#3620=AXIS2_PLACEMENT_3D('',#5657,#4131,#4132);
#3621=AXIS2_PLACEMENT_3D('',#5682,#4134,#4135);
#3622=AXIS2_PLACEMENT_3D('',#5693,#4137,#4138);
#3623=AXIS2_PLACEMENT_3D('',#5708,#4139,#4140);
#3624=AXIS2_PLACEMENT_3D('',#5709,#4141,#4142);
#3625=AXIS2_PLACEMENT_3D('',#5737,#4144,#4145);
#3626=AXIS2_PLACEMENT_3D('',#5748,#4147,#4148);
#3627=AXIS2_PLACEMENT_3D('',#5763,#4149,#4150);
#3628=AXIS2_PLACEMENT_3D('',#5764,#4151,#4152);
#3629=AXIS2_PLACEMENT_3D('',#5792,#4154,#4155);
#3630=AXIS2_PLACEMENT_3D('',#5793,#4156,#4157);
#3631=AXIS2_PLACEMENT_3D('',#5795,#4158,#4159);
#3632=AXIS2_PLACEMENT_3D('',#5796,#4160,#4161);
#3633=AXIS2_PLACEMENT_3D('',#5798,#4162,#4163);
#3634=AXIS2_PLACEMENT_3D('',#5799,#4164,#4165);
#3635=AXIS2_PLACEMENT_3D('',#5807,#4166,#4167);
#3636=AXIS2_PLACEMENT_3D('',#5814,#4168,#4169);
#3637=AXIS2_PLACEMENT_3D('',#5821,#4170,#4171);
#3638=AXIS2_PLACEMENT_3D('',#5828,#4172,#4173);
#3639=AXIS2_PLACEMENT_3D('',#5835,#4174,#4175);
#3640=AXIS2_PLACEMENT_3D('',#5841,#4176,#4177);
#3641=AXIS2_PLACEMENT_3D('',#5847,#4178,#4179);
#3642=AXIS2_PLACEMENT_3D('',#5853,#4180,#4181);
#3643=AXIS2_PLACEMENT_3D('',#5859,#4182,#4183);
#3644=AXIS2_PLACEMENT_3D('',#5865,#4184,#4185);
#3645=AXIS2_PLACEMENT_3D('',#5871,#4186,#4187);
#3646=AXIS2_PLACEMENT_3D('',#5877,#4188,#4189);
#3647=AXIS2_PLACEMENT_3D('',#5883,#4190,#4191);
#3648=AXIS2_PLACEMENT_3D('',#5889,#4192,#4193);
#3649=AXIS2_PLACEMENT_3D('',#5890,#4194,#4195);
#3650=AXIS2_PLACEMENT_3D('',#5901,#4196,#4197);
#3651=AXIS2_PLACEMENT_3D('',#5907,#4198,#4199);
#3652=AXIS2_PLACEMENT_3D('',#5913,#4200,#4201);
#3653=AXIS2_PLACEMENT_3D('',#5957,#4202,#4203);
#3654=AXIS2_PLACEMENT_3D('',#6001,#4204,#4205);
#3655=AXIS2_PLACEMENT_3D('',#6058,#4206,#4207);
#3656=AXIS2_PLACEMENT_3D('',#6102,#4208,#4209);
#3657=AXIS2_PLACEMENT_3D('',#6146,#4210,#4211);
#3658=AXIS2_PLACEMENT_3D('',#6203,#4212,#4213);
#3659=AXIS2_PLACEMENT_3D('',#6204,#4214,#4215);
#3660=AXIS2_PLACEMENT_3D('',#6232,#4216,#4217);
#3661=AXIS2_PLACEMENT_3D('',#6250,#4218,#4219);
#3662=AXIS2_PLACEMENT_3D('',#6278,#4220,#4221);
#3663=AXIS2_PLACEMENT_3D('',#6296,#4222,#4223);
#3664=AXIS2_PLACEMENT_3D('',#6324,#4224,#4225);
#3665=AXIS2_PLACEMENT_3D('',#6342,#4226,#4227);
#3666=AXIS2_PLACEMENT_3D('',#6370,#4228,#4229);
#3667=AXIS2_PLACEMENT_3D('',#6388,#4230,#4231);
#3668=AXIS2_PLACEMENT_3D('',#6416,#4232,#4233);
#3669=AXIS2_PLACEMENT_3D('',#6434,#4234,#4235);
#3670=AXIS2_PLACEMENT_3D('',#6462,#4236,#4237);
#3671=AXIS2_PLACEMENT_3D('',#6490,#4238,#4239);
#3672=AXIS2_PLACEMENT_3D('',#6517,#4240,#4241);
#3673=AXIS2_PLACEMENT_3D('',#6518,#4242,#4243);
#3674=AXIS2_PLACEMENT_3D('',#6524,#4244,#4245);
#3675=AXIS2_PLACEMENT_3D('',#6535,#4246,#4247);
#3676=AXIS2_PLACEMENT_3D('',#6562,#4248,#4249);
#3677=AXIS2_PLACEMENT_3D('',#6563,#4250,#4251);
#3678=AXIS2_PLACEMENT_3D('',#6569,#4252,#4253);
#3679=AXIS2_PLACEMENT_3D('',#6580,#4254,#4255);
#3680=AXIS2_PLACEMENT_3D('',#6607,#4256,#4257);
#3681=AXIS2_PLACEMENT_3D('',#6608,#4258,#4259);
#3682=AXIS2_PLACEMENT_3D('',#6614,#4260,#4261);
#3683=AXIS2_PLACEMENT_3D('',#6625,#4262,#4263);
#3684=AXIS2_PLACEMENT_3D('',#6652,#4264,#4265);
#3685=AXIS2_PLACEMENT_3D('',#6653,#4266,#4267);
#3686=AXIS2_PLACEMENT_3D('',#6659,#4268,#4269);
#3687=AXIS2_PLACEMENT_3D('',#6670,#4270,#4271);
#3688=AXIS2_PLACEMENT_3D('',#6697,#4272,#4273);
#3689=AXIS2_PLACEMENT_3D('',#6698,#4274,#4275);
#3690=AXIS2_PLACEMENT_3D('',#6704,#4276,#4277);
#3691=AXIS2_PLACEMENT_3D('',#6715,#4278,#4279);
#3692=AXIS2_PLACEMENT_3D('',#6742,#4280,#4281);
#3693=AXIS2_PLACEMENT_3D('',#6743,#4282,#4283);
#3694=AXIS2_PLACEMENT_3D('',#6749,#4284,#4285);
#3695=AXIS2_PLACEMENT_3D('',#6750,#4286,#4287);
#3696=AXIS2_PLACEMENT_3D('',#6752,#4288,#4289);
#3697=AXIS2_PLACEMENT_3D('',#6833,#4290,#4291);
#3698=AXIS2_PLACEMENT_3D('',#6835,#4292,#4293);
#3699=AXIS2_PLACEMENT_3D('',#6836,#4294,#4295);
#3700=AXIS2_PLACEMENT_3D('',#6837,#4296,#4297);
#3701=AXIS2_PLACEMENT_3D('',#6894,#4298,#4299);
#3702=AXIS2_PLACEMENT_3D('',#6896,#4300,#4301);
#3703=AXIS2_PLACEMENT_3D('',#6977,#4302,#4303);
#3704=AXIS2_PLACEMENT_3D('',#6979,#4304,#4305);
#3705=AXIS2_PLACEMENT_3D('',#6980,#4306,#4307);
#3706=AXIS2_PLACEMENT_3D('',#6981,#4308,#4309);
#3707=AXIS2_PLACEMENT_3D('',#7038,#4310,#4311);
#3708=AXIS2_PLACEMENT_3D('',#7040,#4312,#4313);
#3709=AXIS2_PLACEMENT_3D('',#7121,#4314,#4315);
#3710=AXIS2_PLACEMENT_3D('',#7123,#4316,#4317);
#3711=AXIS2_PLACEMENT_3D('',#7124,#4318,#4319);
#3712=AXIS2_PLACEMENT_3D('',#7125,#4320,#4321);
#3713=AXIS2_PLACEMENT_3D('',#7182,#4322,#4323);
#3714=AXIS2_PLACEMENT_3D('',#7184,#4324,#4325);
#3715=AXIS2_PLACEMENT_3D('',#7265,#4326,#4327);
#3716=AXIS2_PLACEMENT_3D('',#7267,#4328,#4329);
#3717=AXIS2_PLACEMENT_3D('',#7268,#4330,#4331);
#3718=AXIS2_PLACEMENT_3D('',#7269,#4332,#4333);
#3719=AXIS2_PLACEMENT_3D('',#7326,#4334,#4335);
#3720=AXIS2_PLACEMENT_3D('',#7328,#4336,#4337);
#3721=AXIS2_PLACEMENT_3D('',#7409,#4338,#4339);
#3722=AXIS2_PLACEMENT_3D('',#7411,#4340,#4341);
#3723=AXIS2_PLACEMENT_3D('',#7412,#4342,#4343);
#3724=AXIS2_PLACEMENT_3D('',#7413,#4344,#4345);
#3725=AXIS2_PLACEMENT_3D('',#7470,#4346,#4347);
#3726=AXIS2_PLACEMENT_3D('',#7472,#4348,#4349);
#3727=AXIS2_PLACEMENT_3D('',#7553,#4350,#4351);
#3728=AXIS2_PLACEMENT_3D('',#7555,#4352,#4353);
#3729=AXIS2_PLACEMENT_3D('',#7556,#4354,#4355);
#3730=AXIS2_PLACEMENT_3D('',#7557,#4356,#4357);
#3731=AXIS2_PLACEMENT_3D('',#7614,#4358,#4359);
#3732=AXIS2_PLACEMENT_3D('',#7616,#4360,#4361);
#3733=AXIS2_PLACEMENT_3D('',#7624,#4362,#4363);
#3734=AXIS2_PLACEMENT_3D('',#7632,#4364,#4365);
#3735=AXIS2_PLACEMENT_3D('',#7633,#4366,#4367);
#3736=AXIS2_PLACEMENT_3D('',#7634,#4368,#4369);
#3737=AXIS2_PLACEMENT_3D('',#7636,#4370,#4371);
#3738=AXIS2_PLACEMENT_3D('',#7644,#4372,#4373);
#3739=AXIS2_PLACEMENT_3D('',#7652,#4374,#4375);
#3740=AXIS2_PLACEMENT_3D('',#7653,#4376,#4377);
#3741=AXIS2_PLACEMENT_3D('',#7654,#4378,#4379);
#3742=AXIS2_PLACEMENT_3D('',#7656,#4380,#4381);
#3743=AXIS2_PLACEMENT_3D('',#7664,#4382,#4383);
#3744=AXIS2_PLACEMENT_3D('',#7672,#4384,#4385);
#3745=AXIS2_PLACEMENT_3D('',#7673,#4386,#4387);
#3746=AXIS2_PLACEMENT_3D('',#7674,#4388,#4389);
#3747=AXIS2_PLACEMENT_3D('',#7676,#4390,#4391);
#3748=AXIS2_PLACEMENT_3D('',#7684,#4392,#4393);
#3749=AXIS2_PLACEMENT_3D('',#7692,#4394,#4395);
#3750=AXIS2_PLACEMENT_3D('',#7693,#4396,#4397);
#3751=AXIS2_PLACEMENT_3D('',#7694,#4398,#4399);
#3752=AXIS2_PLACEMENT_3D('',#7696,#4400,#4401);
#3753=AXIS2_PLACEMENT_3D('',#7704,#4402,#4403);
#3754=AXIS2_PLACEMENT_3D('',#7712,#4404,#4405);
#3755=AXIS2_PLACEMENT_3D('',#7713,#4406,#4407);
#3756=AXIS2_PLACEMENT_3D('',#7714,#4408,#4409);
#3757=AXIS2_PLACEMENT_3D('',#7716,#4410,#4411);
#3758=AXIS2_PLACEMENT_3D('',#7724,#4412,#4413);
#3759=AXIS2_PLACEMENT_3D('',#7732,#4414,#4415);
#3760=AXIS2_PLACEMENT_3D('',#7733,#4416,#4417);
#3761=AXIS2_PLACEMENT_3D('',#7734,#4418,#4419);
#3762=AXIS2_PLACEMENT_3D('',#7760,#4420,#4421);
#3763=AXIS2_PLACEMENT_3D('',#7786,#4422,#4423);
#3764=AXIS2_PLACEMENT_3D('',#7812,#4424,#4425);
#3765=AXIS2_PLACEMENT_3D('',#7838,#4426,#4427);
#3766=AXIS2_PLACEMENT_3D('',#7864,#4428,#4429);
#3767=AXIS2_PLACEMENT_3D('',#7890,#4430,#4431);
#3768=AXIS2_PLACEMENT_3D('',#7916,#4432,#4433);
#3769=AXIS2_PLACEMENT_3D('',#7942,#4434,#4435);
#3770=AXIS2_PLACEMENT_3D('',#7968,#4436,#4437);
#3771=AXIS2_PLACEMENT_3D('',#7994,#4438,#4439);
#3772=AXIS2_PLACEMENT_3D('',#8020,#4440,#4441);
#3773=AXIS2_PLACEMENT_3D('',#8046,#4442,#4443);
#3774=AXIS2_PLACEMENT_3D('',#8067,#4444,#4445);
#3775=AXIS2_PLACEMENT_3D('',#8088,#4446,#4447);
#3776=AXIS2_PLACEMENT_3D('',#8109,#4448,#4449);
#3777=AXIS2_PLACEMENT_3D('',#8130,#4450,#4451);
#3778=AXIS2_PLACEMENT_3D('',#8151,#4452,#4453);
#3779=AXIS2_PLACEMENT_3D('',#8172,#4454,#4455);
#3780=AXIS2_PLACEMENT_3D('',#8193,#4456,#4457);
#3781=AXIS2_PLACEMENT_3D('',#8214,#4458,#4459);
#3782=AXIS2_PLACEMENT_3D('',#8235,#4460,#4461);
#3783=AXIS2_PLACEMENT_3D('',#8256,#4462,#4463);
#3784=AXIS2_PLACEMENT_3D('',#8277,#4464,#4465);
#3785=AXIS2_PLACEMENT_3D('',#8304,#4466,#4467);
#3786=AXIS2_PLACEMENT_3D('',#8331,#4468,#4469);
#3787=AXIS2_PLACEMENT_3D('',#8353,#4471,#4472);
#3788=AXIS2_PLACEMENT_3D('',#8354,#4473,#4474);
#3789=AXIS2_PLACEMENT_3D('',#8355,#4475,#4476);
#3790=AXIS2_PLACEMENT_3D('',#8356,#4477,#4478);
#3791=AXIS2_PLACEMENT_3D('',#8357,#4479,#4480);
#3792=AXIS2_PLACEMENT_3D('',#8358,#4481,#4482);
#3793=AXIS2_PLACEMENT_3D('',#8359,#4483,#4484);
#3794=AXIS2_PLACEMENT_3D('',#8360,#4485,#4486);
#3795=AXIS2_PLACEMENT_3D('',#8361,#4487,#4488);
#3796=AXIS2_PLACEMENT_3D('',#8362,#4489,#4490);
#3797=AXIS2_PLACEMENT_3D('',#8363,#4491,#4492);
#3798=AXIS2_PLACEMENT_3D('',#8364,#4493,#4494);
#3799=AXIS2_PLACEMENT_3D('',#8365,#4495,#4496);
#3800=AXIS2_PLACEMENT_3D('',#8366,#4497,#4498);
#3801=AXIS2_PLACEMENT_3D('',#8367,#4499,#4500);
#3802=AXIS2_PLACEMENT_3D('',#8368,#4501,#4502);
#3803=AXIS2_PLACEMENT_3D('',#8369,#4503,#4504);
#3804=AXIS2_PLACEMENT_3D('',#8376,#4505,#4506);
#3805=AXIS2_PLACEMENT_3D('',#8403,#4507,#4508);
#3806=AXIS2_PLACEMENT_3D('',#8425,#4510,#4511);
#3807=AXIS2_PLACEMENT_3D('',#8426,#4512,#4513);
#3808=AXIS2_PLACEMENT_3D('',#8427,#4514,#4515);
#3809=AXIS2_PLACEMENT_3D('',#8428,#4516,#4517);
#3810=AXIS2_PLACEMENT_3D('',#8429,#4518,#4519);
#3811=AXIS2_PLACEMENT_3D('',#8430,#4520,#4521);
#3812=AXIS2_PLACEMENT_3D('',#8431,#4522,#4523);
#3813=AXIS2_PLACEMENT_3D('',#8432,#4524,#4525);
#3814=AXIS2_PLACEMENT_3D('',#8433,#4526,#4527);
#3815=AXIS2_PLACEMENT_3D('',#8434,#4528,#4529);
#3816=AXIS2_PLACEMENT_3D('',#8435,#4530,#4531);
#3817=AXIS2_PLACEMENT_3D('',#8436,#4532,#4533);
#3818=AXIS2_PLACEMENT_3D('',#8437,#4534,#4535);
#3819=AXIS2_PLACEMENT_3D('',#8438,#4536,#4537);
#3820=AXIS2_PLACEMENT_3D('',#8439,#4538,#4539);
#3821=AXIS2_PLACEMENT_3D('',#8440,#4540,#4541);
#3822=AXIS2_PLACEMENT_3D('',#8441,#4542,#4543);
#3823=AXIS2_PLACEMENT_3D('',#8442,#4544,#4545);
#3824=AXIS2_PLACEMENT_3D('',#8443,#4546,#4547);
#3825=AXIS2_PLACEMENT_3D('',#8450,#4548,#4549);
#3826=AXIS2_PLACEMENT_3D('',#8477,#4550,#4551);
#3827=AXIS2_PLACEMENT_3D('',#8499,#4553,#4554);
#3828=AXIS2_PLACEMENT_3D('',#8500,#4555,#4556);
#3829=AXIS2_PLACEMENT_3D('',#8501,#4557,#4558);
#3830=AXIS2_PLACEMENT_3D('',#8502,#4559,#4560);
#3831=AXIS2_PLACEMENT_3D('',#8503,#4561,#4562);
#3832=AXIS2_PLACEMENT_3D('',#8504,#4563,#4564);
#3833=AXIS2_PLACEMENT_3D('',#8505,#4565,#4566);
#3834=AXIS2_PLACEMENT_3D('',#8506,#4567,#4568);
#3835=AXIS2_PLACEMENT_3D('',#8507,#4569,#4570);
#3836=AXIS2_PLACEMENT_3D('',#8508,#4571,#4572);
#3837=AXIS2_PLACEMENT_3D('',#8509,#4573,#4574);
#3838=AXIS2_PLACEMENT_3D('',#8510,#4575,#4576);
#3839=AXIS2_PLACEMENT_3D('',#8511,#4577,#4578);
#3840=AXIS2_PLACEMENT_3D('',#8512,#4579,#4580);
#3841=AXIS2_PLACEMENT_3D('',#8513,#4581,#4582);
#3842=AXIS2_PLACEMENT_3D('',#8514,#4583,#4584);
#3843=AXIS2_PLACEMENT_3D('',#8515,#4585,#4586);
#3844=AXIS2_PLACEMENT_3D('',#8516,#4587,#4588);
#3845=AXIS2_PLACEMENT_3D('',#8517,#4589,#4590);
#3846=AXIS2_PLACEMENT_3D('',#8524,#4591,#4592);
#3847=AXIS2_PLACEMENT_3D('',#8551,#4593,#4594);
#3848=AXIS2_PLACEMENT_3D('',#8573,#4596,#4597);
#3849=AXIS2_PLACEMENT_3D('',#8574,#4598,#4599);
#3850=AXIS2_PLACEMENT_3D('',#8575,#4600,#4601);
#3851=AXIS2_PLACEMENT_3D('',#8576,#4602,#4603);
#3852=AXIS2_PLACEMENT_3D('',#8577,#4604,#4605);
#3853=AXIS2_PLACEMENT_3D('',#8578,#4606,#4607);
#3854=AXIS2_PLACEMENT_3D('',#8579,#4608,#4609);
#3855=AXIS2_PLACEMENT_3D('',#8580,#4610,#4611);
#3856=AXIS2_PLACEMENT_3D('',#8581,#4612,#4613);
#3857=AXIS2_PLACEMENT_3D('',#8582,#4614,#4615);
#3858=AXIS2_PLACEMENT_3D('',#8583,#4616,#4617);
#3859=AXIS2_PLACEMENT_3D('',#8584,#4618,#4619);
#3860=AXIS2_PLACEMENT_3D('',#8585,#4620,#4621);
#3861=AXIS2_PLACEMENT_3D('',#8586,#4622,#4623);
#3862=AXIS2_PLACEMENT_3D('',#8587,#4624,#4625);
#3863=AXIS2_PLACEMENT_3D('',#8588,#4626,#4627);
#3864=AXIS2_PLACEMENT_3D('',#8589,#4628,#4629);
#3865=AXIS2_PLACEMENT_3D('',#8590,#4630,#4631);
#3866=AXIS2_PLACEMENT_3D('',#8591,#4632,#4633);
#3867=AXIS2_PLACEMENT_3D('',#8598,#4634,#4635);
#3868=AXIS2_PLACEMENT_3D('',#8625,#4636,#4637);
#3869=AXIS2_PLACEMENT_3D('',#8647,#4639,#4640);
#3870=AXIS2_PLACEMENT_3D('',#8648,#4641,#4642);
#3871=AXIS2_PLACEMENT_3D('',#8649,#4643,#4644);
#3872=AXIS2_PLACEMENT_3D('',#8650,#4645,#4646);
#3873=AXIS2_PLACEMENT_3D('',#8651,#4647,#4648);
#3874=AXIS2_PLACEMENT_3D('',#8652,#4649,#4650);
#3875=AXIS2_PLACEMENT_3D('',#8653,#4651,#4652);
#3876=AXIS2_PLACEMENT_3D('',#8654,#4653,#4654);
#3877=AXIS2_PLACEMENT_3D('',#8655,#4655,#4656);
#3878=AXIS2_PLACEMENT_3D('',#8656,#4657,#4658);
#3879=AXIS2_PLACEMENT_3D('',#8657,#4659,#4660);
#3880=AXIS2_PLACEMENT_3D('',#8658,#4661,#4662);
#3881=AXIS2_PLACEMENT_3D('',#8659,#4663,#4664);
#3882=AXIS2_PLACEMENT_3D('',#8660,#4665,#4666);
#3883=AXIS2_PLACEMENT_3D('',#8661,#4667,#4668);
#3884=AXIS2_PLACEMENT_3D('',#8662,#4669,#4670);
#3885=AXIS2_PLACEMENT_3D('',#8663,#4671,#4672);
#3886=AXIS2_PLACEMENT_3D('',#8664,#4673,#4674);
#3887=AXIS2_PLACEMENT_3D('',#8665,#4675,#4676);
#3888=AXIS2_PLACEMENT_3D('',#8672,#4677,#4678);
#3889=AXIS2_PLACEMENT_3D('',#8699,#4679,#4680);
#3890=AXIS2_PLACEMENT_3D('',#8721,#4682,#4683);
#3891=AXIS2_PLACEMENT_3D('',#8722,#4684,#4685);
#3892=AXIS2_PLACEMENT_3D('',#8723,#4686,#4687);
#3893=AXIS2_PLACEMENT_3D('',#8724,#4688,#4689);
#3894=AXIS2_PLACEMENT_3D('',#8725,#4690,#4691);
#3895=AXIS2_PLACEMENT_3D('',#8726,#4692,#4693);
#3896=AXIS2_PLACEMENT_3D('',#8727,#4694,#4695);
#3897=AXIS2_PLACEMENT_3D('',#8728,#4696,#4697);
#3898=AXIS2_PLACEMENT_3D('',#8729,#4698,#4699);
#3899=AXIS2_PLACEMENT_3D('',#8730,#4700,#4701);
#3900=AXIS2_PLACEMENT_3D('',#8731,#4702,#4703);
#3901=AXIS2_PLACEMENT_3D('',#8732,#4704,#4705);
#3902=AXIS2_PLACEMENT_3D('',#8733,#4706,#4707);
#3903=AXIS2_PLACEMENT_3D('',#8734,#4708,#4709);
#3904=AXIS2_PLACEMENT_3D('',#8735,#4710,#4711);
#3905=AXIS2_PLACEMENT_3D('',#8736,#4712,#4713);
#3906=AXIS2_PLACEMENT_3D('',#8737,#4714,#4715);
#3907=AXIS2_PLACEMENT_3D('',#8738,#4716,#4717);
#3908=AXIS2_PLACEMENT_3D('',#8739,#4718,#4719);
#3909=AXIS2_PLACEMENT_3D('',#8740,#4720,#4721);
#3910=AXIS2_PLACEMENT_3D('',#8741,#4722,#4723);
#3911=AXIS2_PLACEMENT_3D('',#8742,#4724,#4725);
#3912=AXIS2_PLACEMENT_3D('',#8744,#4726,#4727);
#3913=AXIS2_PLACEMENT_3D('',#8745,#4728,#4729);
#3914=DIRECTION('',(0.,0.,1.));
#3915=DIRECTION('',(1.,0.,0.));
#3916=DIRECTION('',(-1.,0.,0.));
#3917=DIRECTION('',(0.,0.,1.));
#3918=DIRECTION('',(-1.,0.,0.));
#3919=DIRECTION('',(0.,0.,-1.));
#3920=DIRECTION('',(1.,0.,1.26672716598226E-16));
#3921=DIRECTION('',(1.33005441899698E-16,0.,-1.));
#3922=DIRECTION('',(-1.,0.,0.));
#3923=DIRECTION('',(0.,0.,1.));
#3924=DIRECTION('',(-1.,0.,0.));
#3925=DIRECTION('',(0.,0.,1.));
#3926=DIRECTION('',(-1.,0.,-1.26672716598226E-16));
#3927=DIRECTION('',(-1.2490009027033E-16,0.,1.));
#3928=DIRECTION('',(-1.,0.,0.));
#3929=DIRECTION('',(0.,0.,1.));
#3930=DIRECTION('',(-1.,0.,0.));
#3931=DIRECTION('',(0.,0.,1.));
#3932=DIRECTION('',(-1.,0.,0.));
#3933=DIRECTION('',(0.,0.,1.));
#3934=DIRECTION('',(-1.,0.,0.));
#3935=DIRECTION('',(0.,0.,1.));
#3936=DIRECTION('',(-1.,0.,0.));
#3937=DIRECTION('',(0.,0.,1.));
#3938=DIRECTION('',(-1.,0.,0.));
#3939=DIRECTION('',(0.,0.,1.));
#3940=DIRECTION('',(-1.,0.,0.));
#3941=DIRECTION('',(0.,0.,1.));
#3942=DIRECTION('',(1.,0.,0.));
#3943=DIRECTION('',(1.15796393150279E-16,0.,-1.));
#3944=DIRECTION('',(-1.,0.,0.));
#3945=DIRECTION('',(0.,0.,1.));
#3946=DIRECTION('',(1.,0.,0.));
#3947=DIRECTION('',(3.42745904097431E-17,0.,-1.));
#3948=DIRECTION('',(-1.,0.,0.));
#3949=DIRECTION('',(0.,0.,1.));
#3950=DIRECTION('',(-1.,0.,0.));
#3951=DIRECTION('',(0.,0.,1.));
#3952=DIRECTION('',(-1.,0.,0.));
#3953=DIRECTION('',(0.,0.,1.));
#3954=DIRECTION('',(-1.,0.,0.));
#3955=DIRECTION('',(0.,0.,1.));
#3956=DIRECTION('',(-1.,0.,0.));
#3957=DIRECTION('',(0.,0.,1.));
#3958=DIRECTION('',(1.,0.,0.));
#3959=DIRECTION('',(-2.7500167807126E-17,0.,-1.));
#3960=DIRECTION('',(-1.,0.,0.));
#3961=DIRECTION('',(0.,0.,1.));
#3962=DIRECTION('',(-1.,0.,0.));
#3963=DIRECTION('',(0.,0.,1.));
#3964=DIRECTION('',(-1.,0.,0.));
#3965=DIRECTION('',(0.,0.,1.));
#3966=DIRECTION('',(-1.,0.,0.));
#3967=DIRECTION('',(0.,0.,1.));
#3968=DIRECTION('',(-1.,0.,0.));
#3969=DIRECTION('',(0.,0.,1.));
#3970=DIRECTION('',(1.,0.,0.));
#3971=DIRECTION('',(-4.61218146639654E-17,0.,-1.));
#3972=DIRECTION('',(-1.,0.,0.));
#3973=DIRECTION('',(0.,0.,1.));
#3974=DIRECTION('',(1.,0.,0.));
#3975=DIRECTION('',(1.15217040376393E-16,0.,-1.));
#3976=DIRECTION('',(-1.,0.,0.));
#3977=DIRECTION('',(0.,0.,1.));
#3978=DIRECTION('',(-1.,0.,0.));
#3979=DIRECTION('',(0.,0.,1.));
#3980=DIRECTION('',(-1.,0.,0.));
#3981=DIRECTION('',(0.,0.,1.));
#3982=DIRECTION('',(-1.,0.,0.));
#3983=DIRECTION('',(0.,0.,1.));
#3984=DIRECTION('',(-1.,0.,0.));
#3985=DIRECTION('',(0.,0.,1.));
#3986=DIRECTION('',(-1.,0.,0.));
#3987=DIRECTION('',(0.,0.,1.));
#3988=DIRECTION('',(-1.,0.,0.));
#3989=DIRECTION('',(0.,0.,1.));
#3990=DIRECTION('',(1.,0.,0.));
#3991=DIRECTION('',(0.,0.,1.));
#3992=DIRECTION('',(1.,0.,0.));
#3993=DIRECTION('',(0.,0.,-1.));
#3994=DIRECTION('',(1.,0.,0.));
#3995=DIRECTION('',(0.,0.,1.));
#3996=DIRECTION('',(-1.,0.,0.));
#3997=DIRECTION('',(0.,0.,1.));
#3998=DIRECTION('',(1.,0.,0.));
#3999=DIRECTION('',(0.,0.,1.));
#4000=DIRECTION('',(-1.,0.,0.));
#4001=DIRECTION('',(0.,0.,1.));
#4002=DIRECTION('',(-1.,0.,0.));
#4003=DIRECTION('',(0.,0.,1.));
#4004=DIRECTION('',(1.,0.,0.));
#4005=DIRECTION('',(0.,0.,1.));
#4006=DIRECTION('',(-1.,0.,0.));
#4007=DIRECTION('',(0.,0.,1.));
#4008=DIRECTION('',(1.,0.,0.));
#4009=DIRECTION('',(0.,0.,1.));
#4010=DIRECTION('',(-1.,0.,0.));
#4011=DIRECTION('',(0.,0.,1.));
#4012=DIRECTION('',(1.,0.,0.));
#4013=DIRECTION('',(0.,0.,1.));
#4014=DIRECTION('',(-1.,0.,0.));
#4015=DIRECTION('',(0.,0.,1.));
#4016=DIRECTION('',(1.,0.,0.));
#4017=DIRECTION('',(0.,0.,1.));
#4018=DIRECTION('',(1.,0.,0.));
#4019=DIRECTION('',(1.45787389346571E-17,0.,-1.));
#4020=DIRECTION('',(1.,0.,0.));
#4021=DIRECTION('',(0.,0.,1.));
#4022=DIRECTION('',(-1.,0.,0.));
#4023=DIRECTION('',(0.,0.,1.));
#4024=DIRECTION('',(1.,0.,0.));
#4025=DIRECTION('',(0.,0.,1.));
#4026=DIRECTION('',(-1.,0.,0.));
#4027=DIRECTION('',(0.,0.,1.));
#4028=DIRECTION('',(1.,0.,0.));
#4029=DIRECTION('',(0.,0.,1.));
#4030=DIRECTION('',(-1.,0.,0.));
#4031=DIRECTION('',(0.,0.,1.));
#4032=DIRECTION('',(1.,0.,0.));
#4033=DIRECTION('',(0.,0.,1.));
#4034=DIRECTION('',(-1.,0.,0.));
#4035=DIRECTION('',(-2.31091458519489E-17,0.,1.));
#4036=DIRECTION('',(1.,0.,0.));
#4037=DIRECTION('',(0.,0.,1.));
#4038=DIRECTION('',(-1.,0.,0.));
#4039=DIRECTION('',(0.,0.,1.));
#4040=DIRECTION('',(1.,0.,0.));
#4041=DIRECTION('',(0.,0.,1.));
#4042=DIRECTION('',(1.,0.,0.));
#4043=DIRECTION('',(2.15036399286191E-16,0.,-1.));
#4044=DIRECTION('',(1.,0.,0.));
#4045=DIRECTION('',(0.,0.,1.));
#4046=DIRECTION('',(-1.,0.,0.));
#4047=DIRECTION('',(0.,0.,1.));
#4048=DIRECTION('',(1.,0.,0.));
#4049=DIRECTION('',(0.,0.,1.));
#4050=DIRECTION('',(-1.,0.,0.));
#4051=DIRECTION('',(0.,0.,1.));
#4052=DIRECTION('',(1.,0.,0.));
#4053=DIRECTION('',(-5.10658200933194E-17,0.,-1.));
#4054=DIRECTION('',(-1.,0.,0.));
#4055=DIRECTION('',(0.,0.,1.));
#4056=DIRECTION('',(1.,0.,1.26672716598226E-16));
#4057=DIRECTION('',(1.28369537222284E-16,0.,-1.));
#4058=DIRECTION('',(-1.,0.,0.));
#4059=DIRECTION('',(0.,0.,1.));
#4060=DIRECTION('',(1.,0.,0.));
#4061=DIRECTION('',(0.,0.,1.));
#4062=DIRECTION('',(1.,0.,0.));
#4063=DIRECTION('',(0.,0.,1.));
#4064=DIRECTION('',(-1.,0.,0.));
#4065=DIRECTION('',(0.,0.,1.));
#4066=DIRECTION('',(1.,0.,0.));
#4067=DIRECTION('',(0.,0.,1.));
#4068=DIRECTION('',(1.,0.,0.));
#4069=DIRECTION('',(0.,0.,1.));
#4070=DIRECTION('',(-1.,0.,0.));
#4071=DIRECTION('',(0.,0.,1.));
#4072=DIRECTION('',(1.,0.,0.));
#4073=DIRECTION('',(0.,0.,1.));
#4074=DIRECTION('',(1.,0.,0.));
#4075=DIRECTION('',(0.,0.,1.));
#4076=DIRECTION('',(-1.,0.,0.));
#4077=DIRECTION('',(0.,0.,1.));
#4078=DIRECTION('',(1.,0.,0.));
#4079=DIRECTION('',(0.,0.,1.));
#4080=DIRECTION('',(1.,0.,0.));
#4081=DIRECTION('',(0.,0.,1.));
#4082=DIRECTION('',(-1.,0.,0.));
#4083=DIRECTION('',(0.,0.,1.));
#4084=DIRECTION('',(1.,0.,0.));
#4085=DIRECTION('',(0.,0.,1.));
#4086=DIRECTION('',(1.,0.,0.));
#4087=DIRECTION('',(0.,0.,1.));
#4088=DIRECTION('',(-1.,0.,0.));
#4089=DIRECTION('',(0.,0.,1.));
#4090=DIRECTION('',(1.,0.,0.));
#4091=DIRECTION('',(0.,0.,1.));
#4092=DIRECTION('',(1.,0.,0.));
#4093=DIRECTION('',(0.,0.,1.));
#4094=DIRECTION('',(1.,0.,0.));
#4095=DIRECTION('',(-3.30681052691636E-17,0.,-1.));
#4096=DIRECTION('',(-1.,0.,0.));
#4097=DIRECTION('',(1.,0.,0.));
#4098=DIRECTION('',(0.,0.,1.));
#4099=DIRECTION('',(-1.,0.,0.));
#4100=DIRECTION('',(0.,0.,1.));
#4101=DIRECTION('',(1.,0.,0.));
#4102=DIRECTION('',(0.,0.,1.));
#4103=DIRECTION('',(1.,0.,0.));
#4104=DIRECTION('',(-1.,0.,0.));
#4105=DIRECTION('',(0.,0.,1.));
#4106=DIRECTION('',(-1.,0.,0.));
#4107=DIRECTION('',(1.,0.,0.));
#4108=DIRECTION('',(0.,0.,1.));
#4109=DIRECTION('',(-1.,0.,0.));
#4110=DIRECTION('',(0.,0.,1.));
#4111=DIRECTION('',(1.,0.,0.));
#4112=DIRECTION('',(0.,0.,1.));
#4113=DIRECTION('',(1.,0.,0.));
#4114=DIRECTION('',(-1.,0.,0.));
#4115=DIRECTION('',(0.,0.,1.));
#4116=DIRECTION('',(-1.,0.,0.));
#4117=DIRECTION('',(1.,0.,0.));
#4118=DIRECTION('',(0.,0.,1.));
#4119=DIRECTION('',(-1.,0.,0.));
#4120=DIRECTION('',(0.,0.,1.));
#4121=DIRECTION('',(1.,0.,0.));
#4122=DIRECTION('',(0.,0.,1.));
#4123=DIRECTION('',(1.,0.,0.));
#4124=DIRECTION('',(-1.,0.,0.));
#4125=DIRECTION('',(0.,0.,1.));
#4126=DIRECTION('',(-1.,0.,0.));
#4127=DIRECTION('',(1.,0.,0.));
#4128=DIRECTION('',(0.,0.,1.));
#4129=DIRECTION('',(-1.,0.,0.));
#4130=DIRECTION('',(0.,0.,1.));
#4131=DIRECTION('',(1.,0.,0.));
#4132=DIRECTION('',(0.,0.,1.));
#4133=DIRECTION('',(1.,0.,0.));
#4134=DIRECTION('',(-1.,0.,0.));
#4135=DIRECTION('',(0.,0.,1.));
#4136=DIRECTION('',(-1.,0.,0.));
#4137=DIRECTION('',(1.,0.,0.));
#4138=DIRECTION('',(0.,0.,1.));
#4139=DIRECTION('',(-1.,0.,0.));
#4140=DIRECTION('',(0.,0.,1.));
#4141=DIRECTION('',(1.,0.,0.));
#4142=DIRECTION('',(0.,0.,1.));
#4143=DIRECTION('',(1.,0.,0.));
#4144=DIRECTION('',(-1.,0.,0.));
#4145=DIRECTION('',(0.,0.,1.));
#4146=DIRECTION('',(-1.,0.,0.));
#4147=DIRECTION('',(1.,0.,0.));
#4148=DIRECTION('',(0.,0.,1.));
#4149=DIRECTION('',(-1.,0.,0.));
#4150=DIRECTION('',(0.,0.,1.));
#4151=DIRECTION('',(1.,0.,0.));
#4152=DIRECTION('',(0.,0.,1.));
#4153=DIRECTION('',(1.,0.,0.));
#4154=DIRECTION('',(-1.,0.,0.));
#4155=DIRECTION('',(0.,0.,1.));
#4156=DIRECTION('',(-1.,0.,0.));
#4157=DIRECTION('',(0.,0.,-1.));
#4158=DIRECTION('',(-1.,0.,0.));
#4159=DIRECTION('',(0.,0.,1.));
#4160=DIRECTION('',(-1.,0.,0.));
#4161=DIRECTION('',(0.,0.,-1.));
#4162=DIRECTION('',(1.,0.,0.));
#4163=DIRECTION('',(0.,0.,-1.));
#4164=DIRECTION('',(-1.,0.,0.));
#4165=DIRECTION('',(0.,0.,-1.));
#4166=DIRECTION('',(-1.,0.,0.));
#4167=DIRECTION('',(0.,0.,-1.));
#4168=DIRECTION('',(-1.,0.,0.));
#4169=DIRECTION('',(0.,0.,-1.));
#4170=DIRECTION('',(-1.,0.,0.));
#4171=DIRECTION('',(0.,0.,-1.));
#4172=DIRECTION('',(-1.,0.,0.));
#4173=DIRECTION('',(0.,0.,-1.));
#4174=DIRECTION('',(-1.,0.,0.));
#4175=DIRECTION('',(0.,0.,-1.));
#4176=DIRECTION('',(1.,0.,0.));
#4177=DIRECTION('',(-2.49125469748086E-17,0.,-1.));
#4178=DIRECTION('',(-1.,0.,0.));
#4179=DIRECTION('',(0.,0.,-1.));
#4180=DIRECTION('',(1.,0.,0.));
#4181=DIRECTION('',(0.,0.,-1.));
#4182=DIRECTION('',(-1.,0.,0.));
#4183=DIRECTION('',(0.,0.,-1.));
#4184=DIRECTION('',(1.,0.,0.));
#4185=DIRECTION('',(0.,0.,-1.));
#4186=DIRECTION('',(-1.,0.,0.));
#4187=DIRECTION('',(0.,0.,-1.));
#4188=DIRECTION('',(1.,0.,0.));
#4189=DIRECTION('',(0.,0.,-1.));
#4190=DIRECTION('',(-1.,0.,0.));
#4191=DIRECTION('',(0.,0.,-1.));
#4192=DIRECTION('',(1.,0.,0.));
#4193=DIRECTION('',(0.,0.,-1.));
#4194=DIRECTION('',(-1.,0.,0.));
#4195=DIRECTION('',(0.,0.,-1.));
#4196=DIRECTION('',(1.,0.,0.));
#4197=DIRECTION('',(0.,0.,-1.));
#4198=DIRECTION('',(-1.,0.,0.));
#4199=DIRECTION('',(0.,0.,-1.));
#4200=DIRECTION('',(1.,0.,0.));
#4201=DIRECTION('',(0.,0.,-1.));
#4202=DIRECTION('',(-1.,0.,0.));
#4203=DIRECTION('',(0.,0.866025403784439,0.5));
#4204=DIRECTION('',(-1.,0.,0.));
#4205=DIRECTION('',(0.,0.866025403784438,-0.5));
#4206=DIRECTION('',(-1.,0.,0.));
#4207=DIRECTION('',(0.,-3.88578058618805E-16,-1.));
#4208=DIRECTION('',(-1.,0.,0.));
#4209=DIRECTION('',(0.,-0.866025403784439,-0.5));
#4210=DIRECTION('',(-1.,0.,0.));
#4211=DIRECTION('',(0.,-0.866025403784439,0.5));
#4212=DIRECTION('',(-1.,0.,0.));
#4213=DIRECTION('',(0.,0.,1.));
#4214=DIRECTION('',(-0.869589487447035,0.363800927161424,-0.33386076247156));
#4215=DIRECTION('',(0.385945556450324,0.922521559344956,0.));
#4216=DIRECTION('',(-0.869589487447036,0.471032365207916,-0.148130463606365));
#4217=DIRECTION('',(0.476286843360607,0.879289965165979,0.));
#4218=DIRECTION('',(-0.869589487447035,0.471032365207926,0.148130463606343));
#4219=DIRECTION('',(0.476286843360616,0.879289965165975,0.));
#4220=DIRECTION('',(-0.869589487447037,0.363800927161437,0.33386076247154));
#4221=DIRECTION('',(0.385945556450335,0.922521559344952,0.));
#4222=DIRECTION('',(-0.869589487447035,0.107231438046493,0.481991226077908));
#4223=DIRECTION('',(-0.484786462904592,0.,-0.874632543062774));
#4224=DIRECTION('',(-0.869589487447037,-0.107231438046488,0.481991226077905));
#4225=DIRECTION('',(-0.484786462904589,0.,-0.874632543062775));
#4226=DIRECTION('',(-0.869589487447035,-0.363800927161428,0.333860762471556));
#4227=DIRECTION('',(-0.385945556450328,0.922521559344955,0.));
#4228=DIRECTION('',(-0.869589487447037,-0.471032365207917,0.148130463606361));
#4229=DIRECTION('',(-0.476286843360608,0.879289965165979,0.));
#4230=DIRECTION('',(-0.869589487447035,-0.471032365207925,-0.148130463606344));
#4231=DIRECTION('',(-0.476286843360615,0.879289965165975,0.));
#4232=DIRECTION('',(-0.869589487447037,-0.363800927161436,-0.333860762471542));
#4233=DIRECTION('',(-0.385945556450335,0.922521559344952,0.));
#4234=DIRECTION('',(-0.869589487447034,-0.107231438046491,-0.481991226077909));
#4235=DIRECTION('',(0.484786462904593,0.,-0.874632543062773));
#4236=DIRECTION('',(-0.869589487447036,0.107231438046489,-0.481991226077905));
#4237=DIRECTION('',(0.484786462904589,0.,-0.874632543062775));
#4238=DIRECTION('',(1.,0.,0.));
#4239=DIRECTION('',(0.,0.,1.));
#4240=DIRECTION('',(-1.,0.,0.));
#4241=DIRECTION('',(0.,0.,-1.));
#4242=DIRECTION('',(-1.,0.,0.));
#4243=DIRECTION('',(0.,0.,-1.));
#4244=DIRECTION('',(1.,0.,0.));
#4245=DIRECTION('',(0.,0.,-1.));
#4246=DIRECTION('',(1.,0.,0.));
#4247=DIRECTION('',(0.,0.,1.));
#4248=DIRECTION('',(-1.,0.,0.));
#4249=DIRECTION('',(0.,0.,-1.));
#4250=DIRECTION('',(-1.,0.,0.));
#4251=DIRECTION('',(0.,0.,-1.));
#4252=DIRECTION('',(1.,0.,0.));
#4253=DIRECTION('',(0.,0.,-1.));
#4254=DIRECTION('',(1.,0.,0.));
#4255=DIRECTION('',(0.,0.,1.));
#4256=DIRECTION('',(-1.,0.,0.));
#4257=DIRECTION('',(0.,0.,-1.));
#4258=DIRECTION('',(-1.,0.,0.));
#4259=DIRECTION('',(0.,0.,-1.));
#4260=DIRECTION('',(1.,0.,0.));
#4261=DIRECTION('',(0.,0.,-1.));
#4262=DIRECTION('',(1.,0.,0.));
#4263=DIRECTION('',(0.,0.,1.));
#4264=DIRECTION('',(-1.,0.,0.));
#4265=DIRECTION('',(0.,0.,-1.));
#4266=DIRECTION('',(-1.,0.,0.));
#4267=DIRECTION('',(0.,0.,-1.));
#4268=DIRECTION('',(1.,0.,0.));
#4269=DIRECTION('',(0.,0.,-1.));
#4270=DIRECTION('',(1.,0.,0.));
#4271=DIRECTION('',(0.,0.,1.));
#4272=DIRECTION('',(-1.,0.,0.));
#4273=DIRECTION('',(0.,0.,-1.));
#4274=DIRECTION('',(-1.,0.,0.));
#4275=DIRECTION('',(0.,0.,-1.));
#4276=DIRECTION('',(1.,0.,0.));
#4277=DIRECTION('',(0.,0.,-1.));
#4278=DIRECTION('',(1.,0.,0.));
#4279=DIRECTION('',(0.,0.,1.));
#4280=DIRECTION('',(-1.,0.,0.));
#4281=DIRECTION('',(0.,0.,-1.));
#4282=DIRECTION('',(-1.,0.,0.));
#4283=DIRECTION('',(0.,0.,-1.));
#4284=DIRECTION('',(1.,0.,0.));
#4285=DIRECTION('',(0.,0.,-1.));
#4286=DIRECTION('',(2.57613610144485E-13,0.0866818523913246,0.9962360445527));
#4287=DIRECTION('',(0.,0.996236044552699,-0.0866818523913245));
#4288=DIRECTION('',(0.869796308028997,-0.484547558208256,0.0931023435448444));
#4289=DIRECTION('',(-0.486661350366457,-0.873590710836317,0.));
#4290=DIRECTION('',(5.39402994442127E-14,-0.0866818523914973,0.996236044552685));
#4291=DIRECTION('',(0.,0.996236044552685,0.0866818523914971));
#4292=DIRECTION('',(-1.,0.,0.));
#4293=DIRECTION('',(0.,0.,-1.));
#4294=DIRECTION('',(1.,0.,0.));
#4295=DIRECTION('',(0.,0.,-1.));
#4296=DIRECTION('',(-0.869796308028997,0.484547558208254,0.0931023435448605));
#4297=DIRECTION('',(0.486661350366457,0.873590710836314,0.));
#4298=DIRECTION('',(2.48433896736961E-13,-0.819424796552698,0.573186708494335));
#4299=DIRECTION('',(0.,0.573186708494336,0.819424796552698));
#4300=DIRECTION('',(0.869796308028997,-0.32290277376583,-0.373079322977646));
#4301=DIRECTION('',(0.394195533489006,0.,0.919026594488601));
#4302=DIRECTION('',(5.43196264445258E-14,-0.906106648944099,0.423049336058213));
#4303=DIRECTION('',(0.,0.423049336058212,0.9061066489441));
#4304=DIRECTION('',(-1.,0.,0.));
#4305=DIRECTION('',(0.,0.,-1.));
#4306=DIRECTION('',(1.,0.,0.));
#4307=DIRECTION('',(0.,0.,-1.));
#4308=DIRECTION('',(-0.869796308028997,0.161644784442428,0.466181666522491));
#4309=DIRECTION('',(-0.472394118011425,0.,-0.881387427450725));
#4310=DIRECTION('',(2.4701774260247E-13,-0.906106648944029,-0.423049336058364));
#4311=DIRECTION('',(0.,-0.423049336058365,0.906106648944031));
#4312=DIRECTION('',(0.869796308028997,0.161644784442424,-0.466181666522493));
#4313=DIRECTION('',(0.472394118011425,0.,0.881387427450725));
#4314=DIRECTION('',(4.02592389663304E-14,-0.819424796552606,-0.573186708494467));
#4315=DIRECTION('',(0.,-0.573186708494468,0.819424796552604));
#4316=DIRECTION('',(-1.,0.,0.));
#4317=DIRECTION('',(0.,0.,-1.));
#4318=DIRECTION('',(1.,0.,0.));
#4319=DIRECTION('',(0.,0.,-1.));
#4320=DIRECTION('',(-0.869796308028997,-0.322902773765837,0.373079322977641));
#4321=DIRECTION('',(-0.394195533489003,0.,-0.919026594488604));
#4322=DIRECTION('',(2.7852717209496E-13,-0.0866818523913133,-0.996236044552701));
#4323=DIRECTION('',(0.,-0.996236044552703,0.0866818523913133));
#4324=DIRECTION('',(0.869796308028998,0.484547558208257,-0.0931023435448373));
#4325=DIRECTION('',(0.486661350366457,-0.873590710836314,0.));
#4326=DIRECTION('',(3.09025062919981E-14,0.0866818523914838,-0.996236044552686));
#4327=DIRECTION('',(0.,-0.996236044552685,-0.0866818523914837));
#4328=DIRECTION('',(-1.,0.,0.));
#4329=DIRECTION('',(0.,0.,-1.));
#4330=DIRECTION('',(1.,0.,0.));
#4331=DIRECTION('',(0.,0.,-1.));
#4332=DIRECTION('',(-0.869796308028997,-0.484547558208254,-0.0931023435448585));
#4333=DIRECTION('',(-0.486661350366457,0.873590710836314,0.));
#4334=DIRECTION('',(2.72710824756861E-13,0.819424796552704,-0.573186708494326));
#4335=DIRECTION('',(0.,-0.573186708494326,-0.819424796552705));
#4336=DIRECTION('',(0.869796308028997,0.322902773765827,0.373079322977648));
#4337=DIRECTION('',(-0.39419553348901,0.,0.919026594488601));
#4338=DIRECTION('',(4.94642408405461E-14,0.906106648944098,-0.423049336058215));
#4339=DIRECTION('',(0.,-0.423049336058216,-0.906106648944097));
#4340=DIRECTION('',(-1.,0.,0.));
#4341=DIRECTION('',(0.,0.,-1.));
#4342=DIRECTION('',(1.,0.,0.));
#4343=DIRECTION('',(0.,0.,-1.));
#4344=DIRECTION('',(-0.869796308028996,-0.161644784442412,-0.466181666522497));
#4345=DIRECTION('',(0.472394118011428,0.,-0.881387427450722));
#4346=DIRECTION('',(2.16368120977344E-13,0.906106648944036,0.423049336058348));
#4347=DIRECTION('',(0.,0.423049336058348,-0.906106648944038));
#4348=DIRECTION('',(0.869796308028997,-0.161644784442431,0.46618166652249));
#4349=DIRECTION('',(-0.472394118011425,0.,0.881387427450728));
#4350=DIRECTION('',(6.1906166450741E-14,0.819424796552601,0.573186708494474));
#4351=DIRECTION('',(0.,0.573186708494475,-0.819424796552601));
#4352=DIRECTION('',(-1.,0.,0.));
#4353=DIRECTION('',(0.,0.,-1.));
#4354=DIRECTION('',(1.,0.,0.));
#4355=DIRECTION('',(0.,0.,-1.));
#4356=DIRECTION('',(-0.869796308028996,0.322902773765841,-0.373079322977639));
#4357=DIRECTION('',(0.394195533488999,0.,-0.919026594488604));
#4358=DIRECTION('',(0.,-0.499999999999982,0.866025403784449));
#4359=DIRECTION('',(0.,0.866025403784449,0.499999999999982));
#4360=DIRECTION('',(-1.,0.,0.));
#4361=DIRECTION('',(0.,0.499999999999982,-0.866025403784449));
#4362=DIRECTION('',(0.,0.499999999999982,-0.866025403784449));
#4363=DIRECTION('',(0.,0.866025403784449,0.499999999999982));
#4364=DIRECTION('',(-1.,0.,0.));
#4365=DIRECTION('',(0.,0.499999999999982,-0.866025403784449));
#4366=DIRECTION('',(0.,0.499999999999982,-0.866025403784449));
#4367=DIRECTION('',(0.,0.866025403784449,0.499999999999982));
#4368=DIRECTION('',(0.,0.500000000000008,0.866025403784434));
#4369=DIRECTION('',(0.,0.866025403784434,-0.500000000000008));
#4370=DIRECTION('',(-1.,0.,0.));
#4371=DIRECTION('',(0.,-0.500000000000008,-0.866025403784434));
#4372=DIRECTION('',(0.,-0.500000000000008,-0.866025403784434));
#4373=DIRECTION('',(0.,0.866025403784434,-0.500000000000008));
#4374=DIRECTION('',(-1.,0.,0.));
#4375=DIRECTION('',(0.,-0.500000000000008,-0.866025403784434));
#4376=DIRECTION('',(0.,-0.500000000000008,-0.866025403784434));
#4377=DIRECTION('',(0.,0.866025403784434,-0.500000000000008));
#4378=DIRECTION('',(0.,1.,-2.34291072916505E-15));
#4379=DIRECTION('',(0.,-2.34291072916505E-15,-1.));
#4380=DIRECTION('',(-1.,0.,0.));
#4381=DIRECTION('',(0.,-1.,2.39086705277189E-15));
#4382=DIRECTION('',(0.,-1.,2.34291072916505E-15));
#4383=DIRECTION('',(0.,-2.34276608834036E-15,-1.));
#4384=DIRECTION('',(-1.,0.,0.));
#4385=DIRECTION('',(0.,-1.,2.39086705277189E-15));
#4386=DIRECTION('',(0.,-1.,2.34291072916505E-15));
#4387=DIRECTION('',(0.,-2.34276608834036E-15,-1.));
#4388=DIRECTION('',(0.,0.499999999999979,-0.866025403784451));
#4389=DIRECTION('',(0.,-0.866025403784451,-0.499999999999979));
#4390=DIRECTION('',(-1.,0.,0.));
#4391=DIRECTION('',(0.,-0.499999999999978,0.866025403784451));
#4392=DIRECTION('',(0.,-0.499999999999979,0.866025403784451));
#4393=DIRECTION('',(0.,-0.866025403784451,-0.499999999999979));
#4394=DIRECTION('',(-1.,0.,0.));
#4395=DIRECTION('',(0.,-0.499999999999978,0.866025403784451));
#4396=DIRECTION('',(0.,-0.499999999999979,0.866025403784451));
#4397=DIRECTION('',(0.,-0.866025403784451,-0.499999999999979));
#4398=DIRECTION('',(0.,-0.500000000000017,-0.866025403784429));
#4399=DIRECTION('',(0.,-0.866025403784429,0.500000000000017));
#4400=DIRECTION('',(-1.,0.,0.));
#4401=DIRECTION('',(0.,0.500000000000017,0.866025403784429));
#4402=DIRECTION('',(0.,0.500000000000017,0.866025403784429));
#4403=DIRECTION('',(0.,-0.866025403784429,0.500000000000017));
#4404=DIRECTION('',(-1.,0.,0.));
#4405=DIRECTION('',(0.,0.500000000000017,0.866025403784429));
#4406=DIRECTION('',(0.,0.500000000000017,0.866025403784429));
#4407=DIRECTION('',(0.,-0.866025403784429,0.500000000000017));
#4408=DIRECTION('',(0.,-1.,0.));
#4409=DIRECTION('',(0.,0.,1.));
#4410=DIRECTION('',(-1.,0.,0.));
#4411=DIRECTION('',(0.,1.,0.));
#4412=DIRECTION('',(0.,1.,0.));
#4413=DIRECTION('',(0.,0.,1.));
#4414=DIRECTION('',(-1.,0.,0.));
#4415=DIRECTION('',(0.,1.,0.));
#4416=DIRECTION('',(0.,1.,0.));
#4417=DIRECTION('',(0.,0.,1.));
#4418=DIRECTION('',(-0.989639663761293,-0.143552683153817,-0.00244193975645189));
#4419=DIRECTION('',(-0.143553111163065,0.989642614419673,0.));
#4420=DIRECTION('',(-0.989639663761293,-0.0696615597133053,0.125541240270853));
#4421=DIRECTION('',(-0.125846962466623,0.,-0.992049667122531));
#4422=DIRECTION('',(-0.989639663761293,-0.069661559713311,-0.12554124027085));
#4423=DIRECTION('',(0.125846962466621,0.,-0.992049667122531));
#4424=DIRECTION('',(-0.989639663761293,-0.143552683153817,0.00244193975645828));
#4425=DIRECTION('',(-0.143553111163064,0.989642614419673,0.));
#4426=DIRECTION('',(-0.989639663761293,0.0738911234405097,-0.123099300514397));
#4427=DIRECTION('',(0.123436737744421,0.,-0.992352443325966));
#4428=DIRECTION('',(-0.989639663761293,-0.0738911234405095,-0.123099300514397));
#4429=DIRECTION('',(0.12343673774442,0.,-0.992352443325966));
#4430=DIRECTION('',(-0.989639663761293,0.143552683153818,0.00244193975645361));
#4431=DIRECTION('',(0.143553111163065,0.989642614419673,0.));
#4432=DIRECTION('',(-0.989639663761293,0.0696615597133066,-0.125541240270852));
#4433=DIRECTION('',(0.125846962466623,0.,-0.992049667122531));
#4434=DIRECTION('',(-0.989639663761293,0.0696615597133104,0.12554124027085));
#4435=DIRECTION('',(-0.125846962466621,0.,-0.992049667122531));
#4436=DIRECTION('',(-0.989639663761293,0.143552683153817,-0.00244193975645774));
#4437=DIRECTION('',(0.143553111163064,0.989642614419673,0.));
#4438=DIRECTION('',(-0.989639663761293,-0.07389112344051,0.123099300514397));
#4439=DIRECTION('',(-0.12343673774442,0.,-0.992352443325966));
#4440=DIRECTION('',(-0.989639663761293,0.0738911234405093,0.123099300514397));
#4441=DIRECTION('',(-0.12343673774442,0.,-0.992352443325966));
#4442=DIRECTION('',(-0.869035326832447,0.247375019311378,-0.428466101970643));
#4443=DIRECTION('',(0.442210074746215,0.,-0.896911506110244));
#4444=DIRECTION('',(0.869035326832445,-0.247375019311376,0.428466101970648));
#4445=DIRECTION('',(-0.442210074746218,0.,0.896911506110244));
#4446=DIRECTION('',(-0.869035326832447,0.494750038622759,-3.57521915001795E-15));
#4447=DIRECTION('',(0.49475003862276,0.869035326832447,0.));
#4448=DIRECTION('',(0.869035326832444,-0.494750038622764,4.91939069091612E-15));
#4449=DIRECTION('',(-0.494750038622763,-0.869035326832447,0.));
#4450=DIRECTION('',(-0.869035326832446,0.247375019311385,0.428466101970641));
#4451=DIRECTION('',(-0.442210074746211,0.,-0.896911506110244));
#4452=DIRECTION('',(0.869035326832445,-0.247375019311386,-0.428466101970642));
#4453=DIRECTION('',(0.442210074746215,0.,0.896911506110244));
#4454=DIRECTION('',(-0.869035326832447,-0.247375019311378,0.428466101970643));
#4455=DIRECTION('',(-0.442210074746215,0.,-0.896911506110244));
#4456=DIRECTION('',(0.869035326832445,0.247375019311379,-0.428466101970646));
#4457=DIRECTION('',(0.442210074746218,0.,0.896911506110244));
#4458=DIRECTION('',(-0.869035326832447,-0.494750038622759,3.57521915001795E-15));
#4459=DIRECTION('',(-0.49475003862276,0.869035326832447,0.));
#4460=DIRECTION('',(0.869035326832445,0.494750038622764,-7.62159121127853E-15));
#4461=DIRECTION('',(0.494750038622763,-0.869035326832447,0.));
#4462=DIRECTION('',(-0.869035326832446,-0.24737501931138,-0.428466101970643));
#4463=DIRECTION('',(0.442210074746211,0.,-0.896911506110244));
#4464=DIRECTION('',(0.869035326832445,0.247375019311385,0.428466101970643));
#4465=DIRECTION('',(-0.442210074746215,0.,0.896911506110244));
#4466=DIRECTION('',(1.,0.,0.));
#4467=DIRECTION('',(0.,-0.866025403784441,-0.5));
#4468=DIRECTION('',(1.,0.,0.));
#4469=DIRECTION('',(0.,-0.866025403784441,-0.5));
#4470=DIRECTION('',(1.,0.,0.));
#4471=DIRECTION('',(-1.,0.,0.));
#4472=DIRECTION('',(0.,0.866025403784449,0.499999999999982));
#4473=DIRECTION('',(-1.,0.,0.));
#4474=DIRECTION('',(0.,0.866025403784449,0.499999999999982));
#4475=DIRECTION('',(0.,0.866025403784438,-0.5));
#4476=DIRECTION('',(0.,0.5,0.866025403784438));
#4477=DIRECTION('',(0.,-0.866025403784438,0.5));
#4478=DIRECTION('',(0.,0.5,0.866025403784438));
#4479=DIRECTION('',(0.,-0.866025403784438,0.5));
#4480=DIRECTION('',(0.,-0.5,-0.866025403784438));
#4481=DIRECTION('',(0.,0.866025403784438,-0.5));
#4482=DIRECTION('',(-1.,0.,0.));
#4483=DIRECTION('',(0.,-0.866025403784438,0.5));
#4484=DIRECTION('',(-1.,0.,0.));
#4485=DIRECTION('',(0.,0.866025403784438,-0.5));
#4486=DIRECTION('',(-1.,0.,0.));
#4487=DIRECTION('',(0.,-0.866025403784438,0.5));
#4488=DIRECTION('',(-1.,0.,0.));
#4489=DIRECTION('',(0.,0.866025403784438,-0.5));
#4490=DIRECTION('',(-1.,0.,0.));
#4491=DIRECTION('',(3.06161699786838E-17,-0.866025403784438,0.5));
#4492=DIRECTION('',(0.5,0.43301270189222,0.75));
#4493=DIRECTION('',(0.,0.866025403784438,-0.5));
#4494=DIRECTION('',(-1.,0.,0.));
#4495=DIRECTION('',(0.,-0.866025403784438,0.5));
#4496=DIRECTION('',(-1.,0.,0.));
#4497=DIRECTION('',(0.,-0.866025403784438,0.5));
#4498=DIRECTION('',(0.,-0.5,-0.866025403784438));
#4499=DIRECTION('',(0.,0.866025403784438,-0.5));
#4500=DIRECTION('',(0.,-0.5,-0.866025403784438));
#4501=DIRECTION('',(0.,0.866025403784438,-0.5));
#4502=DIRECTION('',(0.,0.5,0.866025403784438));
#4503=DIRECTION('',(0.,-0.866025403784438,0.5));
#4504=DIRECTION('',(-1.,0.,0.));
#4505=DIRECTION('',(1.,0.,0.));
#4506=DIRECTION('',(0.,0.,-1.));
#4507=DIRECTION('',(1.,0.,0.));
#4508=DIRECTION('',(0.,0.,-1.));
#4509=DIRECTION('',(1.,0.,0.));
#4510=DIRECTION('',(-1.,0.,0.));
#4511=DIRECTION('',(0.,0.,1.));
#4512=DIRECTION('',(-1.,0.,0.));
#4513=DIRECTION('',(0.,0.,1.));
#4514=DIRECTION('',(0.,0.866025403784439,0.5));
#4515=DIRECTION('',(0.,-0.5,0.866025403784439));
#4516=DIRECTION('',(0.,-0.866025403784439,-0.5));
#4517=DIRECTION('',(0.,-0.5,0.866025403784439));
#4518=DIRECTION('',(0.,-0.866025403784439,-0.5));
#4519=DIRECTION('',(0.,0.5,-0.866025403784439));
#4520=DIRECTION('',(0.,0.866025403784439,0.5));
#4521=DIRECTION('',(-1.,0.,0.));
#4522=DIRECTION('',(0.,-0.866025403784439,-0.5));
#4523=DIRECTION('',(-1.,0.,0.));
#4524=DIRECTION('',(0.,0.866025403784439,0.5));
#4525=DIRECTION('',(-1.,0.,0.));
#4526=DIRECTION('',(0.,-0.866025403784439,-0.5));
#4527=DIRECTION('',(-1.,0.,0.));
#4528=DIRECTION('',(0.,0.866025403784439,0.5));
#4529=DIRECTION('',(-1.,0.,0.));
#4530=DIRECTION('',(3.06161699786838E-17,-0.866025403784439,-0.5));
#4531=DIRECTION('',(0.5,-0.433012701892219,0.75));
#4532=DIRECTION('',(0.,0.866025403784439,0.5));
#4533=DIRECTION('',(-1.,0.,0.));
#4534=DIRECTION('',(0.,-0.866025403784439,-0.5));
#4535=DIRECTION('',(-1.,0.,0.));
#4536=DIRECTION('',(0.,-0.866025403784439,-0.5));
#4537=DIRECTION('',(0.,0.5,-0.866025403784439));
#4538=DIRECTION('',(0.,0.866025403784439,0.5));
#4539=DIRECTION('',(0.,0.5,-0.866025403784439));
#4540=DIRECTION('',(0.,0.866025403784439,0.5));
#4541=DIRECTION('',(0.,-0.5,0.866025403784439));
#4542=DIRECTION('',(0.,-0.866025403784439,-0.5));
#4543=DIRECTION('',(-1.,0.,0.));
#4544=DIRECTION('',(1.,-6.04784682432498E-17,-9.57884834439237E-18));
#4545=DIRECTION('',(0.,-0.987688340595138,-0.156434465040231));
#4546=DIRECTION('',(1.,-6.04784682432498E-17,-9.57884834439237E-18));
#4547=DIRECTION('',(0.,-0.987688340595138,-0.156434465040231));
#4548=DIRECTION('',(1.,0.,0.));
#4549=DIRECTION('',(0.,0.866025403784438,-0.5));
#4550=DIRECTION('',(1.,0.,0.));
#4551=DIRECTION('',(0.,0.866025403784438,-0.5));
#4552=DIRECTION('',(1.,0.,0.));
#4553=DIRECTION('',(-1.,0.,0.));
#4554=DIRECTION('',(0.,-0.866025403784429,0.500000000000017));
#4555=DIRECTION('',(-1.,0.,0.));
#4556=DIRECTION('',(0.,-0.866025403784429,0.500000000000017));
#4557=DIRECTION('',(0.,0.,1.));
#4558=DIRECTION('',(1.,0.,0.));
#4559=DIRECTION('',(0.,0.,-1.));
#4560=DIRECTION('',(1.,0.,0.));
#4561=DIRECTION('',(0.,0.,-1.));
#4562=DIRECTION('',(-1.,0.,0.));
#4563=DIRECTION('',(0.,0.,1.));
#4564=DIRECTION('',(-1.,0.,0.));
#4565=DIRECTION('',(0.,0.,-1.));
#4566=DIRECTION('',(-1.,0.,0.));
#4567=DIRECTION('',(0.,0.,1.));
#4568=DIRECTION('',(-1.,0.,0.));
#4569=DIRECTION('',(0.,0.,-1.));
#4570=DIRECTION('',(-1.,0.,0.));
#4571=DIRECTION('',(0.,0.,1.));
#4572=DIRECTION('',(-1.,0.,0.));
#4573=DIRECTION('',(3.06161699786838E-17,-5.30287619362454E-17,-1.));
#4574=DIRECTION('',(0.5,-0.866025403784439,0.));
#4575=DIRECTION('',(0.,0.,1.));
#4576=DIRECTION('',(-1.,0.,0.));
#4577=DIRECTION('',(0.,0.,-1.));
#4578=DIRECTION('',(-1.,0.,0.));
#4579=DIRECTION('',(0.,0.,-1.));
#4580=DIRECTION('',(-1.,0.,0.));
#4581=DIRECTION('',(0.,0.,1.));
#4582=DIRECTION('',(-1.,0.,0.));
#4583=DIRECTION('',(0.,0.,1.));
#4584=DIRECTION('',(1.,0.,0.));
#4585=DIRECTION('',(0.,0.,-1.));
#4586=DIRECTION('',(-1.,0.,0.));
#4587=DIRECTION('',(1.,-6.04784682432498E-17,-9.57884834439237E-18));
#4588=DIRECTION('',(0.,-0.987688340595138,-0.156434465040231));
#4589=DIRECTION('',(1.,-6.04784682432498E-17,-9.57884834439237E-18));
#4590=DIRECTION('',(0.,-0.987688340595138,-0.156434465040231));
#4591=DIRECTION('',(1.,0.,0.));
#4592=DIRECTION('',(0.,0.86602540378444,0.5));
#4593=DIRECTION('',(1.,0.,0.));
#4594=DIRECTION('',(0.,0.86602540378444,0.5));
#4595=DIRECTION('',(1.,0.,0.));
#4596=DIRECTION('',(-1.,0.,0.));
#4597=DIRECTION('',(0.,-0.866025403784451,-0.499999999999979));
#4598=DIRECTION('',(-1.,0.,0.));
#4599=DIRECTION('',(0.,-0.866025403784451,-0.499999999999979));
#4600=DIRECTION('',(0.,-0.866025403784439,0.5));
#4601=DIRECTION('',(0.,-0.5,-0.866025403784439));
#4602=DIRECTION('',(0.,0.866025403784439,-0.5));
#4603=DIRECTION('',(0.,-0.5,-0.866025403784439));
#4604=DIRECTION('',(0.,0.866025403784439,-0.5));
#4605=DIRECTION('',(0.,0.5,0.866025403784439));
#4606=DIRECTION('',(0.,-0.866025403784439,0.5));
#4607=DIRECTION('',(-1.,0.,0.));
#4608=DIRECTION('',(0.,0.866025403784439,-0.5));
#4609=DIRECTION('',(-1.,0.,0.));
#4610=DIRECTION('',(0.,-0.866025403784439,0.5));
#4611=DIRECTION('',(-1.,0.,0.));
#4612=DIRECTION('',(0.,0.866025403784439,-0.5));
#4613=DIRECTION('',(-1.,0.,0.));
#4614=DIRECTION('',(0.,-0.866025403784439,0.5));
#4615=DIRECTION('',(-1.,0.,0.));
#4616=DIRECTION('',(3.06161699786838E-17,0.866025403784439,-0.5));
#4617=DIRECTION('',(0.5,-0.43301270189222,-0.75));
#4618=DIRECTION('',(0.,-0.866025403784439,0.5));
#4619=DIRECTION('',(-1.,0.,0.));
#4620=DIRECTION('',(0.,0.866025403784439,-0.5));
#4621=DIRECTION('',(-1.,0.,0.));
#4622=DIRECTION('',(0.,0.866025403784439,-0.5));
#4623=DIRECTION('',(0.,0.5,0.866025403784439));
#4624=DIRECTION('',(0.,-0.866025403784439,0.5));
#4625=DIRECTION('',(0.,0.5,0.866025403784439));
#4626=DIRECTION('',(0.,-0.866025403784439,0.5));
#4627=DIRECTION('',(0.,-0.5,-0.866025403784439));
#4628=DIRECTION('',(0.,0.866025403784439,-0.5));
#4629=DIRECTION('',(-1.,0.,0.));
#4630=DIRECTION('',(1.,-6.04784682432498E-17,-9.57884834439237E-18));
#4631=DIRECTION('',(0.,-0.987688340595138,-0.156434465040231));
#4632=DIRECTION('',(1.,-6.04784682432498E-17,-9.57884834439237E-18));
#4633=DIRECTION('',(0.,-0.987688340595138,-0.156434465040231));
#4634=DIRECTION('',(1.,0.,0.));
#4635=DIRECTION('',(0.,2.34291072916505E-15,1.));
#4636=DIRECTION('',(1.,0.,0.));
#4637=DIRECTION('',(0.,2.34291072916505E-15,1.));
#4638=DIRECTION('',(1.,0.,0.));
#4639=DIRECTION('',(-1.,0.,0.));
#4640=DIRECTION('',(0.,-2.34417043064744E-15,-1.));
#4641=DIRECTION('',(-1.,0.,0.));
#4642=DIRECTION('',(0.,-2.34417043064744E-15,-1.));
#4643=DIRECTION('',(0.,-0.866025403784439,-0.5));
#4644=DIRECTION('',(0.,0.5,-0.866025403784439));
#4645=DIRECTION('',(0.,0.866025403784439,0.5));
#4646=DIRECTION('',(0.,0.5,-0.866025403784439));
#4647=DIRECTION('',(0.,0.866025403784439,0.5));
#4648=DIRECTION('',(0.,-0.5,0.866025403784439));
#4649=DIRECTION('',(0.,-0.866025403784439,-0.5));
#4650=DIRECTION('',(-1.,0.,0.));
#4651=DIRECTION('',(0.,0.866025403784439,0.5));
#4652=DIRECTION('',(-1.,0.,0.));
#4653=DIRECTION('',(0.,-0.866025403784439,-0.5));
#4654=DIRECTION('',(-1.,0.,0.));
#4655=DIRECTION('',(0.,0.866025403784439,0.5));
#4656=DIRECTION('',(-1.,0.,0.));
#4657=DIRECTION('',(0.,-0.866025403784439,-0.5));
#4658=DIRECTION('',(-1.,0.,0.));
#4659=DIRECTION('',(3.06161699786838E-17,0.866025403784439,0.5));
#4660=DIRECTION('',(0.5,0.43301270189222,-0.75));
#4661=DIRECTION('',(0.,-0.866025403784439,-0.5));
#4662=DIRECTION('',(-1.,0.,0.));
#4663=DIRECTION('',(0.,0.866025403784439,0.5));
#4664=DIRECTION('',(-1.,0.,0.));
#4665=DIRECTION('',(0.,0.866025403784439,0.5));
#4666=DIRECTION('',(0.,-0.5,0.866025403784439));
#4667=DIRECTION('',(0.,-0.866025403784439,-0.5));
#4668=DIRECTION('',(0.,-0.5,0.866025403784439));
#4669=DIRECTION('',(0.,-0.866025403784439,-0.5));
#4670=DIRECTION('',(0.,0.5,-0.866025403784439));
#4671=DIRECTION('',(0.,0.866025403784439,0.5));
#4672=DIRECTION('',(-1.,0.,0.));
#4673=DIRECTION('',(1.,-6.04784682432498E-17,-9.57884834439237E-18));
#4674=DIRECTION('',(0.,-0.987688340595138,-0.156434465040231));
#4675=DIRECTION('',(1.,-6.04784682432498E-17,-9.57884834439237E-18));
#4676=DIRECTION('',(0.,-0.987688340595138,-0.156434465040231));
#4677=DIRECTION('',(1.,0.,0.));
#4678=DIRECTION('',(0.,-0.866025403784437,0.5));
#4679=DIRECTION('',(1.,0.,0.));
#4680=DIRECTION('',(0.,-0.866025403784437,0.5));
#4681=DIRECTION('',(1.,0.,0.));
#4682=DIRECTION('',(-1.,0.,0.));
#4683=DIRECTION('',(0.,0.866025403784434,-0.500000000000008));
#4684=DIRECTION('',(-1.,0.,0.));
#4685=DIRECTION('',(0.,0.866025403784434,-0.500000000000008));
#4686=DIRECTION('',(0.,-3.88578058618805E-16,-1.));
#4687=DIRECTION('',(0.,1.,-3.86677066954519E-16));
#4688=DIRECTION('',(0.,3.88578058618805E-16,1.));
#4689=DIRECTION('',(0.,1.,-3.89851020167617E-16));
#4690=DIRECTION('',(0.,3.88578058618805E-16,1.));
#4691=DIRECTION('',(0.,-1.,3.78486610945379E-16));
#4692=DIRECTION('',(0.,-3.88578058618805E-16,-1.));
#4693=DIRECTION('',(-1.,0.,0.));
#4694=DIRECTION('',(0.,3.88578058618805E-16,1.));
#4695=DIRECTION('',(-1.,0.,0.));
#4696=DIRECTION('',(0.,-3.88578058618805E-16,-1.));
#4697=DIRECTION('',(-1.,0.,0.));
#4698=DIRECTION('',(0.,3.88578058618805E-16,1.));
#4699=DIRECTION('',(-1.,0.,0.));
#4700=DIRECTION('',(0.,-3.88578058618805E-16,-1.));
#4701=DIRECTION('',(-1.,0.,0.));
#4702=DIRECTION('',(3.06161699786838E-17,4.4160682055505E-16,1.));
#4703=DIRECTION('',(0.5,0.866025403784439,-3.36518470117124E-16));
#4704=DIRECTION('',(0.,-3.88578058618805E-16,-1.));
#4705=DIRECTION('',(-1.,0.,0.));
#4706=DIRECTION('',(0.,3.88578058618805E-16,1.));
#4707=DIRECTION('',(-1.,0.,0.));
#4708=DIRECTION('',(0.,3.88578058618805E-16,1.));
#4709=DIRECTION('',(0.,-1.,3.86677066954519E-16));
#4710=DIRECTION('',(0.,-3.88578058618805E-16,-1.));
#4711=DIRECTION('',(0.,-1.,3.89851020167624E-16));
#4712=DIRECTION('',(0.,-3.88578058618805E-16,-1.));
#4713=DIRECTION('',(0.,1.,-3.78486610945379E-16));
#4714=DIRECTION('',(0.,3.88578058618805E-16,1.));
#4715=DIRECTION('',(-1.,0.,0.));
#4716=DIRECTION('',(1.,-6.04784682432498E-17,-9.57884834439237E-18));
#4717=DIRECTION('',(0.,-0.987688340595138,-0.156434465040231));
#4718=DIRECTION('',(1.,-6.04784682432498E-17,-9.57884834439237E-18));
#4719=DIRECTION('',(0.,-0.987688340595138,-0.156434465040231));
#4720=DIRECTION('',(1.,-6.04784682432498E-17,-9.57884834439237E-18));
#4721=DIRECTION('',(0.,-0.987688340595138,-0.156434465040231));
#4722=DIRECTION('',(1.,-6.04784682432498E-17,-9.57884834439237E-18));
#4723=DIRECTION('',(0.,-0.987688340595138,-0.156434465040231));
#4724=DIRECTION('',(1.,2.77555756156289E-17,0.));
#4725=DIRECTION('',(0.,0.,-1.));
#4726=DIRECTION('',(-1.,-2.77555756156289E-17,0.));
#4727=DIRECTION('',(1.28143867081811E-16,-3.85309902517401E-33,-1.));
#4728=DIRECTION('',(-0.999999999999997,-2.77555756156289E-17,6.12323399573684E-17));
#4729=DIRECTION('',(0.,0.,1.));
#4730=CARTESIAN_POINT('',(0.,0.,0.));
#4731=CARTESIAN_POINT('',(-8.26462072524458,0.,0.));
#4732=CARTESIAN_POINT('',(-8.26462072524458,0.,52.17));
#4733=CARTESIAN_POINT('',(2.69,0.,-2.82074805320928E-16));
#4734=CARTESIAN_POINT('',(2.69,0.,-52.17));
#4735=CARTESIAN_POINT('',(18.94,0.,1.77635683940025E-15));
#4736=CARTESIAN_POINT('',(-54.21,0.,0.));
#4737=CARTESIAN_POINT('',(-54.21,0.,30.));
#4738=CARTESIAN_POINT('',(-54.21,0.,0.));
#4739=CARTESIAN_POINT('',(-54.21,0.,24.125));
#4740=CARTESIAN_POINT('',(-54.21,0.,52.17));
#4741=CARTESIAN_POINT('',(-42.36,0.,0.));
#4742=CARTESIAN_POINT('',(-42.36,0.,33.));
#4743=CARTESIAN_POINT('',(-48.21,0.,0.));
#4744=CARTESIAN_POINT('',(-48.21,0.,33.));
#4745=CARTESIAN_POINT('',(0.,0.,0.));
#4746=CARTESIAN_POINT('',(-41.36,0.,0.));
#4747=CARTESIAN_POINT('',(-41.36,0.,34.));
#4748=CARTESIAN_POINT('',(-42.36,0.,0.));
#4749=CARTESIAN_POINT('',(-41.36,0.,0.));
#4750=CARTESIAN_POINT('',(-41.36,0.,39.5982447511369));
#4751=CARTESIAN_POINT('',(-41.36,0.,34.));
#4752=CARTESIAN_POINT('',(-41.36,0.,0.));
#4753=CARTESIAN_POINT('',(-49.71,0.,0.));
#4754=CARTESIAN_POINT('',(-49.71,0.,32.5980762113533));
#4755=CARTESIAN_POINT('',(-54.21,0.,0.));
#4756=CARTESIAN_POINT('',(-48.21,0.,0.));
#4757=CARTESIAN_POINT('',(-166.71,-2.86243251323982E-16,-3.92573373131299E-14));
#4758=CARTESIAN_POINT('',(-166.71,-2.86243251323982E-16,6.15059700836721));
#4759=CARTESIAN_POINT('',(-166.71,0.,0.));
#4760=CARTESIAN_POINT('',(-166.71,0.,9.28750000000035));
#4761=CARTESIAN_POINT('',(-166.71,0.,-7.105427357601E-15));
#4762=CARTESIAN_POINT('',(-164.71,0.,0.));
#4763=CARTESIAN_POINT('',(-164.71,0.,11.2875));
#4764=CARTESIAN_POINT('',(-166.71,0.,0.));
#4765=CARTESIAN_POINT('',(-127.71,0.,0.));
#4766=CARTESIAN_POINT('',(-127.71,0.,11.2875));
#4767=CARTESIAN_POINT('',(-54.21,0.,0.));
#4768=CARTESIAN_POINT('',(-126.560933335321,0.,0.));
#4769=CARTESIAN_POINT('',(-126.560933335321,0.,11.8233185854702));
#4770=CARTESIAN_POINT('',(-127.71,0.,0.));
#4771=CARTESIAN_POINT('',(-123.485307457957,0.,0.));
#4772=CARTESIAN_POINT('',(-123.485307457957,0.,15.4887067742953));
#4773=CARTESIAN_POINT('',(-126.560933335321,0.,0.));
#4774=CARTESIAN_POINT('',(-119.26,0.,0.));
#4775=CARTESIAN_POINT('',(-119.26,0.,17.459));
#4776=CARTESIAN_POINT('',(-123.485307457957,0.,0.));
#4777=CARTESIAN_POINT('',(-73.7054890931027,0.,0.));
#4778=CARTESIAN_POINT('',(-73.7054890931027,0.,17.459));
#4779=CARTESIAN_POINT('',(-54.21,0.,0.));
#4780=CARTESIAN_POINT('',(-70.21,0.,0.));
#4781=CARTESIAN_POINT('',(-70.21,0.,19.125));
#4782=CARTESIAN_POINT('',(-73.7054890931027,0.,0.));
#4783=CARTESIAN_POINT('',(-59.21,0.,0.));
#4784=CARTESIAN_POINT('',(-59.21,0.,19.125));
#4785=CARTESIAN_POINT('',(-54.21,0.,0.));
#4786=CARTESIAN_POINT('',(-59.21,0.,0.));
#4787=CARTESIAN_POINT('',(2.68999999999996,0.,0.));
#4788=CARTESIAN_POINT('',(2.68999999999996,0.,51.91));
#4789=CARTESIAN_POINT('',(2.69,-66.4915494756527,9.34477786396359));
#4790=CARTESIAN_POINT('',(4.35887735418711,0.,0.));
#4791=CARTESIAN_POINT('',(4.35887735418711,0.,50.8053941758571));
#4792=CARTESIAN_POINT('',(3.89,0.,0.));
#4793=CARTESIAN_POINT('',(16.44,0.,0.));
#4794=CARTESIAN_POINT('',(16.44,0.,51.11));
#4795=CARTESIAN_POINT('',(18.94,0.,0.));
#4796=CARTESIAN_POINT('',(18.94,0.,48.61));
#4797=CARTESIAN_POINT('',(16.44,0.,0.));
#4798=CARTESIAN_POINT('',(13.6864212528966,0.,0.));
#4799=CARTESIAN_POINT('',(13.6864212528966,0.,51.11));
#4800=CARTESIAN_POINT('',(-38.6281451211569,0.,0.));
#4801=CARTESIAN_POINT('',(12.815,0.,0.));
#4802=CARTESIAN_POINT('',(12.815,0.,51.485));
#4803=CARTESIAN_POINT('',(13.6864212528966,0.,0.));
#4804=CARTESIAN_POINT('',(12.44,0.,0.));
#4805=CARTESIAN_POINT('',(12.44,0.,51.485));
#4806=CARTESIAN_POINT('',(-38.6281451211569,0.,0.));
#4807=CARTESIAN_POINT('',(10.5326882038081,0.,0.));
#4808=CARTESIAN_POINT('',(10.5326882038081,0.,50.6753941758571));
#4809=CARTESIAN_POINT('',(12.44,0.,0.));
#4810=CARTESIAN_POINT('',(10.063810849621,0.,0.));
#4811=CARTESIAN_POINT('',(10.063810849621,0.,50.58));
#4812=CARTESIAN_POINT('',(10.063810849621,0.,0.));
#4813=CARTESIAN_POINT('',(9.3170562748477,0.,0.));
#4814=CARTESIAN_POINT('',(9.3170562748477,0.,50.58));
#4815=CARTESIAN_POINT('',(-38.6281451211569,0.,0.));
#4816=CARTESIAN_POINT('',(8.46852813742385,0.,0.));
#4817=CARTESIAN_POINT('',(8.46852813742385,0.,50.9314718625761));
#4818=CARTESIAN_POINT('',(9.3170562748477,0.,0.));
#4819=CARTESIAN_POINT('',(7.915,0.,0.));
#4820=CARTESIAN_POINT('',(7.915,0.,51.485));
#4821=CARTESIAN_POINT('',(8.46852813742385,0.,0.));
#4822=CARTESIAN_POINT('',(7.54,0.,0.));
#4823=CARTESIAN_POINT('',(7.54,0.,51.485));
#4824=CARTESIAN_POINT('',(-38.6281451211569,0.,0.));
#4825=CARTESIAN_POINT('',(6.88128995769476,0.,0.));
#4826=CARTESIAN_POINT('',(6.88128995769476,0.,51.2053941758571));
#4827=CARTESIAN_POINT('',(7.54,0.,0.));
#4828=CARTESIAN_POINT('',(6.41241260350763,0.,0.));
#4829=CARTESIAN_POINT('',(6.41241260350763,0.,51.11));
#4830=CARTESIAN_POINT('',(6.41241260350763,0.,0.));
#4831=CARTESIAN_POINT('',(5.07648370563787,0.,0.));
#4832=CARTESIAN_POINT('',(5.07648370563787,0.,51.11));
#4833=CARTESIAN_POINT('',(-38.6281451211569,0.,0.));
#4834=CARTESIAN_POINT('',(5.07648370563787,0.,0.));
#4835=CARTESIAN_POINT('',(18.94,0.,0.));
#4836=CARTESIAN_POINT('',(18.94,0.,45.9217115111605));
#4837=CARTESIAN_POINT('',(18.94,0.,4.18559313445822E-31));
#4838=CARTESIAN_POINT('',(12.5327523149644,-21.5621753331713,31.4710392950938));
#4839=CARTESIAN_POINT('',(12.6765030061497,-21.6129595204819,31.6476320340237));
#4840=CARTESIAN_POINT('',(12.8172737899309,-21.6418381158537,31.8347104333715));
#4841=CARTESIAN_POINT('',(12.9504239337968,-21.6469539039648,32.0262128047414));
#4842=CARTESIAN_POINT('',(12.5327523149644,-21.5621753331713,31.4710392950938));
#4843=CARTESIAN_POINT('',(12.9504239337968,-21.6469539039648,32.0262128047414));
#4844=CARTESIAN_POINT('',(12.9504239337968,-21.6469539039648,32.0262128047414));
#4845=CARTESIAN_POINT('',(12.9561557228354,-21.6471741261694,32.0344565148961));
#4846=CARTESIAN_POINT('',(12.9617403055013,-21.6468731515135,32.0428360526866));
#4847=CARTESIAN_POINT('',(12.9671217685387,-21.6460424049769,32.0512746767619));
#4848=CARTESIAN_POINT('',(12.9816824706665,-21.6437946420957,32.0741071835868));
#4849=CARTESIAN_POINT('',(12.9949742902279,-21.6375416802058,32.09777704656));
#4850=CARTESIAN_POINT('',(13.0059127227004,-21.6275006631757,32.1205348699265));
#4851=CARTESIAN_POINT('',(13.0164916822572,-21.6177896270344,32.1425447962662));
#4852=CARTESIAN_POINT('',(13.0251200384697,-21.6042787212719,32.1642403243947));
#4853=CARTESIAN_POINT('',(13.0310233348355,-21.5878489967724,32.1838839164951));
#4854=CARTESIAN_POINT('',(13.0369640395948,-21.5713151593229,32.2036519873913));
#4855=CARTESIAN_POINT('',(13.040289995723,-21.5513729100794,32.2218566266578));
#4856=CARTESIAN_POINT('',(13.0406809533682,-21.5296492210512,32.2369352495366));
#4857=CARTESIAN_POINT('',(13.0407078701691,-21.5281535802315,32.2379733883101));
#4858=CARTESIAN_POINT('',(13.0407213285133,-21.5266482866109,32.2389981868546));
#4859=CARTESIAN_POINT('',(13.0407213285133,-21.5251339595257,32.2400092316447));
#4860=CARTESIAN_POINT('',(13.0407213285133,-21.5251339595257,32.2400092316447));
#4861=CARTESIAN_POINT('',(13.0407213285133,7.69185074553425E-16,-1.33226762955019E-15));
#4862=CARTESIAN_POINT('',(13.0407213285132,-17.1581000330861,34.7613174446347));
#4863=CARTESIAN_POINT('',(13.0407213285132,-17.1581000330861,34.7613174446347));
#4864=CARTESIAN_POINT('',(13.0407213285132,-17.1563465670334,34.7621829511273));
#4865=CARTESIAN_POINT('',(13.0407058062519,-17.1545845631469,34.7630315078706));
#4866=CARTESIAN_POINT('',(13.0406747622136,-17.1528148489172,34.7638627073048));
#4867=CARTESIAN_POINT('',(13.040239781768,-17.1280181045041,34.7755092429878));
#4868=CARTESIAN_POINT('',(13.0366471314847,-17.1012645889628,34.7838155491489));
#4869=CARTESIAN_POINT('',(13.030267747182,-17.0749657185245,34.7881030197877));
#4870=CARTESIAN_POINT('',(13.0234386336008,-17.0468128491006,34.7926927454695));
#4871=CARTESIAN_POINT('',(13.0132065157391,-17.0183049634348,34.7928245882223));
#4872=CARTESIAN_POINT('',(13.0006929120047,-16.9920952701711,34.7887321401112));
#4873=CARTESIAN_POINT('',(12.987365148582,-16.9641803226776,34.7843734292713));
#4874=CARTESIAN_POINT('',(12.9710331807581,-16.9379593520097,34.7751082016903));
#4875=CARTESIAN_POINT('',(12.9533750100786,-16.9157057144989,34.7621144894649));
#4876=CARTESIAN_POINT('',(12.9523960992896,-16.9144720461734,34.7613941608806));
#4877=CARTESIAN_POINT('',(12.9514123118919,-16.9132490165492,34.7606620491274));
#4878=CARTESIAN_POINT('',(12.9504239337967,-16.9120369239305,34.7599183977546));
#4879=CARTESIAN_POINT('',(12.9504239337967,-16.9120369239305,34.7599183977546));
#4880=CARTESIAN_POINT('',(12.9504239337967,-16.9120369239305,34.7599183977546));
#4881=CARTESIAN_POINT('',(12.9202189889577,-16.8749952382983,34.7371923288516));
#4882=CARTESIAN_POINT('',(12.8896533490513,-16.8387875607467,34.7135503577627));
#4883=CARTESIAN_POINT('',(12.8587810158694,-16.8034713674018,34.689043931942));
#4884=CARTESIAN_POINT('',(12.7534272145692,-16.6829526105455,34.6054141945562));
#4885=CARTESIAN_POINT('',(12.6440348744964,-16.5723664486675,34.5113114297854));
#4886=CARTESIAN_POINT('',(12.5327523149641,-16.4736318464636,34.4089112469272));
#4887=CARTESIAN_POINT('',(12.5327523149641,-16.4736318464636,34.4089112469272));
#4888=CARTESIAN_POINT('',(12.166665729585,-15.9456357888397,34.1672902684669));
#4889=CARTESIAN_POINT('',(12.1929834111987,-16.0080808140495,34.1733791463441));
#4890=CARTESIAN_POINT('',(12.223073374925,-16.0687331483386,34.185225575387));
#4891=CARTESIAN_POINT('',(12.2558496315937,-16.1258752399303,34.2022424593588));
#4892=CARTESIAN_POINT('',(12.3095090465131,-16.2194250077719,34.2301015296276));
#4893=CARTESIAN_POINT('',(12.3715137470241,-16.3053281778331,34.2725298886982));
#4894=CARTESIAN_POINT('',(12.4369293686946,-16.3781153947661,34.3257261024881));
#4895=CARTESIAN_POINT('',(12.468021018925,-16.412710719741,34.3510099418907));
#4896=CARTESIAN_POINT('',(12.5001315883242,-16.4446893555474,34.3788942488734));
#4897=CARTESIAN_POINT('',(12.5327523149641,-16.4736318464636,34.4089112469272));
#4898=CARTESIAN_POINT('',(12.166665729585,-15.9456357888397,34.1672902684669));
#4899=CARTESIAN_POINT('',(12.166665729585,0.,0.));
#4900=CARTESIAN_POINT('',(12.166665729585,-12.8024868029756,35.4649595609474));
#4901=CARTESIAN_POINT('',(12.1666657295849,-12.8024868029756,35.4649595609474));
#4902=CARTESIAN_POINT('',(12.2835776032598,-12.3644032212384,35.7738866755996));
#4903=CARTESIAN_POINT('',(12.3938748285033,-11.9150187743009,36.0670714688472));
#4904=CARTESIAN_POINT('',(12.4977004508061,-11.4542598311867,36.3443415100093));
#4905=CARTESIAN_POINT('',(12.4977004508062,-11.4542598311867,36.3443415100094));
#4906=CARTESIAN_POINT('',(13.4972888207828,-10.359544713821,37.9299004348756));
#4907=CARTESIAN_POINT('',(13.0932746796424,-10.5885986585565,37.3592806854488));
#4908=CARTESIAN_POINT('',(12.7474179832531,-10.9630145672011,36.8167819568237));
#4909=CARTESIAN_POINT('',(12.4977004508078,-11.4542598311886,36.3443415100108));
#4910=CARTESIAN_POINT('',(13.4972888207828,-10.3595447138211,37.9299004348756));
#4911=CARTESIAN_POINT('',(18.3507793761435,1.56823363141721E-15,45.2069297376104));
#4912=CARTESIAN_POINT('',(18.2794184438376,-2.42657906042984,45.1203620044209));
#4913=CARTESIAN_POINT('',(17.7399874667056,-4.71864099595308,44.259695719583));
#4914=CARTESIAN_POINT('',(15.989742635687,-8.33547354682974,41.561909731908));
#4915=CARTESIAN_POINT('',(14.8204828038519,-9.60936601805333,39.7987474433761));
#4916=CARTESIAN_POINT('',(13.4972888207827,-10.359544713821,37.9299004348756));
#4917=CARTESIAN_POINT('',(18.3507793761435,2.84755338936936E-15,45.2069297376104));
#4918=CARTESIAN_POINT('',(13.4972888207828,10.359544713821,37.9299004348757));
#4919=CARTESIAN_POINT('',(14.8050257875634,9.61812930179564,39.7769163294044));
#4920=CARTESIAN_POINT('',(15.9836475009594,8.34221966248954,41.5526997789078));
#4921=CARTESIAN_POINT('',(17.7327129432476,4.73947832368612,44.2482994054187));
#4922=CARTESIAN_POINT('',(18.2792177988711,2.43340185350026,45.1201186026131));
#4923=CARTESIAN_POINT('',(18.3507793761435,2.97017168062774E-15,45.2069297376104));
#4924=CARTESIAN_POINT('',(13.4972888207828,10.359544713821,37.9299004348756));
#4925=CARTESIAN_POINT('',(12.4977004508096,11.4542598311808,36.3443415100156));
#4926=CARTESIAN_POINT('',(12.7485235985612,10.9608395966298,36.8188736697488));
#4927=CARTESIAN_POINT('',(13.0929231001458,10.5887979849226,37.3587841231164));
#4928=CARTESIAN_POINT('',(13.4972888207828,10.359544713821,37.9299004348756));
#4929=CARTESIAN_POINT('',(12.4977004508079,11.4542598311789,36.344341510014));
#4930=CARTESIAN_POINT('',(12.4977004508079,11.4542598311789,36.344341510014));
#4931=CARTESIAN_POINT('',(12.3938813015072,11.9149900483056,36.0670887552356));
#4932=CARTESIAN_POINT('',(12.2835848777812,12.3643759626866,35.7739058977438));
#4933=CARTESIAN_POINT('',(12.1666657295849,12.8024868029756,35.4649595609474));
#4934=CARTESIAN_POINT('',(12.166665729585,12.8024868029756,35.4649595609474));
#4935=CARTESIAN_POINT('',(12.166665729585,0.,0.));
#4936=CARTESIAN_POINT('',(12.166665729585,15.9456357888397,34.1672902684669));
#4937=CARTESIAN_POINT('',(12.166665729585,15.9456357888397,34.1672902684669));
#4938=CARTESIAN_POINT('',(12.1929608870115,16.0080273700016,34.1733739351317));
#4939=CARTESIAN_POINT('',(12.2230217173165,16.0686291316086,34.1852051870676));
#4940=CARTESIAN_POINT('',(12.2557650559979,16.1257277729245,34.2021985574196));
#4941=CARTESIAN_POINT('',(12.309414508963,16.2192830117917,34.2300419313739));
#4942=CARTESIAN_POINT('',(12.3714104337336,16.3051946036016,34.2724546675218));
#4943=CARTESIAN_POINT('',(12.4368189549873,16.3779925229912,34.3256363210881));
#4944=CARTESIAN_POINT('',(12.4679450919936,16.4126350736751,34.3509440241732));
#4945=CARTESIAN_POINT('',(12.5000930709369,16.4446551812893,34.3788588058757));
#4946=CARTESIAN_POINT('',(12.5327523149644,16.4736318464639,34.4089112469275));
#4947=CARTESIAN_POINT('',(12.5327523149644,16.4736318464639,34.4089112469275));
#4948=CARTESIAN_POINT('',(12.5327523149644,16.4736318464639,34.4089112469275));
#4949=CARTESIAN_POINT('',(12.6765030061497,16.6011735508458,34.541188012714));
#4950=CARTESIAN_POINT('',(12.8172737899308,16.7487488994948,34.659736809605));
#4951=CARTESIAN_POINT('',(12.9504239337967,16.9120369239305,34.7599183977546));
#4952=CARTESIAN_POINT('',(12.9504239337967,16.9120369239305,34.7599183977546));
#4953=CARTESIAN_POINT('',(12.9504239337967,16.9120369239305,34.7599183977546));
#4954=CARTESIAN_POINT('',(12.9534946781721,16.9158027162012,34.7622288124444));
#4955=CARTESIAN_POINT('',(12.956522021257,16.919675314358,34.7644284680299));
#4956=CARTESIAN_POINT('',(12.9594973778372,16.9236455084399,34.7665101718169));
#4957=CARTESIAN_POINT('',(12.9746516185675,16.9438667072247,34.7771128137078));
#4958=CARTESIAN_POINT('',(12.9886563736796,16.9669908211969,34.7847436056926));
#4959=CARTESIAN_POINT('',(13.0003846676878,16.991451031236,34.7886306549558));
#4960=CARTESIAN_POINT('',(13.0116668651721,17.0149808745342,34.7923698567006));
#4961=CARTESIAN_POINT('',(13.0211089199178,17.0403284860327,34.7927197905606));
#4962=CARTESIAN_POINT('',(13.0278770474991,17.0655980084968,34.7894691261857));
#4963=CARTESIAN_POINT('',(13.0346393651404,17.0908458389333,34.7862212522671));
#4964=CARTESIAN_POINT('',(13.0388965817996,17.1166755402567,34.7792765660433));
#4965=CARTESIAN_POINT('',(13.0402400611179,17.1409440572997,34.7691294132173));
#4966=CARTESIAN_POINT('',(13.0405606781782,17.1467356615973,34.7667078275138));
#4967=CARTESIAN_POINT('',(13.0407213285133,17.152463604914,34.7640995715942));
#4968=CARTESIAN_POINT('',(13.0407213285133,17.1581000330862,34.7613174446347));
#4969=CARTESIAN_POINT('',(13.0407213285133,17.1581000330862,34.7613174446347));
#4970=CARTESIAN_POINT('',(13.0407213285133,-7.69185074553426E-16,-1.33226762955019E-15));
#4971=CARTESIAN_POINT('',(13.0407213285132,21.5251339595274,32.2400092316436));
#4972=CARTESIAN_POINT('',(13.0407213285132,21.5251339595274,32.2400092316436));
#4973=CARTESIAN_POINT('',(13.0407213285131,21.5456513137634,32.2263107616692));
#4974=CARTESIAN_POINT('',(13.0381822758911,21.5646921316982,32.2098648963503));
#4975=CARTESIAN_POINT('',(13.0333157052017,21.5808859286524,32.1919013962901));
#4976=CARTESIAN_POINT('',(13.0275989713871,21.5999086928418,32.1707997715983));
#4977=CARTESIAN_POINT('',(13.0184837910092,21.6155407010615,32.1469709080471));
#4978=CARTESIAN_POINT('',(13.0069693943954,21.6265123668299,32.1227455826947));
#4979=CARTESIAN_POINT('',(12.9946644086924,21.6382373572871,32.0968569241648));
#4980=CARTESIAN_POINT('',(12.979235868011,21.6450428518992,32.0696847393608));
#4981=CARTESIAN_POINT('',(12.9622969532009,21.6466407341079,32.0438075167054));
#4982=CARTESIAN_POINT('',(12.9584266490663,21.647005827751,32.0378949347627));
#4983=CARTESIAN_POINT('',(12.9544624625107,21.6471090690778,32.032021193701));
#4984=CARTESIAN_POINT('',(12.9504239337967,21.6469539039644,32.0262128047415));
#4985=CARTESIAN_POINT('',(12.9504239337967,21.6469539039644,32.0262128047415));
#4986=CARTESIAN_POINT('',(12.9504239337967,21.6469539039644,32.0262128047415));
#4987=CARTESIAN_POINT('',(12.9202189889577,21.6457933937822,31.9827707295336));
#4988=CARTESIAN_POINT('',(12.8896533490513,21.6434226849995,31.9395929754175));
#4989=CARTESIAN_POINT('',(12.8587810158694,21.6398575943553,31.8967550419055));
#4990=CARTESIAN_POINT('',(12.7534272145693,21.6276914956956,31.7505678681425));
#4991=CARTESIAN_POINT('',(12.6440348744965,21.6014891917767,31.6077460602639));
#4992=CARTESIAN_POINT('',(12.5327523149643,21.5621753331713,31.4710392950937));
#4993=CARTESIAN_POINT('',(12.5327523149643,21.5621753331713,31.4710392950937));
#4994=CARTESIAN_POINT('',(12.166665729585,21.6169234565346,30.8929708068732));
#4995=CARTESIAN_POINT('',(12.2117849548361,21.5724356336578,30.9909036096745));
#4996=CARTESIAN_POINT('',(12.2683905119362,21.5453309425694,31.0932576394817));
#4997=CARTESIAN_POINT('',(12.3308744106487,21.5366410747901,31.1913697862106));
#4998=CARTESIAN_POINT('',(12.3926320558957,21.5280522097767,31.2883415705736));
#4999=CARTESIAN_POINT('',(12.4617158463994,21.5370795976604,31.3837734569656));
#5000=CARTESIAN_POINT('',(12.5327523149643,21.5621753331713,31.4710392950937));
#5001=CARTESIAN_POINT('',(12.166665729585,21.6169234565346,30.8929708068732));
#5002=CARTESIAN_POINT('',(12.166665729585,0.,0.));
#5003=CARTESIAN_POINT('',(12.166665729585,24.3123125224805,28.8197585834655));
#5004=CARTESIAN_POINT('',(12.166665729585,24.3123125224805,28.8197585834655));
#5005=CARTESIAN_POINT('',(12.2833922925195,24.7981217898711,28.5951871512613));
#5006=CARTESIAN_POINT('',(12.3938556503072,25.2774038359246,28.3522927783177));
#5007=CARTESIAN_POINT('',(12.4977004508064,25.7479931158933,28.0918507503593));
#5008=CARTESIAN_POINT('',(12.4977004508064,25.7479931158933,28.0918507503593));
#5009=CARTESIAN_POINT('',(13.4972888207828,27.6684849827068,27.936579111247));
#5010=CARTESIAN_POINT('',(13.0932746796426,27.0597868114345,27.8496357715117));
#5011=CARTESIAN_POINT('',(12.7474179832533,26.4027611766024,27.9026400956663));
#5012=CARTESIAN_POINT('',(12.497700450808,25.7479931158936,28.0918507503617));
#5013=CARTESIAN_POINT('',(13.4972888207828,27.6684849827068,27.9365791112471));
#5014=CARTESIAN_POINT('',(18.3507793761435,39.1503495798693,22.6034648688044));
#5015=CARTESIAN_POINT('',(18.2794184888606,37.8620910063514,24.661658814279));
#5016=CARTESIAN_POINT('',(17.7399870684376,35.9706994141803,26.2163112420615));
#5017=CARTESIAN_POINT('',(15.9897430268849,31.825933812243,27.9996863088483));
#5018=CARTESIAN_POINT('',(14.8204832964665,29.6620440579246,28.2213289135946));
#5019=CARTESIAN_POINT('',(13.4972888207827,27.6684849827068,27.936579111247));
#5020=CARTESIAN_POINT('',(18.3507793761435,39.1503495798692,22.6034648688044));
#5021=CARTESIAN_POINT('',(13.4972888207828,38.0280296965275,9.99332132362727));
#5022=CARTESIAN_POINT('',(14.8049118754062,39.2567776353329,11.5587774794561));
#5023=CARTESIAN_POINT('',(15.983565614085,40.1568425082356,13.5514470553144));
#5024=CARTESIAN_POINT('',(17.7331066076768,40.689946461953,18.0207661914386));
#5025=CARTESIAN_POINT('',(18.2792190425981,40.2918500189685,20.4527088589505));
#5026=CARTESIAN_POINT('',(18.3507793761435,39.1503495798693,22.6034648688044));
#5027=CARTESIAN_POINT('',(13.4972888207828,38.0280296965275,9.99332132362727));
#5028=CARTESIAN_POINT('',(12.4977004508094,37.2022529470812,8.25249075965628));
#5029=CARTESIAN_POINT('',(12.748523598561,37.3664997350473,8.91707129738529));
#5030=CARTESIAN_POINT('',(13.0929231001458,37.648055097579,9.50922401107294));
#5031=CARTESIAN_POINT('',(13.4972888207828,38.0280296965275,9.99332132362727));
#5032=CARTESIAN_POINT('',(12.4977004508077,37.2022529470789,8.25249075965723));
#5033=CARTESIAN_POINT('',(12.4977004508077,37.2022529470789,8.25249075965723));
#5034=CARTESIAN_POINT('',(12.3938556503081,37.1925077195198,7.71472747447424));
#5035=CARTESIAN_POINT('',(12.28339229252,37.1632193938985,7.17820986054007));
#5036=CARTESIAN_POINT('',(12.166665729585,37.1147993254561,6.64520097748163));
#5037=CARTESIAN_POINT('',(12.166665729585,37.1147993254561,6.64520097748163));
#5038=CARTESIAN_POINT('',(12.166665729585,0.,0.));
#5039=CARTESIAN_POINT('',(12.166665729585,37.562559245389,3.27431946160375));
#5040=CARTESIAN_POINT('',(12.5327523149645,38.0358071796353,2.93787195183358));
#5041=CARTESIAN_POINT('',(12.5313230347671,38.0340341261385,2.93831257540429));
#5042=CARTESIAN_POINT('',(12.5298948837689,38.0322618915419,2.93876021521906));
#5043=CARTESIAN_POINT('',(12.5284679041233,38.0304905267345,2.93921486401404));
#5044=CARTESIAN_POINT('',(12.4496824423553,37.9326910978909,2.96431663429192));
#5045=CARTESIAN_POINT('',(12.3732755623037,37.8360267527986,3.01180195222594));
#5046=CARTESIAN_POINT('',(12.3066571969776,37.749488145513,3.07869768444835));
#5047=CARTESIAN_POINT('',(12.2538349207119,37.6808709376408,3.1317398873177));
#5048=CARTESIAN_POINT('',(12.2059457498078,37.617030202314,3.1981487045228));
#5049=CARTESIAN_POINT('',(12.166665729585,37.562559245389,3.27431946160375));
#5050=CARTESIAN_POINT('',(12.5327523149645,38.0358071796353,2.93787195183358));
#5051=CARTESIAN_POINT('',(12.5327523149645,38.0358071796353,2.93787195183358));
#5052=CARTESIAN_POINT('',(12.5569003362505,38.0657633307531,2.93042751414808));
#5053=CARTESIAN_POINT('',(12.5809461284567,38.0956431561196,2.92231274725012));
#5054=CARTESIAN_POINT('',(12.604867866049,38.1254182290274,2.91353134199962));
#5055=CARTESIAN_POINT('',(12.7234598726042,38.2730281435601,2.86999752824496));
#5056=CARTESIAN_POINT('',(12.8395381313524,38.4187462036926,2.80975641829358));
#5057=CARTESIAN_POINT('',(12.9504239337967,38.5589908278948,2.73370559301303));
#5058=CARTESIAN_POINT('',(12.9504239337967,38.5589908278948,2.73370559301303));
#5059=CARTESIAN_POINT('',(12.9504239337967,38.5589908278948,2.73370559301303));
#5060=CARTESIAN_POINT('',(12.9521335543142,38.5611530982822,2.73253305290048));
#5061=CARTESIAN_POINT('',(12.9538295377565,38.5633019545019,2.7313148344183));
#5062=CARTESIAN_POINT('',(12.9555104037895,38.565435530945,2.73005166111315));
#5063=CARTESIAN_POINT('',(12.9709570490262,38.5850424465199,2.71844348441477));
#5064=CARTESIAN_POINT('',(12.9853159018006,38.6036071052419,2.70277947802535));
#5065=CARTESIAN_POINT('',(12.9974391413592,38.6196554661241,2.68398434755787));
#5066=CARTESIAN_POINT('',(13.0090716392701,38.6350541987428,2.6659500329804));
#5067=CARTESIAN_POINT('',(13.0189202023122,38.6485007347697,2.64458007948709));
#5068=CARTESIAN_POINT('',(13.0261223480632,38.6588320410254,2.62136229139643));
#5069=CARTESIAN_POINT('',(13.0332922652811,38.6691171162191,2.59824839946102));
#5070=CARTESIAN_POINT('',(13.0380130705132,38.6765666681267,2.57269401468761));
#5071=CARTESIAN_POINT('',(13.039833495827,38.6804875509847,2.54675648947135));
#5072=CARTESIAN_POINT('',(13.040424523224,38.6817605222909,2.53833549691713));
#5073=CARTESIAN_POINT('',(13.0407213285133,38.6826787338667,2.52982728410462));
#5074=CARTESIAN_POINT('',(13.0407213285133,38.683233992612,2.52130821299009));
#5075=CARTESIAN_POINT('',(13.0407213285133,38.683233992612,2.52130821299009));
#5076=CARTESIAN_POINT('',(13.0407213285133,-1.53837014910685E-15,5.97776885977061E-31));
#5077=CARTESIAN_POINT('',(13.0407213285132,38.683233992612,-2.52130821299004));
#5078=CARTESIAN_POINT('',(13.0407213285132,38.683233992612,-2.52130821299004));
#5079=CARTESIAN_POINT('',(13.0407213285132,38.6815141094317,-2.54769556347634));
#5080=CARTESIAN_POINT('',(13.0377924927129,38.6761966205532,-2.57421324275941));
#5081=CARTESIAN_POINT('',(13.0322151609497,38.6677732053848,-2.59865070807692));
#5082=CARTESIAN_POINT('',(13.0260746608376,38.6584992399868,-2.62555573451101));
#5083=CARTESIAN_POINT('',(13.0165318417899,38.6451726416771,-2.65075530427969));
#5084=CARTESIAN_POINT('',(13.0046331739015,38.6292333959442,-2.67201453218664));
#5085=CARTESIAN_POINT('',(12.9919324812018,38.6122197719136,-2.69470672959998));
#5086=CARTESIAN_POINT('',(12.9761514247697,38.5916966574468,-2.71366260374719));
#5087=CARTESIAN_POINT('',(12.9589294778489,38.5697809298303,-2.72740350067741));
#5088=CARTESIAN_POINT('',(12.9561371330773,38.5662275413715,-2.72963143239016));
#5089=CARTESIAN_POINT('',(12.9532996017423,38.5626278757537,-2.73173332139963));
#5090=CARTESIAN_POINT('',(12.9504239337967,38.5589908278948,-2.7337055930131));
#5091=CARTESIAN_POINT('',(12.9504239337967,38.5589908278948,-2.7337055930131));
#5092=CARTESIAN_POINT('',(12.9504239337967,38.5589908278948,-2.7337055930131));
#5093=CARTESIAN_POINT('',(12.9196102653895,38.5200187390359,-2.75483909126653));
#5094=CARTESIAN_POINT('',(12.8884210266567,38.4806549068852,-2.77474441288349));
#5095=CARTESIAN_POINT('',(12.8569135519114,38.440977138826,-2.79339607168841));
#5096=CARTESIAN_POINT('',(12.7521369201253,38.3090305792358,-2.85542128959613));
#5097=CARTESIAN_POINT('',(12.6433796734627,38.1730428491623,-2.90376735722119));
#5098=CARTESIAN_POINT('',(12.5327523149642,38.035807179635,-2.93787195183367));
#5099=CARTESIAN_POINT('',(12.5327523149642,38.035807179635,-2.93787195183367));
#5100=CARTESIAN_POINT('',(12.166665729585,37.5625592453906,-3.27431946158605));
#5101=CARTESIAN_POINT('',(12.2117849548361,37.6251276290419,-3.18682547541502));
#5102=CARTESIAN_POINT('',(12.2683905119362,37.7002164734904,-3.11217510946714));
#5103=CARTESIAN_POINT('',(12.3308744106487,37.7808391510878,-3.0555933898503));
#5104=CARTESIAN_POINT('',(12.3926320558957,37.8605247472897,-2.99966932237754));
#5105=CARTESIAN_POINT('',(12.4617158463994,37.9476848791781,-2.95977132641869));
#5106=CARTESIAN_POINT('',(12.5327523149642,38.035807179635,-2.93787195183367));
#5107=CARTESIAN_POINT('',(12.166665729585,37.5625592453906,-3.27431946158605));
#5108=CARTESIAN_POINT('',(12.166665729585,0.,0.));
#5109=CARTESIAN_POINT('',(12.166665729585,37.114799325456,-6.64520097748189));
#5110=CARTESIAN_POINT('',(12.166665729585,37.114799325456,-6.64520097748189));
#5111=CARTESIAN_POINT('',(12.2833922925194,37.1632193938982,-7.17820986053781));
#5112=CARTESIAN_POINT('',(12.3938556503071,37.1925077195195,-7.71472747446942));
#5113=CARTESIAN_POINT('',(12.4977004508063,37.2022529470788,-8.25249075964986));
#5114=CARTESIAN_POINT('',(12.4977004508063,37.2022529470788,-8.25249075964986));
#5115=CARTESIAN_POINT('',(13.4972888207828,38.0280296965271,-9.9933213236284));
#5116=CARTESIAN_POINT('',(13.0932746796425,37.6483854699902,-9.50964491393698));
#5117=CARTESIAN_POINT('',(12.7474179832532,37.3657757438024,-8.91414186115736));
#5118=CARTESIAN_POINT('',(12.4977004508079,37.2022529470809,-8.25249075964897));
#5119=CARTESIAN_POINT('',(13.4972888207828,38.0280296965272,-9.99332132362832));
#5120=CARTESIAN_POINT('',(18.3507793761435,39.1503495798686,-22.6034648688055));
#5121=CARTESIAN_POINT('',(18.2794184768932,40.2886687267038,-20.4587028850788));
#5122=CARTESIAN_POINT('',(17.7399871742987,40.6893412677782,-18.0433841353041));
#5123=CARTESIAN_POINT('',(15.9897429229019,40.1614065166031,-13.5622237591872));
#5124=CARTESIAN_POINT('',(14.8204831655251,39.2714096736485,-11.5774190687781));
#5125=CARTESIAN_POINT('',(13.4972888207827,38.0280296965271,-9.9933213236284));
#5126=CARTESIAN_POINT('',(18.3507793761435,39.1503495798686,-22.6034648688056));
#5127=CARTESIAN_POINT('',(13.4972888207828,27.668484982706,-27.9365791112478));
#5128=CARTESIAN_POINT('',(14.8050672349972,29.6388178203516,-28.2180113963771));
#5129=CARTESIAN_POINT('',(15.9836756964958,31.8146744581431,-28.0008567689384));
#5130=CARTESIAN_POINT('',(17.7325799726147,35.9500737634308,-26.2288317664438));
#5131=CARTESIAN_POINT('',(18.2792173934816,37.8584606864946,-24.6674588163151));
#5132=CARTESIAN_POINT('',(18.3507793761435,39.1503495798686,-22.6034648688056));
#5133=CARTESIAN_POINT('',(13.4972888207828,27.668484982706,-27.9365791112479));
#5134=CARTESIAN_POINT('',(12.4977004508096,25.7479931159001,-28.0918507503583));
#5135=CARTESIAN_POINT('',(12.7485235985612,26.4056601384171,-27.9018023723625));
#5136=CARTESIAN_POINT('',(13.0929231001459,27.0592571126561,-27.8495601120429));
#5137=CARTESIAN_POINT('',(13.4972888207828,27.668484982706,-27.9365791112479));
#5138=CARTESIAN_POINT('',(12.4977004508079,25.7479931158998,-28.0918507503557));
#5139=CARTESIAN_POINT('',(12.4977004508079,25.7479931158998,-28.0918507503557));
#5140=CARTESIAN_POINT('',(12.3938556503082,25.2774038359289,-28.3522927783156));
#5141=CARTESIAN_POINT('',(12.28339229252,24.7981217898732,-28.5951871512605));
#5142=CARTESIAN_POINT('',(12.166665729585,24.3123125224804,-28.8197585834657));
#5143=CARTESIAN_POINT('',(12.166665729585,24.3123125224804,-28.8197585834657));
#5144=CARTESIAN_POINT('',(12.166665729585,0.,0.));
#5145=CARTESIAN_POINT('',(12.166665729585,21.6169234565507,-30.892970806862));
#5146=CARTESIAN_POINT('',(12.5327523149644,21.5621753331713,-31.4710392950939));
#5147=CARTESIAN_POINT('',(12.4888901863035,21.5466797377109,-31.4171561911473));
#5148=CARTESIAN_POINT('',(12.4458988130819,21.5372714785991,-31.360369672011));
#5149=CARTESIAN_POINT('',(12.4050227599734,21.5343951319864,-31.3021608787519));
#5150=CARTESIAN_POINT('',(12.3326951816166,21.5293056194431,-31.1991641181711));
#5151=CARTESIAN_POINT('',(12.2653341420828,21.5450219689324,-31.0890311386151));
#5152=CARTESIAN_POINT('',(12.2101020765627,21.5815957719007,-30.9818990225442));
#5153=CARTESIAN_POINT('',(12.1947422513881,21.5917668059598,-30.9521059927536));
#5154=CARTESIAN_POINT('',(12.1802152068663,21.6035635918357,-30.922380405083));
#5155=CARTESIAN_POINT('',(12.166665729585,21.6169234565507,-30.892970806862));
#5156=CARTESIAN_POINT('',(12.5327523149644,21.5621753331713,-31.4710392950939));
#5157=CARTESIAN_POINT('',(12.5327523149644,21.5621753331713,-31.4710392950939));
#5158=CARTESIAN_POINT('',(12.6765030061497,21.612959520482,-31.6476320340237));
#5159=CARTESIAN_POINT('',(12.8172737899308,21.6418381158532,-31.8347104333716));
#5160=CARTESIAN_POINT('',(12.9504239337967,21.6469539039643,-32.0262128047415));
#5161=CARTESIAN_POINT('',(12.9504239337967,21.6469539039643,-32.0262128047415));
#5162=CARTESIAN_POINT('',(12.9504239337967,21.6469539039643,-32.0262128047415));
#5163=CARTESIAN_POINT('',(12.9652152085525,21.6475222024681,-32.0474862642294));
#5164=CARTESIAN_POINT('',(12.9791129245038,21.6445599251919,-32.0698317345517));
#5165=CARTESIAN_POINT('',(12.9911547310095,21.6380512104196,-32.0918384694018));
#5166=CARTESIAN_POINT('',(13.0034869115295,21.6313855456385,-32.1143758708038));
#5167=CARTESIAN_POINT('',(13.0141501504518,21.6208160071484,-32.137087727643));
#5168=CARTESIAN_POINT('',(13.0222262289782,21.606933578167,-32.1582183534388));
#5169=CARTESIAN_POINT('',(13.0302092070503,21.5932111848318,-32.179105386895));
#5170=CARTESIAN_POINT('',(13.035856628816,21.5758841709398,-32.1989747965363));
#5171=CARTESIAN_POINT('',(13.0386346510729,21.5562579244951,-32.2161618040473));
#5172=CARTESIAN_POINT('',(13.0400205553567,21.5464667505928,-32.2247360864438));
#5173=CARTESIAN_POINT('',(13.0407213285133,21.5360192070229,-32.2327416651599));
#5174=CARTESIAN_POINT('',(13.0407213285133,21.5251339595257,-32.2400092316447));
#5175=CARTESIAN_POINT('',(13.0407213285133,21.5251339595257,-32.2400092316447));
#5176=CARTESIAN_POINT('',(13.0407213285133,-7.69185074553425E-16,1.33226762955019E-15));
#5177=CARTESIAN_POINT('',(13.0407213285132,17.1581000330861,-34.7613174446348));
#5178=CARTESIAN_POINT('',(13.0407213285132,17.1581000330861,-34.7613174446348));
#5179=CARTESIAN_POINT('',(13.0407213285132,17.1342980840546,-34.773066027614));
#5180=CARTESIAN_POINT('',(13.0377695583148,17.1085684499239,-34.7817407812765));
#5181=CARTESIAN_POINT('',(13.0321506888334,17.0830962739756,-34.7866559148377));
#5182=CARTESIAN_POINT('',(13.0259898056595,17.0551669724101,-34.7920451775274));
#5183=CARTESIAN_POINT('',(13.0164305833128,17.0266958370758,-34.7930737858323));
#5184=CARTESIAN_POINT('',(13.0045201600166,17.0003338821283,-34.7898744627772));
#5185=CARTESIAN_POINT('',(12.9919817139647,16.9725818919841,-34.7865064431418));
#5186=CARTESIAN_POINT('',(12.9764562267751,16.9462782712828,-34.7783736614458));
#5187=CARTESIAN_POINT('',(12.9595141343754,16.9236678694427,-34.7665218946419));
#5188=CARTESIAN_POINT('',(12.9565333851005,16.9196898520113,-34.7644367244945));
#5189=CARTESIAN_POINT('',(12.9535004403529,16.9158097826232,-34.7622331478841));
#5190=CARTESIAN_POINT('',(12.9504239337967,16.9120369239305,-34.7599183977546));
#5191=CARTESIAN_POINT('',(12.9504239337967,16.9120369239305,-34.7599183977546));
#5192=CARTESIAN_POINT('',(12.9504239337967,16.9120369239305,-34.7599183977546));
#5193=CARTESIAN_POINT('',(12.9202189889577,16.8749952382983,-34.7371923288516));
#5194=CARTESIAN_POINT('',(12.8896533490513,16.8387875607468,-34.7135503577628));
#5195=CARTESIAN_POINT('',(12.8587810158694,16.8034713674018,-34.6890439319421));
#5196=CARTESIAN_POINT('',(12.7534272145693,16.6829526105456,-34.6054141945563));
#5197=CARTESIAN_POINT('',(12.6440348744965,16.5723664486677,-34.5113114297856));
#5198=CARTESIAN_POINT('',(12.5327523149643,16.4736318464638,-34.4089112469274));
#5199=CARTESIAN_POINT('',(12.5327523149643,16.4736318464638,-34.4089112469274));
#5200=CARTESIAN_POINT('',(12.166665729585,15.9456357888397,-34.1672902684669));
#5201=CARTESIAN_POINT('',(12.1929834111987,16.0080808140495,-34.1733791463441));
#5202=CARTESIAN_POINT('',(12.2230733749249,16.0687331483384,-34.1852255753869));
#5203=CARTESIAN_POINT('',(12.2558496315935,16.1258752399299,-34.2022424593587));
#5204=CARTESIAN_POINT('',(12.3095090465128,16.2194250077716,-34.2301015296274));
#5205=CARTESIAN_POINT('',(12.3715137470239,16.3053281778328,-34.272529888698));
#5206=CARTESIAN_POINT('',(12.4369293686943,16.3781153947658,-34.3257261024878));
#5207=CARTESIAN_POINT('',(12.4680210189249,16.4127107197409,-34.3510099418906));
#5208=CARTESIAN_POINT('',(12.5001315883242,16.4446893555475,-34.3788942488734));
#5209=CARTESIAN_POINT('',(12.5327523149643,16.4736318464638,-34.4089112469274));
#5210=CARTESIAN_POINT('',(12.166665729585,15.9456357888397,-34.1672902684669));
#5211=CARTESIAN_POINT('',(12.166665729585,0.,0.));
#5212=CARTESIAN_POINT('',(12.166665729585,12.8024868029755,-35.4649595609474));
#5213=CARTESIAN_POINT('',(12.1666657295849,12.8024868029755,-35.4649595609474));
#5214=CARTESIAN_POINT('',(12.2835776032598,12.3644032212383,-35.7738866755996));
#5215=CARTESIAN_POINT('',(12.3938748285033,11.9150187743009,-36.0670714688472));
#5216=CARTESIAN_POINT('',(12.4977004508061,11.4542598311866,-36.3443415100093));
#5217=CARTESIAN_POINT('',(12.4977004508062,11.4542598311867,-36.3443415100094));
#5218=CARTESIAN_POINT('',(13.4972888207828,10.3595447138209,-37.9299004348757));
#5219=CARTESIAN_POINT('',(13.0932746796424,10.5885986585565,-37.3592806854488));
#5220=CARTESIAN_POINT('',(12.7474179832531,10.963014567201,-36.8167819568237));
#5221=CARTESIAN_POINT('',(12.4977004508078,11.4542598311885,-36.3443415100108));
#5222=CARTESIAN_POINT('',(13.4972888207828,10.359544713821,-37.9299004348757));
#5223=CARTESIAN_POINT('',(18.3507793761435,-1.08728522907686E-13,-45.2069297376104));
#5224=CARTESIAN_POINT('',(18.2794184438376,2.42657906042973,-45.1203620044209));
#5225=CARTESIAN_POINT('',(17.7399874667056,4.71864099595296,-44.259695719583));
#5226=CARTESIAN_POINT('',(15.989742635687,8.33547354682964,-41.5619097319081));
#5227=CARTESIAN_POINT('',(14.8204828038519,9.60936601805323,-39.7987474433761));
#5228=CARTESIAN_POINT('',(13.4972888207828,10.3595447138209,-37.9299004348757));
#5229=CARTESIAN_POINT('',(18.3507793761435,-1.08763352477164E-13,-45.2069297376104));
#5230=CARTESIAN_POINT('',(13.4972888207828,-10.3595447138211,-37.9299004348757));
#5231=CARTESIAN_POINT('',(14.8050257875634,-9.61812930179572,-39.7769163294044));
#5232=CARTESIAN_POINT('',(15.9836475009594,-8.34221966248963,-41.5526997789078));
#5233=CARTESIAN_POINT('',(17.7327129432476,-4.73947832368622,-44.2482994054187));
#5234=CARTESIAN_POINT('',(18.2792177988711,-2.43340185350036,-45.1201186026131));
#5235=CARTESIAN_POINT('',(18.3507793761435,-1.0716344592327E-13,-45.2069297376104));
#5236=CARTESIAN_POINT('',(13.4972888207828,-10.3595447138211,-37.9299004348756));
#5237=CARTESIAN_POINT('',(12.4977004508096,-11.4542598311809,-36.3443415100156));
#5238=CARTESIAN_POINT('',(12.7485235985613,-10.9608395966299,-36.8188736697488));
#5239=CARTESIAN_POINT('',(13.0929231001458,-10.5887979849227,-37.3587841231164));
#5240=CARTESIAN_POINT('',(13.4972888207828,-10.3595447138211,-37.9299004348756));
#5241=CARTESIAN_POINT('',(12.4977004508079,-11.4542598311789,-36.344341510014));
#5242=CARTESIAN_POINT('',(12.4977004508079,-11.4542598311789,-36.344341510014));
#5243=CARTESIAN_POINT('',(12.3938813015072,-11.9149900483056,-36.0670887552356));
#5244=CARTESIAN_POINT('',(12.2835848777812,-12.3643759626866,-35.7739058977438));
#5245=CARTESIAN_POINT('',(12.1666657295849,-12.8024868029757,-35.4649595609474));
#5246=CARTESIAN_POINT('',(12.166665729585,-12.8024868029757,-35.4649595609473));
#5247=CARTESIAN_POINT('',(12.166665729585,0.,0.));
#5248=CARTESIAN_POINT('',(12.166665729585,-15.9456357888397,-34.1672902684669));
#5249=CARTESIAN_POINT('',(12.166665729585,-15.9456357888397,-34.1672902684669));
#5250=CARTESIAN_POINT('',(12.1929608870116,-16.0080273700019,-34.1733739351318));
#5251=CARTESIAN_POINT('',(12.2230217173168,-16.0686291316092,-34.1852051870677));
#5252=CARTESIAN_POINT('',(12.2557650559984,-16.1257277729253,-34.2021985574198));
#5253=CARTESIAN_POINT('',(12.3094145089635,-16.2192830117924,-34.2300419313741));
#5254=CARTESIAN_POINT('',(12.3714104337341,-16.3051946036022,-34.2724546675222));
#5255=CARTESIAN_POINT('',(12.4368189549879,-16.3779925229917,-34.3256363210886));
#5256=CARTESIAN_POINT('',(12.4679450919939,-16.4126350736754,-34.3509440241736));
#5257=CARTESIAN_POINT('',(12.500093070937,-16.4446551812895,-34.3788588058758));
#5258=CARTESIAN_POINT('',(12.5327523149644,-16.4736318464639,-34.4089112469274));
#5259=CARTESIAN_POINT('',(12.5327523149644,-16.4736318464639,-34.4089112469274));
#5260=CARTESIAN_POINT('',(12.5327523149644,-16.4736318464639,-34.4089112469274));
#5261=CARTESIAN_POINT('',(12.6765030061496,-16.6011735508457,-34.5411880127139));
#5262=CARTESIAN_POINT('',(12.8172737899309,-16.7487488994942,-34.6597368096053));
#5263=CARTESIAN_POINT('',(12.9504239337967,-16.91203692393,-34.7599183977549));
#5264=CARTESIAN_POINT('',(12.9504239337967,-16.91203692393,-34.7599183977549));
#5265=CARTESIAN_POINT('',(12.9504239337967,-16.91203692393,-34.7599183977549));
#5266=CARTESIAN_POINT('',(12.9619449844116,-16.9261657077202,-34.7685867860438));
#5267=CARTESIAN_POINT('',(12.9729055031348,-16.9418862862267,-34.7757211496793));
#5268=CARTESIAN_POINT('',(12.9828506146494,-16.9586508995977,-34.7809690625662));
#5269=CARTESIAN_POINT('',(12.9960224523583,-16.9808548503781,-34.7879196791334));
#5270=CARTESIAN_POINT('',(13.0076695342226,-17.0053927582213,-34.7916617489895));
#5271=CARTESIAN_POINT('',(13.0168094259805,-17.0305181256803,-34.791707555669));
#5272=CARTESIAN_POINT('',(13.0258159622223,-17.0552769016705,-34.7917526940067));
#5273=CARTESIAN_POINT('',(13.0326044630178,-17.0812389155142,-34.7881906448216));
#5274=CARTESIAN_POINT('',(13.0365376310299,-17.1063257517676,-34.7811694229006));
#5275=CARTESIAN_POINT('',(13.0393048110548,-17.1239755933086,-34.7762296428073));
#5276=CARTESIAN_POINT('',(13.0407213285133,-17.141478767542,-34.769521660063));
#5277=CARTESIAN_POINT('',(13.0407213285133,-17.1581000330862,-34.7613174446347));
#5278=CARTESIAN_POINT('',(13.0407213285133,-17.1581000330862,-34.7613174446347));
#5279=CARTESIAN_POINT('',(13.0407213285133,7.69185074553426E-16,1.33226762955019E-15));
#5280=CARTESIAN_POINT('',(13.0407213285132,-21.5251339595257,-32.2400092316446));
#5281=CARTESIAN_POINT('',(13.0407213285132,-21.5251339595257,-32.2400092316446));
#5282=CARTESIAN_POINT('',(13.0407213285132,-21.5278865176684,-32.2381714783634));
#5283=CARTESIAN_POINT('',(13.040676847166,-21.5306094980659,-32.2362880810393));
#5284=CARTESIAN_POINT('',(13.0405879172686,-21.5332992033326,-32.2343615581344));
#5285=CARTESIAN_POINT('',(13.0398811696483,-21.5546749481948,-32.2190510099503));
#5286=CARTESIAN_POINT('',(13.0362696591009,-21.5742119739324,-32.2006972381389));
#5287=CARTESIAN_POINT('',(13.0300984028637,-21.5903432353406,-32.180859575773));
#5288=CARTESIAN_POINT('',(13.0257162220049,-21.601797970366,-32.1667729423613));
#5289=CARTESIAN_POINT('',(13.019994439504,-21.6117505703935,-32.151722854159));
#5290=CARTESIAN_POINT('',(13.0131992257938,-21.6198609514583,-32.1363314768954));
#5291=CARTESIAN_POINT('',(13.0020494801656,-21.6331686544501,-32.1110769450034));
#5292=CARTESIAN_POINT('',(12.9876699962657,-21.6417812723953,-32.0842288251733));
#5293=CARTESIAN_POINT('',(12.9715890297576,-21.6452213131357,-32.058368202531));
#5294=CARTESIAN_POINT('',(12.9648489581056,-21.6466631494248,-32.0475291494503));
#5295=CARTESIAN_POINT('',(12.9577549036557,-21.6472355686127,-32.0367565268262));
#5296=CARTESIAN_POINT('',(12.9504239337967,-21.6469539039644,-32.0262128047415));
#5297=CARTESIAN_POINT('',(12.9504239337967,-21.6469539039644,-32.0262128047415));
#5298=CARTESIAN_POINT('',(12.9504239337967,-21.6469539039644,-32.0262128047415));
#5299=CARTESIAN_POINT('',(12.9202189889577,-21.6457933937822,-31.9827707295336));
#5300=CARTESIAN_POINT('',(12.8896533490513,-21.6434226849995,-31.9395929754175));
#5301=CARTESIAN_POINT('',(12.8587810158694,-21.6398575943553,-31.8967550419055));
#5302=CARTESIAN_POINT('',(12.7534272145693,-21.6276914956956,-31.7505678681425));
#5303=CARTESIAN_POINT('',(12.6440348744965,-21.6014891917767,-31.6077460602639));
#5304=CARTESIAN_POINT('',(12.5327523149643,-21.5621753331713,-31.4710392950938));
#5305=CARTESIAN_POINT('',(12.5327523149643,-21.5621753331713,-31.4710392950938));
#5306=CARTESIAN_POINT('',(12.166665729585,-21.6169234565322,-30.8929708068749));
#5307=CARTESIAN_POINT('',(12.211784954836,-21.5724356336558,-30.9909036096757));
#5308=CARTESIAN_POINT('',(12.2683905119366,-21.5453309425693,-31.0932576394822));
#5309=CARTESIAN_POINT('',(12.3308744106487,-21.5366410747901,-31.1913697862106));
#5310=CARTESIAN_POINT('',(12.3926320558957,-21.5280522097767,-31.2883415705736));
#5311=CARTESIAN_POINT('',(12.4617158463994,-21.5370795976604,-31.3837734569656));
#5312=CARTESIAN_POINT('',(12.5327523149643,-21.5621753331713,-31.4710392950938));
#5313=CARTESIAN_POINT('',(12.166665729585,-21.6169234565322,-30.8929708068749));
#5314=CARTESIAN_POINT('',(12.166665729585,0.,0.));
#5315=CARTESIAN_POINT('',(12.166665729585,-24.3123125224805,-28.8197585834655));
#5316=CARTESIAN_POINT('',(12.166665729585,-24.3123125224805,-28.8197585834655));
#5317=CARTESIAN_POINT('',(12.2833922925195,-24.7981217898712,-28.5951871512613));
#5318=CARTESIAN_POINT('',(12.3938556503073,-25.2774038359248,-28.3522927783177));
#5319=CARTESIAN_POINT('',(12.4977004508065,-25.7479931158936,-28.0918507503591));
#5320=CARTESIAN_POINT('',(12.4977004508065,-25.7479931158936,-28.0918507503591));
#5321=CARTESIAN_POINT('',(13.4972888207828,-27.6684849827069,-27.9365791112469));
#5322=CARTESIAN_POINT('',(13.0932746796426,-27.0597868114347,-27.8496357715116));
#5323=CARTESIAN_POINT('',(12.7474179832534,-26.4027611766027,-27.9026400956661));
#5324=CARTESIAN_POINT('',(12.4977004508081,-25.7479931158939,-28.0918507503615));
#5325=CARTESIAN_POINT('',(13.4972888207828,-27.6684849827069,-27.936579111247));
#5326=CARTESIAN_POINT('',(18.3507793761435,-39.1503495798694,-22.6034648688042));
#5327=CARTESIAN_POINT('',(18.2794184888606,-37.8620910063516,-24.6616588142788));
#5328=CARTESIAN_POINT('',(17.7399870684376,-35.9706994141803,-26.2163112420614));
#5329=CARTESIAN_POINT('',(15.9897430268849,-31.8259338122431,-27.9996863088482));
#5330=CARTESIAN_POINT('',(14.8204832964665,-29.6620440579247,-28.2213289135945));
#5331=CARTESIAN_POINT('',(13.4972888207827,-27.6684849827069,-27.9365791112469));
#5332=CARTESIAN_POINT('',(18.3507793761436,-39.1503495798693,-22.6034648688042));
#5333=CARTESIAN_POINT('',(13.4972888207828,-38.0280296965275,-9.99332132362714));
#5334=CARTESIAN_POINT('',(14.8049118754062,-39.2567776353329,-11.5587774794559));
#5335=CARTESIAN_POINT('',(15.9835656140849,-40.1568425082356,-13.5514470553142));
#5336=CARTESIAN_POINT('',(17.7331066076768,-40.6899464619531,-18.0207661914385));
#5337=CARTESIAN_POINT('',(18.2792190425981,-40.2918500189686,-20.4527088589504));
#5338=CARTESIAN_POINT('',(18.3507793761435,-39.1503495798694,-22.6034648688042));
#5339=CARTESIAN_POINT('',(13.4972888207828,-38.0280296965275,-9.99332132362712));
#5340=CARTESIAN_POINT('',(12.4977004508093,-37.2022529470812,-8.25249075965585));
#5341=CARTESIAN_POINT('',(12.7485235985609,-37.3664997350473,-8.91707129738498));
#5342=CARTESIAN_POINT('',(13.0929231001458,-37.648055097579,-9.50922401107272));
#5343=CARTESIAN_POINT('',(13.4972888207828,-38.0280296965275,-9.99332132362712));
#5344=CARTESIAN_POINT('',(12.4977004508076,-37.2022529470789,-8.25249075965678));
#5345=CARTESIAN_POINT('',(12.4977004508076,-37.2022529470789,-8.25249075965678));
#5346=CARTESIAN_POINT('',(12.393855650308,-37.1925077195197,-7.71472747447397));
#5347=CARTESIAN_POINT('',(12.2833922925199,-37.1632193938985,-7.17820986053998));
#5348=CARTESIAN_POINT('',(12.166665729585,-37.1147993254561,-6.64520097748172));
#5349=CARTESIAN_POINT('',(12.166665729585,-37.1147993254561,-6.64520097748172));
#5350=CARTESIAN_POINT('',(12.166665729585,0.,0.));
#5351=CARTESIAN_POINT('',(12.166665729585,-37.562559245389,-3.27431946160377));
#5352=CARTESIAN_POINT('',(12.5327523149644,-38.0358071796352,-2.93787195183362));
#5353=CARTESIAN_POINT('',(12.531323034767,-38.0340341261384,-2.93831257540432));
#5354=CARTESIAN_POINT('',(12.5298948837689,-38.0322618915418,-2.93876021521908));
#5355=CARTESIAN_POINT('',(12.5284679041233,-38.0304905267345,-2.93921486401405));
#5356=CARTESIAN_POINT('',(12.4496824423553,-37.9326910978909,-2.96431663429193));
#5357=CARTESIAN_POINT('',(12.3732755623037,-37.8360267527986,-3.01180195222596));
#5358=CARTESIAN_POINT('',(12.3066571969776,-37.749488145513,-3.07869768444837));
#5359=CARTESIAN_POINT('',(12.2538349207119,-37.6808709376408,-3.13173988731771));
#5360=CARTESIAN_POINT('',(12.2059457498078,-37.617030202314,-3.19814870452282));
#5361=CARTESIAN_POINT('',(12.166665729585,-37.562559245389,-3.27431946160377));
#5362=CARTESIAN_POINT('',(12.5327523149644,-38.0358071796352,-2.93787195183362));
#5363=CARTESIAN_POINT('',(12.5327523149644,-38.0358071796352,-2.93787195183362));
#5364=CARTESIAN_POINT('',(12.5569003362504,-38.065763330753,-2.93042751414812));
#5365=CARTESIAN_POINT('',(12.5809461284567,-38.0956431561196,-2.92231274725014));
#5366=CARTESIAN_POINT('',(12.604867866049,-38.1254182290274,-2.91353134199964));
#5367=CARTESIAN_POINT('',(12.7234598726042,-38.2730281435601,-2.86999752824498));
#5368=CARTESIAN_POINT('',(12.8395381313524,-38.4187462036926,-2.80975641829359));
#5369=CARTESIAN_POINT('',(12.9504239337967,-38.5589908278948,-2.73370559301304));
#5370=CARTESIAN_POINT('',(12.9504239337967,-38.5589908278948,-2.73370559301304));
#5371=CARTESIAN_POINT('',(12.9504239337967,-38.5589908278948,-2.73370559301304));
#5372=CARTESIAN_POINT('',(12.9521335543142,-38.5611530982822,-2.73253305290052));
#5373=CARTESIAN_POINT('',(12.9538295377564,-38.5633019545019,-2.73131483441837));
#5374=CARTESIAN_POINT('',(12.9555104037894,-38.5654355309449,-2.73005166111324));
#5375=CARTESIAN_POINT('',(12.970957049026,-38.5850424465198,-2.71844348441488));
#5376=CARTESIAN_POINT('',(12.9853159018005,-38.6036071052417,-2.70277947802547));
#5377=CARTESIAN_POINT('',(12.9974391413591,-38.6196554661239,-2.68398434755802));
#5378=CARTESIAN_POINT('',(13.00907163927,-38.6350541987427,-2.66595003298056));
#5379=CARTESIAN_POINT('',(13.0189202023121,-38.6485007347696,-2.64458007948726));
#5380=CARTESIAN_POINT('',(13.0261223480632,-38.6588320410253,-2.62136229139661));
#5381=CARTESIAN_POINT('',(13.033292265281,-38.669117116219,-2.5982483994612));
#5382=CARTESIAN_POINT('',(13.0380130705132,-38.6765666681266,-2.5726940146878));
#5383=CARTESIAN_POINT('',(13.039833495827,-38.6804875509847,-2.54675648947155));
#5384=CARTESIAN_POINT('',(13.040424523224,-38.6817605222909,-2.53833549691726));
#5385=CARTESIAN_POINT('',(13.0407213285133,-38.6826787338667,-2.52982728410469));
#5386=CARTESIAN_POINT('',(13.0407213285133,-38.683233992612,-2.5213082129901));
#5387=CARTESIAN_POINT('',(13.0407213285133,-38.683233992612,-2.5213082129901));
#5388=CARTESIAN_POINT('',(13.0407213285133,1.53837014910685E-15,0.));
#5389=CARTESIAN_POINT('',(13.0407213285132,-38.683233992612,2.52130821299002));
#5390=CARTESIAN_POINT('',(13.0407213285132,-38.683233992612,2.52130821299002));
#5391=CARTESIAN_POINT('',(13.0407213285132,-38.6815141094317,2.54769556347627));
#5392=CARTESIAN_POINT('',(13.0377924927129,-38.6761966205532,2.57421324275928));
#5393=CARTESIAN_POINT('',(13.0322151609497,-38.6677732053849,2.59865070807674));
#5394=CARTESIAN_POINT('',(13.0260746608377,-38.6584992399869,2.62555573451085));
#5395=CARTESIAN_POINT('',(13.0165318417899,-38.6451726416772,2.65075530427953));
#5396=CARTESIAN_POINT('',(13.0046331739016,-38.6292333959443,2.6720145321865));
#5397=CARTESIAN_POINT('',(12.9919324812019,-38.6122197719137,2.69470672959985));
#5398=CARTESIAN_POINT('',(12.9761514247698,-38.591696657447,2.71366260374708));
#5399=CARTESIAN_POINT('',(12.958929477849,-38.5697809298305,2.72740350067732));
#5400=CARTESIAN_POINT('',(12.9561371330773,-38.5662275413717,2.7296314323901));
#5401=CARTESIAN_POINT('',(12.9532996017423,-38.5626278757538,2.73173332139959));
#5402=CARTESIAN_POINT('',(12.9504239337967,-38.5589908278948,2.73370559301309));
#5403=CARTESIAN_POINT('',(12.9504239337967,-38.5589908278948,2.73370559301309));
#5404=CARTESIAN_POINT('',(12.9504239337967,-38.5589908278948,2.73370559301309));
#5405=CARTESIAN_POINT('',(12.9196102653895,-38.5200187390359,2.75483909126651));
#5406=CARTESIAN_POINT('',(12.8884210266567,-38.4806549068852,2.77474441288347));
#5407=CARTESIAN_POINT('',(12.8569135519114,-38.440977138826,2.7933960716884));
#5408=CARTESIAN_POINT('',(12.7521369201253,-38.3090305792358,2.8554212895961));
#5409=CARTESIAN_POINT('',(12.6433796734628,-38.1730428491623,2.90376735722115));
#5410=CARTESIAN_POINT('',(12.5327523149643,-38.0358071796351,2.93787195183362));
#5411=CARTESIAN_POINT('',(12.5327523149643,-38.0358071796351,2.93787195183362));
#5412=CARTESIAN_POINT('',(12.166665729585,-37.5625592453906,3.27431946158603));
#5413=CARTESIAN_POINT('',(12.2117849548361,-37.6251276290419,3.186825475415));
#5414=CARTESIAN_POINT('',(12.2683905119362,-37.7002164734904,3.11217510946713));
#5415=CARTESIAN_POINT('',(12.3308744106487,-37.7808391510878,3.0555933898503));
#5416=CARTESIAN_POINT('',(12.3926320558957,-37.8605247472898,2.99966932237751));
#5417=CARTESIAN_POINT('',(12.4617158463994,-37.9476848791782,2.95977132641864));
#5418=CARTESIAN_POINT('',(12.5327523149643,-38.0358071796351,2.93787195183362));
#5419=CARTESIAN_POINT('',(12.166665729585,-37.5625592453906,3.27431946158603));
#5420=CARTESIAN_POINT('',(12.166665729585,0.,0.));
#5421=CARTESIAN_POINT('',(12.166665729585,-37.114799325456,6.64520097748182));
#5422=CARTESIAN_POINT('',(12.166665729585,-37.114799325456,6.64520097748182));
#5423=CARTESIAN_POINT('',(12.2833922925195,-37.1632193938983,7.17820986053806));
#5424=CARTESIAN_POINT('',(12.3938556503072,-37.1925077195195,7.71472747447001));
#5425=CARTESIAN_POINT('',(12.4977004508065,-37.2022529470788,8.25249075965077));
#5426=CARTESIAN_POINT('',(12.4977004508065,-37.2022529470788,8.25249075965077));
#5427=CARTESIAN_POINT('',(13.4972888207828,-38.028029696527,9.99332132362883));
#5428=CARTESIAN_POINT('',(13.0932746796426,-37.6483854699902,9.50964491393753));
#5429=CARTESIAN_POINT('',(12.7474179832534,-37.3657757438025,8.91414186115806));
#5430=CARTESIAN_POINT('',(12.497700450808,-37.202252947081,8.25249075964986));
#5431=CARTESIAN_POINT('',(13.4972888207828,-38.0280296965271,9.99332132362874));
#5432=CARTESIAN_POINT('',(18.3507793761435,-39.1503495798684,22.603464868806));
#5433=CARTESIAN_POINT('',(18.2794184768933,-40.2886687267036,20.4587028850793));
#5434=CARTESIAN_POINT('',(17.7399871742987,-40.689341267778,18.0433841353045));
#5435=CARTESIAN_POINT('',(15.9897429229019,-40.161406516603,13.5622237591876));
#5436=CARTESIAN_POINT('',(14.8204831655251,-39.2714096736484,11.5774190687785));
#5437=CARTESIAN_POINT('',(13.4972888207828,-38.028029696527,9.99332132362881));
#5438=CARTESIAN_POINT('',(18.3507793761435,-39.1503495798683,22.603464868806));
#5439=CARTESIAN_POINT('',(13.4972888207828,-27.6684849827057,27.9365791112481));
#5440=CARTESIAN_POINT('',(14.8050672349972,-29.6388178203513,28.2180113963774));
#5441=CARTESIAN_POINT('',(15.9836756964957,-31.8146744581428,28.0008567689388));
#5442=CARTESIAN_POINT('',(17.7325799726147,-35.9500737634305,26.2288317664442));
#5443=CARTESIAN_POINT('',(18.2792173934816,-37.8584606864943,24.6674588163155));
#5444=CARTESIAN_POINT('',(18.3507793761435,-39.1503495798683,22.603464868806));
#5445=CARTESIAN_POINT('',(13.4972888207828,-27.6684849827057,27.9365791112482));
#5446=CARTESIAN_POINT('',(12.4977004508098,-25.7479931159003,28.0918507503584));
#5447=CARTESIAN_POINT('',(12.7485235985613,-26.4056601384171,27.9018023723627));
#5448=CARTESIAN_POINT('',(13.092923100146,-27.059257112656,27.8495601120432));
#5449=CARTESIAN_POINT('',(13.4972888207828,-27.6684849827057,27.9365791112482));
#5450=CARTESIAN_POINT('',(12.4977004508192,-25.7479931158969,28.0918507503573));
#5451=CARTESIAN_POINT('',(12.4977004508192,-25.7479931158969,28.0918507503573));
#5452=CARTESIAN_POINT('',(12.3938556503195,-25.2774038359263,28.3522927783169));
#5453=CARTESIAN_POINT('',(12.2833922925199,-24.798121789873,28.5951871512606));
#5454=CARTESIAN_POINT('',(12.166665729585,-24.3123125224805,28.8197585834657));
#5455=CARTESIAN_POINT('',(12.166665729585,-24.3123125224805,28.8197585834657));
#5456=CARTESIAN_POINT('',(12.166665729585,0.,0.));
#5457=CARTESIAN_POINT('',(12.166665729585,-21.6169234565507,30.892970806862));
#5458=CARTESIAN_POINT('',(12.5327523149644,-21.5621753331713,31.4710392950938));
#5459=CARTESIAN_POINT('',(12.488890186304,-21.546679737711,31.4171561911479));
#5460=CARTESIAN_POINT('',(12.4458988130829,-21.5372714785993,31.3603696720123));
#5461=CARTESIAN_POINT('',(12.4050227599748,-21.5343951319865,31.3021608787539));
#5462=CARTESIAN_POINT('',(12.3326951816179,-21.5293056194429,31.1991641181732));
#5463=CARTESIAN_POINT('',(12.265334142084,-21.545021968932,31.0890311386172));
#5464=CARTESIAN_POINT('',(12.2101020765638,-21.5815957719,30.9818990225461));
#5465=CARTESIAN_POINT('',(12.1947422513888,-21.5917668059593,30.952105992755));
#5466=CARTESIAN_POINT('',(12.1802152068666,-21.6035635918354,30.9223804050837));
#5467=CARTESIAN_POINT('',(12.166665729585,-21.6169234565507,30.892970806862));
#5468=CARTESIAN_POINT('',(18.94,0.,0.));
#5469=CARTESIAN_POINT('',(9.66666572958497,-24.3123125224805,28.8197585834656));
#5470=CARTESIAN_POINT('',(11.7961849589472,-24.3123125224805,28.8197585834656));
#5471=CARTESIAN_POINT('',(11.569208054141,-23.7163739543714,29.3121243081496));
#5472=CARTESIAN_POINT('',(11.569208054141,-23.8555446802705,29.1995215863466));
#5473=CARTESIAN_POINT('',(11.603200931779,-23.9964670094602,29.0837446346404));
#5474=CARTESIAN_POINT('',(11.6698489236418,-24.1241585390409,28.9774394966708));
#5475=CARTESIAN_POINT('',(11.7041113246982,-24.1898022032493,28.922790149111));
#5476=CARTESIAN_POINT('',(11.746909174966,-24.2529021842435,28.8698770709644));
#5477=CARTESIAN_POINT('',(11.7961849589472,-24.3123125224805,28.8197585834656));
#5478=CARTESIAN_POINT('',(11.569208054141,-23.7163739543714,29.3121243081496));
#5479=CARTESIAN_POINT('',(11.569208054141,0.,0.));
#5480=CARTESIAN_POINT('',(11.569208054141,-22.0639574829887,30.5752973033602));
#5481=CARTESIAN_POINT('',(12.166665729585,-21.6169234565507,30.892970806862));
#5482=CARTESIAN_POINT('',(12.0110421642027,-21.6690718313666,30.8564807122762));
#5483=CARTESIAN_POINT('',(11.8553498472749,-21.7318516980157,30.8124352403006));
#5484=CARTESIAN_POINT('',(11.7298468121002,-21.8230931785662,30.7476768084943));
#5485=CARTESIAN_POINT('',(11.6897606641548,-21.8522360553342,30.7269927184682));
#5486=CARTESIAN_POINT('',(11.6526250869166,-21.8850319625173,30.7036554420772));
#5487=CARTESIAN_POINT('',(11.6238582327734,-21.9219282823762,30.6772894073507));
#5488=CARTESIAN_POINT('',(11.6037894465213,-21.9476684746494,30.6588955185852));
#5489=CARTESIAN_POINT('',(11.5876118181878,-21.9759848107946,30.638610193127));
#5490=CARTESIAN_POINT('',(11.5783555681612,-22.0054644763773,30.6174224613845));
#5491=CARTESIAN_POINT('',(11.5723716361144,-22.0245223362127,30.6037251275175));
#5492=CARTESIAN_POINT('',(11.569208054141,-22.0443169824085,30.5894704172124));
#5493=CARTESIAN_POINT('',(11.569208054141,-22.0639574829887,30.5752973033602));
#5494=CARTESIAN_POINT('',(-38.6281451211569,0.,0.));
#5495=CARTESIAN_POINT('',(11.569208054141,0.,0.));
#5496=CARTESIAN_POINT('',(11.569208054141,-37.2432312669303,5.88292017606389));
#5497=CARTESIAN_POINT('',(11.569208054141,-37.5109629344661,3.82029903660791));
#5498=CARTESIAN_POINT('',(11.7961849589464,-37.114799325456,6.64520097748185));
#5499=CARTESIAN_POINT('',(11.6992459375592,-37.1417484645022,6.49468455351198));
#5500=CARTESIAN_POINT('',(11.6278541502566,-37.1713273010049,6.32385096357815));
#5501=CARTESIAN_POINT('',(11.5941006931555,-37.2003323615385,6.14835727581508));
#5502=CARTESIAN_POINT('',(11.5773197839142,-37.2147525522436,6.06110862338944));
#5503=CARTESIAN_POINT('',(11.5692080541411,-37.2291874035341,5.97182820756799));
#5504=CARTESIAN_POINT('',(11.569208054141,-37.2432312669303,5.88292017606389));
#5505=CARTESIAN_POINT('',(11.7961849589464,-37.114799325456,6.64520097748185));
#5506=CARTESIAN_POINT('',(9.66666572958497,-37.114799325456,6.64520097748185));
#5507=CARTESIAN_POINT('',(11.569208054141,-37.5109629344661,3.82029903660791));
#5508=CARTESIAN_POINT('',(11.569208054141,-37.5147137439323,3.78347038170161));
#5509=CARTESIAN_POINT('',(11.5768305550515,-37.5184581818526,3.7461328173939));
#5510=CARTESIAN_POINT('',(11.5902465683375,-37.5218547248142,3.71179781372014));
#5511=CARTESIAN_POINT('',(11.6066869317212,-37.5260169449422,3.66972272590233));
#5512=CARTESIAN_POINT('',(11.6318581262531,-37.5298018996896,3.63073158625164));
#5513=CARTESIAN_POINT('',(11.6608484916776,-37.5331296572653,3.59599821063787));
#5514=CARTESIAN_POINT('',(11.7115470146758,-37.5389492594508,3.53525627735843));
#5515=CARTESIAN_POINT('',(11.7748474793069,-37.5436439427186,3.48478909961251));
#5516=CARTESIAN_POINT('',(11.8409021842749,-37.5476538323848,3.44103424618151));
#5517=CARTESIAN_POINT('',(11.9425509427545,-37.5538244799777,3.37370177484781));
#5518=CARTESIAN_POINT('',(12.0536680770294,-37.5585459953916,3.32035893410068));
#5519=CARTESIAN_POINT('',(12.166665729585,-37.5625592453906,3.27431946158603));
#5520=CARTESIAN_POINT('',(-38.6281451211569,0.,0.));
#5521=CARTESIAN_POINT('',(9.66666572958497,-37.1147993254561,-6.64520097748175));
#5522=CARTESIAN_POINT('',(11.7961849589473,-37.1147993254561,-6.64520097748175));
#5523=CARTESIAN_POINT('',(11.5692080541405,-37.2432312669307,-5.88292017606238));
#5524=CARTESIAN_POINT('',(11.5692080541405,-37.2152998122637,-6.05974692105565));
#5525=CARTESIAN_POINT('',(11.603200931779,-37.185495195508,-6.23967771394742));
#5526=CARTESIAN_POINT('',(11.6698489236418,-37.157278010264,-6.40341439139719));
#5527=CARTESIAN_POINT('',(11.7041113246983,-37.1427721190811,-6.48758814597907));
#5528=CARTESIAN_POINT('',(11.7469091749661,-37.1284980397108,-6.56869087157169));
#5529=CARTESIAN_POINT('',(11.7961849589473,-37.1147993254561,-6.64520097748175));
#5530=CARTESIAN_POINT('',(11.5692080541405,-37.2432312669307,-5.88292017606238));
#5531=CARTESIAN_POINT('',(11.569208054141,0.,0.));
#5532=CARTESIAN_POINT('',(11.569208054141,-37.5109629344661,-3.82029903660791));
#5533=CARTESIAN_POINT('',(12.166665729585,-37.562559245389,-3.27431946160377));
#5534=CARTESIAN_POINT('',(12.0110421642023,-37.5570320838992,-3.33772632625328));
#5535=CARTESIAN_POINT('',(11.8553498472752,-37.550277519571,-3.41411802160706));
#5536=CARTESIAN_POINT('',(11.7298468121002,-37.5398158127928,-3.52551467754609));
#5537=CARTESIAN_POINT('',(11.694678869931,-37.5368842765279,-3.55672978838743));
#5538=CARTESIAN_POINT('',(11.6618922676829,-37.5335979428467,-3.59131493126941));
#5539=CARTESIAN_POINT('',(11.6349239458683,-37.5298788857234,-3.62976801227402));
#5540=CARTESIAN_POINT('',(11.6076519445965,-37.5261179497893,-3.66865409800364));
#5541=CARTESIAN_POINT('',(11.5858993945574,-37.5217696596689,-3.71294964263876));
#5542=CARTESIAN_POINT('',(11.575820092385,-37.5171268581711,-3.75928414833173));
#5543=CARTESIAN_POINT('',(11.5714705508835,-37.5151233407199,-3.77927897059341));
#5544=CARTESIAN_POINT('',(11.569208054141,-37.5130461185204,-3.79984455409374));
#5545=CARTESIAN_POINT('',(11.569208054141,-37.5109629344661,-3.82029903660791));
#5546=CARTESIAN_POINT('',(-38.6281451211569,0.,0.));
#5547=CARTESIAN_POINT('',(11.569208054141,0.,0.));
#5548=CARTESIAN_POINT('',(11.569208054141,-23.7163739543727,-29.3121243081486));
#5549=CARTESIAN_POINT('',(11.569208054141,-22.0639574829888,-30.5752973033602));
#5550=CARTESIAN_POINT('',(11.7961849589463,-24.3123125224805,-28.8197585834655));
#5551=CARTESIAN_POINT('',(11.6992459375592,-24.1954360451589,-28.9183554344745));
#5552=CARTESIAN_POINT('',(11.6278541502567,-24.0622792347079,-29.0293882532671));
#5553=CARTESIAN_POINT('',(11.5941006931556,-23.9247997731681,-29.1422542164091));
#5554=CARTESIAN_POINT('',(11.5773197839142,-23.8564503190741,-29.1983667940999));
#5555=CARTESIAN_POINT('',(11.5692080541411,-23.7863486365576,-29.255507949928));
#5556=CARTESIAN_POINT('',(11.569208054141,-23.7163739543727,-29.3121243081486));
#5557=CARTESIAN_POINT('',(11.7961849589463,-24.3123125224805,-28.8197585834655));
#5558=CARTESIAN_POINT('',(9.66666572958497,-24.3123125224805,-28.8197585834655));
#5559=CARTESIAN_POINT('',(11.569208054141,-22.0639574829888,-30.5752973033602));
#5560=CARTESIAN_POINT('',(11.569208054141,-22.0574265820003,-30.5800101772958));
#5561=CARTESIAN_POINT('',(11.5695490236673,-22.050888373955,-30.5847251307244));
#5562=CARTESIAN_POINT('',(11.5702281823414,-22.0443777302585,-30.5894170504389));
#5563=CARTESIAN_POINT('',(11.573006403214,-22.0177447696555,-30.6086101930424));
#5564=CARTESIAN_POINT('',(11.5817038215075,-21.9912267625269,-30.6276653926512));
#5565=CARTESIAN_POINT('',(11.5946839886616,-21.9666156098598,-30.6453067148734));
#5566=CARTESIAN_POINT('',(11.6130869311995,-21.9317225593354,-30.6703181215288));
#5567=CARTESIAN_POINT('',(11.6402546377798,-21.899617876704,-30.693240185358));
#5568=CARTESIAN_POINT('',(11.671085498944,-21.8710354021627,-30.7135936587913));
#5569=CARTESIAN_POINT('',(11.727097739549,-21.8191079379064,-30.7505710122626));
#5570=CARTESIAN_POINT('',(11.7962707167667,-21.7764235963868,-30.7807804380518));
#5571=CARTESIAN_POINT('',(11.8680838943918,-21.7394840635833,-30.806847577271));
#5572=CARTESIAN_POINT('',(11.9623147774,-21.6910132270446,-30.841052017561));
#5573=CARTESIAN_POINT('',(12.0636021491326,-21.6514593458101,-30.8688048022621));
#5574=CARTESIAN_POINT('',(12.166665729585,-21.6169234565322,-30.8929708068749));
#5575=CARTESIAN_POINT('',(-38.6281451211569,0.,0.));
#5576=CARTESIAN_POINT('',(9.66666572958497,-12.8024868029757,-35.4649595609474));
#5577=CARTESIAN_POINT('',(11.7961849589468,-12.8024868029757,-35.4649595609474));
#5578=CARTESIAN_POINT('',(11.5692080541405,-13.5268573125585,-35.1950444842125));
#5579=CARTESIAN_POINT('',(11.5692080541405,-13.3597551319923,-35.2592685074027));
#5580=CARTESIAN_POINT('',(11.603200931779,-13.1890281860471,-35.3234223485882));
#5581=CARTESIAN_POINT('',(11.6698489236418,-13.0331194712223,-35.3808538880684));
#5582=CARTESIAN_POINT('',(11.7041113246982,-12.9529699158314,-35.4103782950904));
#5583=CARTESIAN_POINT('',(11.7469091749657,-12.8755958554672,-35.4385679425362));
#5584=CARTESIAN_POINT('',(11.7961849589468,-12.8024868029757,-35.4649595609474));
#5585=CARTESIAN_POINT('',(11.5692080541405,-13.5268573125585,-35.1950444842125));
#5586=CARTESIAN_POINT('',(11.569208054141,0.,0.));
#5587=CARTESIAN_POINT('',(11.569208054141,-15.4470054514774,-34.3955963399681));
#5588=CARTESIAN_POINT('',(12.166665729585,-15.9456357888397,-34.1672902684669));
#5589=CARTESIAN_POINT('',(12.0110421642023,-15.887960252534,-34.1942070385306));
#5590=CARTESIAN_POINT('',(11.8553498472751,-15.8184258215555,-34.2265532619077));
#5591=CARTESIAN_POINT('',(11.7298468121002,-15.7167226342265,-34.2731914860403));
#5592=CARTESIAN_POINT('',(11.6897606641548,-15.6842382484258,-34.2880879126478));
#5593=CARTESIAN_POINT('',(11.6526250869166,-15.6476296206245,-34.3048213632131));
#5594=CARTESIAN_POINT('',(11.6238582327734,-15.6063478048249,-34.3235914961538));
#5595=CARTESIAN_POINT('',(11.6037894465212,-15.577548133743,-34.3366862121778));
#5596=CARTESIAN_POINT('',(11.5876118181877,-15.5458223584995,-34.3510662158925));
#5597=CARTESIAN_POINT('',(11.5783555681611,-15.5127334117706,-34.3660024893111));
#5598=CARTESIAN_POINT('',(11.5723716361144,-15.49134224276,-34.3756584131367));
#5599=CARTESIAN_POINT('',(11.569208054141,-15.4690999784142,-34.3856737244487));
#5600=CARTESIAN_POINT('',(11.569208054141,-15.4470054514774,-34.3955963399681));
#5601=CARTESIAN_POINT('',(-38.6281451211569,0.,0.));
#5602=CARTESIAN_POINT('',(11.569208054141,0.,0.));
#5603=CARTESIAN_POINT('',(11.569208054141,13.5268573125585,-35.1950444842123));
#5604=CARTESIAN_POINT('',(11.569208054141,15.4470054514774,-34.3955963399681));
#5605=CARTESIAN_POINT('',(11.7961849589469,12.8024868029755,-35.4649595609474));
#5606=CARTESIAN_POINT('',(11.69924593756,12.9463124193427,-35.4130399879868));
#5607=CARTESIAN_POINT('',(11.6278541502575,13.1090480662956,-35.3532392168459));
#5608=CARTESIAN_POINT('',(11.5941006931561,13.2755325883683,-35.2906114922251));
#5609=CARTESIAN_POINT('',(11.5773197839144,13.3583022331683,-35.25947541749));
#5610=CARTESIAN_POINT('',(11.5692080541411,13.4428387669763,-35.2273361574963));
#5611=CARTESIAN_POINT('',(11.569208054141,13.5268573125585,-35.1950444842123));
#5612=CARTESIAN_POINT('',(11.7961849589469,12.8024868029755,-35.4649595609474));
#5613=CARTESIAN_POINT('',(9.66666572958497,12.8024868029755,-35.4649595609474));
#5614=CARTESIAN_POINT('',(11.569208054141,15.4470054514774,-34.3955963399681));
#5615=CARTESIAN_POINT('',(11.569208054141,15.4543523705247,-34.3922968507703));
#5616=CARTESIAN_POINT('',(11.5695490236673,15.4617047439941,-34.3889920732222));
#5617=CARTESIAN_POINT('',(11.5702281823414,15.4690233875076,-34.3856996502433));
#5618=CARTESIAN_POINT('',(11.573006403214,15.4989616168822,-34.3722314010849));
#5619=CARTESIAN_POINT('',(11.5817038215075,15.528722907382,-34.3587937330581));
#5620=CARTESIAN_POINT('',(11.5946839886617,15.5563063169163,-34.3463005107431));
#5621=CARTESIAN_POINT('',(11.6130869311995,15.5954133557265,-34.3285879459011));
#5622=CARTESIAN_POINT('',(11.6402546377798,15.6313167866254,-34.3122455070765));
#5623=CARTESIAN_POINT('',(11.671085498944,15.6632346489445,-34.2976690947374));
#5624=CARTESIAN_POINT('',(11.7270977395491,15.7212217085435,-34.2711872682729));
#5625=CARTESIAN_POINT('',(11.7962707167667,15.7687260094706,-34.2493262570678));
#5626=CARTESIAN_POINT('',(11.8680838943918,15.8097705806401,-34.2303692528656));
#5627=CARTESIAN_POINT('',(11.9623147773974,15.8636279131213,-34.2054944972261));
#5628=CARTESIAN_POINT('',(12.0636021491361,15.9074394702979,-34.1851162236175));
#5629=CARTESIAN_POINT('',(12.166665729585,15.9456357888397,-34.1672902684669));
#5630=CARTESIAN_POINT('',(-38.6281451211569,0.,0.));
#5631=CARTESIAN_POINT('',(9.66666572958497,24.3123125224804,-28.8197585834657));
#5632=CARTESIAN_POINT('',(11.7961849589469,24.3123125224804,-28.8197585834657));
#5633=CARTESIAN_POINT('',(11.5692080541405,23.7163739543719,-29.3121243081493));
#5634=CARTESIAN_POINT('',(11.5692080541405,23.855544680271,-29.1995215863464));
#5635=CARTESIAN_POINT('',(11.603200931779,23.9964670094606,-29.0837446346401));
#5636=CARTESIAN_POINT('',(11.6698489236418,24.1241585390413,-28.9774394966705));
#5637=CARTESIAN_POINT('',(11.7041113246982,24.1898022032495,-28.9227901491108));
#5638=CARTESIAN_POINT('',(11.7469091749658,24.2529021842436,-28.8698770709643));
#5639=CARTESIAN_POINT('',(11.7961849589469,24.3123125224804,-28.8197585834657));
#5640=CARTESIAN_POINT('',(11.5692080541405,23.7163739543719,-29.3121243081493));
#5641=CARTESIAN_POINT('',(11.569208054141,0.,0.));
#5642=CARTESIAN_POINT('',(11.569208054141,22.0639574829887,-30.5752973033602));
#5643=CARTESIAN_POINT('',(12.166665729585,21.6169234565507,-30.892970806862));
#5644=CARTESIAN_POINT('',(12.0110421642026,21.6690718313666,-30.8564807122762));
#5645=CARTESIAN_POINT('',(11.8553498472749,21.7318516980157,-30.8124352403006));
#5646=CARTESIAN_POINT('',(11.7298468121002,21.8230931785662,-30.7476768084942));
#5647=CARTESIAN_POINT('',(11.6897606641548,21.8522360553342,-30.7269927184682));
#5648=CARTESIAN_POINT('',(11.6526250869166,21.8850319625174,-30.7036554420772));
#5649=CARTESIAN_POINT('',(11.6238582327734,21.9219282823762,-30.6772894073507));
#5650=CARTESIAN_POINT('',(11.6037894465212,21.9476684746494,-30.6588955185852));
#5651=CARTESIAN_POINT('',(11.5876118181877,21.9759848107946,-30.638610193127));
#5652=CARTESIAN_POINT('',(11.5783555681611,22.0054644763773,-30.6174224613845));
#5653=CARTESIAN_POINT('',(11.5723716361144,22.0245223362126,-30.6037251275175));
#5654=CARTESIAN_POINT('',(11.569208054141,22.0443169824085,-30.5894704172124));
#5655=CARTESIAN_POINT('',(11.569208054141,22.0639574829887,-30.5752973033602));
#5656=CARTESIAN_POINT('',(-38.6281451211569,0.,0.));
#5657=CARTESIAN_POINT('',(11.569208054141,0.,0.));
#5658=CARTESIAN_POINT('',(11.569208054141,37.2432312669304,-5.88292017606347));
#5659=CARTESIAN_POINT('',(11.569208054141,37.5109629344661,-3.82029903660792));
#5660=CARTESIAN_POINT('',(11.7961849589468,37.114799325456,-6.64520097748193));
#5661=CARTESIAN_POINT('',(11.6992459375599,37.1417484645021,-6.49468455351276));
#5662=CARTESIAN_POINT('',(11.6278541502575,37.1713273010046,-6.32385096357982));
#5663=CARTESIAN_POINT('',(11.5941006931561,37.2003323615381,-6.14835727581759));
#5664=CARTESIAN_POINT('',(11.5773197839144,37.2147525522434,-6.06110862339101));
#5665=CARTESIAN_POINT('',(11.5692080541411,37.229187403534,-5.97182820756856));
#5666=CARTESIAN_POINT('',(11.569208054141,37.2432312669304,-5.88292017606347));
#5667=CARTESIAN_POINT('',(11.7961849589468,37.114799325456,-6.64520097748193));
#5668=CARTESIAN_POINT('',(9.66666572958497,37.114799325456,-6.64520097748193));
#5669=CARTESIAN_POINT('',(11.569208054141,37.5109629344661,-3.82029903660792));
#5670=CARTESIAN_POINT('',(11.569208054141,37.5147137439323,-3.78347038170162));
#5671=CARTESIAN_POINT('',(11.5768305550515,37.5184581818526,-3.74613281739391));
#5672=CARTESIAN_POINT('',(11.5902465683376,37.5218547248142,-3.71179781372014));
#5673=CARTESIAN_POINT('',(11.6066869317212,37.5260169449422,-3.66972272590234));
#5674=CARTESIAN_POINT('',(11.6318581262531,37.5298018996896,-3.63073158625165));
#5675=CARTESIAN_POINT('',(11.6608484916776,37.5331296572653,-3.59599821063788));
#5676=CARTESIAN_POINT('',(11.7115470146758,37.5389492594508,-3.53525627735845));
#5677=CARTESIAN_POINT('',(11.7748474793069,37.5436439427186,-3.48478909961251));
#5678=CARTESIAN_POINT('',(11.8409021842749,37.5476538323848,-3.44103424618152));
#5679=CARTESIAN_POINT('',(11.9425509427545,37.5538244799777,-3.37370177484782));
#5680=CARTESIAN_POINT('',(12.0536680770294,37.5585459953916,-3.3203589341007));
#5681=CARTESIAN_POINT('',(12.166665729585,37.5625592453906,-3.27431946158605));
#5682=CARTESIAN_POINT('',(-38.6281451211569,0.,0.));
#5683=CARTESIAN_POINT('',(9.66666572958497,37.1147993254561,6.64520097748166));
#5684=CARTESIAN_POINT('',(11.7961849589472,37.1147993254561,6.64520097748166));
#5685=CARTESIAN_POINT('',(11.5692080541405,37.2432312669307,5.88292017606253));
#5686=CARTESIAN_POINT('',(11.5692080541405,37.2152998122637,6.0597469210558));
#5687=CARTESIAN_POINT('',(11.603200931779,37.185495195508,6.23967771394756));
#5688=CARTESIAN_POINT('',(11.6698489236418,37.157278010264,6.40341439139733));
#5689=CARTESIAN_POINT('',(11.7041113246983,37.1427721190811,6.48758814597912));
#5690=CARTESIAN_POINT('',(11.7469091749659,37.1284980397108,6.56869087157167));
#5691=CARTESIAN_POINT('',(11.7961849589472,37.1147993254561,6.64520097748166));
#5692=CARTESIAN_POINT('',(11.5692080541405,37.2432312669307,5.88292017606253));
#5693=CARTESIAN_POINT('',(11.569208054141,0.,0.));
#5694=CARTESIAN_POINT('',(11.569208054141,37.5109629344661,3.82029903660789));
#5695=CARTESIAN_POINT('',(12.166665729585,37.562559245389,3.27431946160375));
#5696=CARTESIAN_POINT('',(12.0110421642023,37.5570320838992,3.33772632625326));
#5697=CARTESIAN_POINT('',(11.8553498472752,37.550277519571,3.41411802160706));
#5698=CARTESIAN_POINT('',(11.7298468121002,37.5398158127928,3.52551467754609));
#5699=CARTESIAN_POINT('',(11.694678869931,37.5368842765279,3.55672978838743));
#5700=CARTESIAN_POINT('',(11.6618922676829,37.5335979428467,3.59131493126939));
#5701=CARTESIAN_POINT('',(11.6349239458683,37.5298788857234,3.62976801227401));
#5702=CARTESIAN_POINT('',(11.6076519445965,37.5261179497893,3.66865409800361));
#5703=CARTESIAN_POINT('',(11.5858993945575,37.521769659669,3.71294964263873));
#5704=CARTESIAN_POINT('',(11.575820092385,37.5171268581711,3.75928414833169));
#5705=CARTESIAN_POINT('',(11.5714705508835,37.51512334072,3.77927897059338));
#5706=CARTESIAN_POINT('',(11.569208054141,37.5130461185204,3.79984455409372));
#5707=CARTESIAN_POINT('',(11.569208054141,37.5109629344661,3.82029903660789));
#5708=CARTESIAN_POINT('',(-38.6281451211569,0.,0.));
#5709=CARTESIAN_POINT('',(11.569208054141,0.,0.));
#5710=CARTESIAN_POINT('',(11.569208054141,23.7163739543726,29.3121243081486));
#5711=CARTESIAN_POINT('',(11.569208054141,22.0639574829888,30.5752973033602));
#5712=CARTESIAN_POINT('',(11.7961849589465,24.3123125224806,28.8197585834655));
#5713=CARTESIAN_POINT('',(11.6992459375606,24.1954360451606,28.9183554344731));
#5714=CARTESIAN_POINT('',(11.6278541502586,24.0622792347117,29.029388253264));
#5715=CARTESIAN_POINT('',(11.594100693157,23.9247997731739,29.1422542164043));
#5716=CARTESIAN_POINT('',(11.5773197839147,23.856450319078,29.1983667940967));
#5717=CARTESIAN_POINT('',(11.5692080541411,23.7863486365594,29.2555079499265));
#5718=CARTESIAN_POINT('',(11.569208054141,23.7163739543726,29.3121243081486));
#5719=CARTESIAN_POINT('',(11.7961849589465,24.3123125224806,28.8197585834655));
#5720=CARTESIAN_POINT('',(9.66666572958497,24.3123125224806,28.8197585834655));
#5721=CARTESIAN_POINT('',(11.569208054141,22.0639574829888,30.5752973033602));
#5722=CARTESIAN_POINT('',(11.569208054141,22.0574265820003,30.5800101772958));
#5723=CARTESIAN_POINT('',(11.5695490236673,22.0508883739551,30.5847251307244));
#5724=CARTESIAN_POINT('',(11.5702281823414,22.0443777302586,30.5894170504389));
#5725=CARTESIAN_POINT('',(11.573006403214,22.0177447696556,30.6086101930424));
#5726=CARTESIAN_POINT('',(11.5817038215075,21.9912267625269,30.6276653926512));
#5727=CARTESIAN_POINT('',(11.5946839886617,21.9666156098598,30.6453067148733));
#5728=CARTESIAN_POINT('',(11.6130869311995,21.9317225593354,30.6703181215287));
#5729=CARTESIAN_POINT('',(11.6402546377798,21.899617876704,30.693240185358));
#5730=CARTESIAN_POINT('',(11.671085498944,21.8710354021627,30.7135936587913));
#5731=CARTESIAN_POINT('',(11.727097739549,21.8191079379064,30.7505710122626));
#5732=CARTESIAN_POINT('',(11.7962707167667,21.7764235963869,30.7807804380518));
#5733=CARTESIAN_POINT('',(11.8680838943918,21.7394840635834,30.806847577271));
#5734=CARTESIAN_POINT('',(11.9623147773997,21.6910132270448,30.8410520175609));
#5735=CARTESIAN_POINT('',(12.0636021491331,21.6514593458125,30.8688048022604));
#5736=CARTESIAN_POINT('',(12.166665729585,21.6169234565346,30.8929708068732));
#5737=CARTESIAN_POINT('',(-38.6281451211569,0.,0.));
#5738=CARTESIAN_POINT('',(9.66666572958497,12.8024868029756,35.4649595609474));
#5739=CARTESIAN_POINT('',(11.7961849589468,12.8024868029756,35.4649595609474));
#5740=CARTESIAN_POINT('',(11.5692080541405,13.5268573125585,35.1950444842125));
#5741=CARTESIAN_POINT('',(11.5692080541405,13.3597551319922,35.2592685074027));
#5742=CARTESIAN_POINT('',(11.603200931779,13.1890281860471,35.3234223485882));
#5743=CARTESIAN_POINT('',(11.6698489236419,13.0331194712223,35.3808538880684));
#5744=CARTESIAN_POINT('',(11.7041113246982,12.9529699158313,35.4103782950903));
#5745=CARTESIAN_POINT('',(11.7469091749657,12.8755958554671,35.4385679425362));
#5746=CARTESIAN_POINT('',(11.7961849589468,12.8024868029756,35.4649595609474));
#5747=CARTESIAN_POINT('',(11.5692080541405,13.5268573125585,35.1950444842125));
#5748=CARTESIAN_POINT('',(11.569208054141,0.,0.));
#5749=CARTESIAN_POINT('',(11.569208054141,15.4470054514774,34.3955963399681));
#5750=CARTESIAN_POINT('',(12.166665729585,15.9456357888397,34.1672902684669));
#5751=CARTESIAN_POINT('',(12.0110421642023,15.887960252534,34.1942070385306));
#5752=CARTESIAN_POINT('',(11.8553498472751,15.8184258215555,34.2265532619077));
#5753=CARTESIAN_POINT('',(11.7298468121002,15.7167226342266,34.2731914860403));
#5754=CARTESIAN_POINT('',(11.6897606641548,15.6842382484259,34.2880879126478));
#5755=CARTESIAN_POINT('',(11.6526250869166,15.6476296206245,34.3048213632131));
#5756=CARTESIAN_POINT('',(11.6238582327735,15.6063478048249,34.3235914961538));
#5757=CARTESIAN_POINT('',(11.6037894465213,15.577548133743,34.3366862121778));
#5758=CARTESIAN_POINT('',(11.5876118181877,15.5458223584995,34.3510662158925));
#5759=CARTESIAN_POINT('',(11.5783555681611,15.5127334117707,34.3660024893111));
#5760=CARTESIAN_POINT('',(11.5723716361144,15.49134224276,34.3756584131367));
#5761=CARTESIAN_POINT('',(11.569208054141,15.4690999784142,34.3856737244487));
#5762=CARTESIAN_POINT('',(11.569208054141,15.4470054514774,34.3955963399681));
#5763=CARTESIAN_POINT('',(-38.6281451211569,0.,0.));
#5764=CARTESIAN_POINT('',(11.569208054141,0.,0.));
#5765=CARTESIAN_POINT('',(11.569208054141,-13.5268573125585,35.1950444842123));
#5766=CARTESIAN_POINT('',(11.569208054141,-15.4470054514774,34.3955963399681));
#5767=CARTESIAN_POINT('',(11.7961849589469,-12.8024868029756,35.4649595609474));
#5768=CARTESIAN_POINT('',(11.6992459375612,-12.9463124193409,35.4130399879874));
#5769=CARTESIAN_POINT('',(11.6278541502593,-13.1090480662915,35.3532392168474));
#5770=CARTESIAN_POINT('',(11.5941006931574,-13.2755325883619,35.2906114922275));
#5771=CARTESIAN_POINT('',(11.5773197839148,-13.358302233164,35.2594754174916));
#5772=CARTESIAN_POINT('',(11.5692080541411,-13.4428387669742,35.2273361574971));
#5773=CARTESIAN_POINT('',(11.569208054141,-13.5268573125585,35.1950444842123));
#5774=CARTESIAN_POINT('',(11.7961849589469,-12.8024868029756,35.4649595609474));
#5775=CARTESIAN_POINT('',(9.66666572958497,-12.8024868029756,35.4649595609474));
#5776=CARTESIAN_POINT('',(11.569208054141,-15.4470054514774,34.3955963399681));
#5777=CARTESIAN_POINT('',(11.569208054141,-15.4543523705247,34.3922968507703));
#5778=CARTESIAN_POINT('',(11.5695490236673,-15.4617047439941,34.3889920732222));
#5779=CARTESIAN_POINT('',(11.5702281823414,-15.4690233875076,34.3856996502433));
#5780=CARTESIAN_POINT('',(11.573006403214,-15.4989616168822,34.3722314010849));
#5781=CARTESIAN_POINT('',(11.5817038215076,-15.528722907382,34.3587937330582));
#5782=CARTESIAN_POINT('',(11.5946839886617,-15.5563063169163,34.3463005107431));
#5783=CARTESIAN_POINT('',(11.6130869311995,-15.5954133557264,34.3285879459011));
#5784=CARTESIAN_POINT('',(11.6402546377797,-15.6313167866254,34.3122455070765));
#5785=CARTESIAN_POINT('',(11.671085498944,-15.6632346489445,34.2976690947374));
#5786=CARTESIAN_POINT('',(11.727097739549,-15.7212217085435,34.2711872682729));
#5787=CARTESIAN_POINT('',(11.7962707167667,-15.7687260094705,34.2493262570678));
#5788=CARTESIAN_POINT('',(11.8680838943918,-15.8097705806401,34.2303692528656));
#5789=CARTESIAN_POINT('',(11.9623147773974,-15.8636279131213,34.2054944972261));
#5790=CARTESIAN_POINT('',(12.063602149136,-15.9074394702978,34.1851162236175));
#5791=CARTESIAN_POINT('',(12.166665729585,-15.9456357888397,34.1672902684669));
#5792=CARTESIAN_POINT('',(-38.6281451211569,0.,0.));
#5793=CARTESIAN_POINT('',(-44.599,-2.22604105295894E-15,-3.56847215805354E-16));
#5794=CARTESIAN_POINT('',(-44.599,-2.22604105295894E-15,-7.64903244819822));
#5795=CARTESIAN_POINT('',(-44.599,-7.55486016591927,-1.19657229910926));
#5796=CARTESIAN_POINT('',(-43.633801560719,-2.22604105295894E-15,-3.56847215805354E-16));
#5797=CARTESIAN_POINT('',(-43.633801560719,-2.22604105295894E-15,-10.6020607862979));
#5798=CARTESIAN_POINT('',(-39.599,-2.60208521396521E-15,-4.33680868994202E-16));
#5799=CARTESIAN_POINT('',(-32.1272953221838,-2.22604105295894E-15,-3.56847215805354E-16));
#5800=CARTESIAN_POINT('',(-32.1272953221752,3.56623875038891,26.0810187044937));
#5801=CARTESIAN_POINT('',(-32.1272953221838,20.8037053794753,16.1289627060235));
#5802=CARTESIAN_POINT('',(-32.1272953221753,3.56623875038895,26.0810187044936));
#5803=CARTESIAN_POINT('',(-33.104086593535,1.46995261838712,25.0206235619898));
#5804=CARTESIAN_POINT('',(-33.1046006698264,-1.46884936219668,25.0200654857484));
#5805=CARTESIAN_POINT('',(-32.1272953221838,-3.56623875037055,26.0810187044843));
#5806=CARTESIAN_POINT('',(-32.1272953221838,-3.56623875037052,26.0810187044844));
#5807=CARTESIAN_POINT('',(-32.1272953221838,-2.22604105295894E-15,-3.56847215805354E-16));
#5808=CARTESIAN_POINT('',(-32.1272953221755,-20.8037053794742,16.1289627060433));
#5809=CARTESIAN_POINT('',(-32.1272953221756,-20.8037053794741,16.1289627060433));
#5810=CARTESIAN_POINT('',(-33.104086593535,-20.9335193140175,13.7833280908771));
#5811=CARTESIAN_POINT('',(-33.1046006698263,-22.4024369961069,11.2379718808791));
#5812=CARTESIAN_POINT('',(-32.1272953221838,-24.3699441298458,9.95205599846077));
#5813=CARTESIAN_POINT('',(-32.1272953221838,-24.3699441298459,9.95205599846085));
#5814=CARTESIAN_POINT('',(-32.1272953221838,-2.22604105295894E-15,-3.56847215805354E-16));
#5815=CARTESIAN_POINT('',(-32.1272953221752,-24.3699441298631,-9.95205599844957));
#5816=CARTESIAN_POINT('',(-32.1272953221753,-24.3699441298631,-9.9520559984495));
#5817=CARTESIAN_POINT('',(-33.104086593535,-22.4034719324042,-11.2372954711122));
#5818=CARTESIAN_POINT('',(-33.1046006698264,-20.93358763391,-13.7820936048691));
#5819=CARTESIAN_POINT('',(-32.1272953221838,-20.8037053794752,-16.1289627060235));
#5820=CARTESIAN_POINT('',(-32.1272953221838,-20.8037053794753,-16.1289627060235));
#5821=CARTESIAN_POINT('',(-32.1272953221838,-2.22604105295894E-15,-3.56847215805354E-16));
#5822=CARTESIAN_POINT('',(-32.1272953221755,-3.56623875038824,-26.0810187044933));
#5823=CARTESIAN_POINT('',(-32.1272953221756,-3.56623875038829,-26.0810187044933));
#5824=CARTESIAN_POINT('',(-33.104086593535,-1.4699526183865,-25.0206235619898));
#5825=CARTESIAN_POINT('',(-33.1046006698263,1.4688493621969,-25.0200654857485));
#5826=CARTESIAN_POINT('',(-32.1272953221838,3.56623875037054,-26.0810187044843));
#5827=CARTESIAN_POINT('',(-32.1272953221838,3.5662387503705,-26.0810187044844));
#5828=CARTESIAN_POINT('',(-32.1272953221838,-2.22604105295894E-15,-3.56847215805354E-16));
#5829=CARTESIAN_POINT('',(-32.1272953221755,20.8037053794742,-16.1289627060433));
#5830=CARTESIAN_POINT('',(-32.1272953221756,20.8037053794741,-16.1289627060433));
#5831=CARTESIAN_POINT('',(-33.104086593535,20.9335193140174,-13.7833280908771));
#5832=CARTESIAN_POINT('',(-33.1046006698263,22.4024369961069,-11.2379718808792));
#5833=CARTESIAN_POINT('',(-32.1272953221839,24.3699441298457,-9.9520559984608));
#5834=CARTESIAN_POINT('',(-32.1272953221838,24.3699441298458,-9.95205599846086));
#5835=CARTESIAN_POINT('',(-32.1272953221838,-2.22604105295894E-15,-3.56847215805354E-16));
#5836=CARTESIAN_POINT('',(-32.1272953221755,24.3699441298624,9.95205599844997));
#5837=CARTESIAN_POINT('',(-32.1272953221756,24.3699441298624,9.95205599844991));
#5838=CARTESIAN_POINT('',(-33.104086593535,22.4034719324039,11.2372954711128));
#5839=CARTESIAN_POINT('',(-33.1046006698263,20.93358763391,13.7820936048693));
#5840=CARTESIAN_POINT('',(-32.1272953221838,20.8037053794752,16.1289627060235));
#5841=CARTESIAN_POINT('',(-32.1272953221838,-2.22604105295894E-15,-3.56847215805354E-16));
#5842=CARTESIAN_POINT('',(-32.1272953221839,24.3699441298458,-9.95205599846081));
#5843=CARTESIAN_POINT('',(-31.5458745662207,25.5404580207406,-9.18703594995271));
#5844=CARTESIAN_POINT('',(-30.6934093818062,26.6206506026605,-8.55897919318305));
#5845=CARTESIAN_POINT('',(-29.6110013058612,27.4487682665794,-7.89533339753808));
#5846=CARTESIAN_POINT('',(-29.6110013058611,27.4487682665795,-7.89533339753813));
#5847=CARTESIAN_POINT('',(-29.6110013058611,-2.22604105295894E-15,-3.56847215805354E-16));
#5848=CARTESIAN_POINT('',(-29.6110013058671,27.4487682665749,7.89533339754175));
#5849=CARTESIAN_POINT('',(-29.6110013058671,27.4487682665749,7.89533339754173));
#5850=CARTESIAN_POINT('',(-30.6927414228937,26.6211616378096,8.55856965436561));
#5851=CARTESIAN_POINT('',(-31.5459144230383,25.5403777811523,9.18708839264096));
#5852=CARTESIAN_POINT('',(-32.1272953221756,24.3699441298624,9.95205599844993));
#5853=CARTESIAN_POINT('',(-25.6716128250334,-3.46944695195361E-15,-4.33680868994202E-16));
#5854=CARTESIAN_POINT('',(-32.1272953221839,3.56623875037055,-26.0810187044843));
#5855=CARTESIAN_POINT('',(-31.5458745662207,4.81402249223036,-26.7122034452278));
#5856=CARTESIAN_POINT('',(-30.6934093818062,5.89803188957127,-27.333649283765));
#5857=CARTESIAN_POINT('',(-29.6110013058612,6.88682483967402,-27.718997320219));
#5858=CARTESIAN_POINT('',(-29.6110013058611,6.88682483967401,-27.718997320219));
#5859=CARTESIAN_POINT('',(-29.6110013058611,-2.22604105295894E-15,-3.56847215805354E-16));
#5860=CARTESIAN_POINT('',(-29.6110013058671,20.5619434269063,-19.8236639226751));
#5861=CARTESIAN_POINT('',(-29.6110013058671,20.5619434269063,-19.8236639226751));
#5862=CARTESIAN_POINT('',(-30.6927414228937,20.722519559644,-18.7753174294121));
#5863=CARTESIAN_POINT('',(-31.5459144230383,20.7264408254164,-17.525071784409));
#5864=CARTESIAN_POINT('',(-32.1272953221756,20.8037053794742,-16.1289627060434));
#5865=CARTESIAN_POINT('',(-25.6716128250334,-3.46944695195361E-15,-4.33680868994202E-16));
#5866=CARTESIAN_POINT('',(-32.1272953221839,-20.8037053794753,-16.1289627060235));
#5867=CARTESIAN_POINT('',(-31.5458745662207,-20.7264355285103,-17.5251674952751));
#5868=CARTESIAN_POINT('',(-30.6934093818062,-20.7226187130892,-18.774670090582));
#5869=CARTESIAN_POINT('',(-29.6110013058612,-20.5619434269054,-19.8236639226809));
#5870=CARTESIAN_POINT('',(-29.6110013058611,-20.5619434269054,-19.8236639226809));
#5871=CARTESIAN_POINT('',(-29.6110013058611,-2.22604105295894E-15,-3.56847215805354E-16));
#5872=CARTESIAN_POINT('',(-29.6110013058671,-6.88682483966858,-27.7189973202169));
#5873=CARTESIAN_POINT('',(-29.6110013058671,-6.88682483966861,-27.7189973202169));
#5874=CARTESIAN_POINT('',(-30.6927414228937,-5.8986420781656,-27.3338870837777));
#5875=CARTESIAN_POINT('',(-31.5459144230383,-4.81393695573593,-26.71216017705));
#5876=CARTESIAN_POINT('',(-32.1272953221756,-3.56623875038828,-26.0810187044933));
#5877=CARTESIAN_POINT('',(-25.6716128250334,-3.46944695195361E-15,-4.33680868994202E-16));
#5878=CARTESIAN_POINT('',(-32.1272953221838,-24.3699441298458,9.95205599846078));
#5879=CARTESIAN_POINT('',(-31.5458745662207,-25.5404580207406,9.1870359499527));
#5880=CARTESIAN_POINT('',(-30.6934093818062,-26.6206506026605,8.55897919318306));
#5881=CARTESIAN_POINT('',(-29.6110013058612,-27.4487682665794,7.89533339753809));
#5882=CARTESIAN_POINT('',(-29.6110013058611,-27.4487682665795,7.89533339753812));
#5883=CARTESIAN_POINT('',(-29.6110013058611,-2.22604105295894E-15,-3.56847215805354E-16));
#5884=CARTESIAN_POINT('',(-29.6110013058611,-27.4487682665795,-7.89533339753811));
#5885=CARTESIAN_POINT('',(-29.6110013058612,-27.4487682665794,-7.89533339753809));
#5886=CARTESIAN_POINT('',(-30.6927414228904,-26.6211616378138,-8.55856965436307));
#5887=CARTESIAN_POINT('',(-31.5459144230369,-25.5403777811548,-9.18708839263936));
#5888=CARTESIAN_POINT('',(-32.1272953221753,-24.3699441298631,-9.95205599844952));
#5889=CARTESIAN_POINT('',(-25.6716128250334,-3.46944695195361E-15,-4.33680868994202E-16));
#5890=CARTESIAN_POINT('',(-29.6110013058611,-2.22604105295894E-15,-3.56847215805354E-16));
#5891=CARTESIAN_POINT('',(-29.6110013058611,6.88682483968865,27.7189973202154));
#5892=CARTESIAN_POINT('',(-29.6110013058611,20.5619434269054,19.8236639226809));
#5893=CARTESIAN_POINT('',(-29.6110013058549,6.88682483967976,27.7189973202212));
#5894=CARTESIAN_POINT('',(-30.692741422887,5.89864207817416,27.3338870837824));
#5895=CARTESIAN_POINT('',(-31.5459144230358,4.813936955741,26.7121601770526));
#5896=CARTESIAN_POINT('',(-32.1272953221753,3.56623875038895,26.0810187044936));
#5897=CARTESIAN_POINT('',(-32.1272953221839,20.8037053794753,16.1289627060235));
#5898=CARTESIAN_POINT('',(-31.5458745662207,20.7264355285103,17.5251674952751));
#5899=CARTESIAN_POINT('',(-30.6934093818062,20.7226187130892,18.774670090582));
#5900=CARTESIAN_POINT('',(-29.6110013058612,20.5619434269054,19.8236639226809));
#5901=CARTESIAN_POINT('',(-25.6716128250334,-3.46944695195361E-15,-4.33680868994202E-16));
#5902=CARTESIAN_POINT('',(-32.1272953221838,-3.56623875037056,26.0810187044843));
#5903=CARTESIAN_POINT('',(-31.5458745662207,-4.81402249223037,26.7122034452278));
#5904=CARTESIAN_POINT('',(-30.6934093818062,-5.89803188957128,27.333649283765));
#5905=CARTESIAN_POINT('',(-29.6110013058612,-6.88682483967403,27.718997320219));
#5906=CARTESIAN_POINT('',(-29.6110013058611,-6.88682483967401,27.718997320219));
#5907=CARTESIAN_POINT('',(-29.6110013058611,-2.22604105295894E-15,-3.56847215805354E-16));
#5908=CARTESIAN_POINT('',(-29.6110013058671,-20.5619434269063,19.8236639226751));
#5909=CARTESIAN_POINT('',(-29.6110013058671,-20.5619434269063,19.8236639226751));
#5910=CARTESIAN_POINT('',(-30.6927414228937,-20.722519559644,18.7753174294121));
#5911=CARTESIAN_POINT('',(-31.5459144230383,-20.7264408254164,17.525071784409));
#5912=CARTESIAN_POINT('',(-32.1272953221756,-20.8037053794742,16.1289627060434));
#5913=CARTESIAN_POINT('',(-25.6716128250334,-3.46944695195361E-15,-4.33680868994202E-16));
#5914=CARTESIAN_POINT('',(-23.5913334306371,31.294443912898,9.7698857098742));
#5915=CARTESIAN_POINT('',(-24.4205745322243,31.639818752959,12.2366771754971));
#5916=CARTESIAN_POINT('',(-25.0397387095978,31.0561888308721,14.9013849994618));
#5917=CARTESIAN_POINT('',(-25.2680934616132,29.6814278419403,17.1365803545077));
#5918=CARTESIAN_POINT('',(-23.5913334306371,31.294443912898,9.7698857098742));
#5919=CARTESIAN_POINT('',(-25.2680934616083,29.6814278419414,17.1365803545089));
#5920=CARTESIAN_POINT('',(-25.2680934616083,29.6814278419414,17.1365803545089));
#5921=CARTESIAN_POINT('',(-25.0406887242705,28.4382658573135,19.4351533665011));
#5922=CARTESIAN_POINT('',(-24.4223140837555,26.4220263859399,21.2805882992705));
#5923=CARTESIAN_POINT('',(-23.5913334306357,24.1081911732721,22.2168405709395));
#5924=CARTESIAN_POINT('',(-23.5913334306357,24.1081911732721,22.2168405709395));
#5925=CARTESIAN_POINT('',(-23.5913334306357,24.1081911732721,22.2168405709395));
#5926=CARTESIAN_POINT('',(-23.3855713543729,23.5352542033185,22.4486693272422));
#5927=CARTESIAN_POINT('',(-23.6671303311372,22.8612895243135,22.5738983452986));
#5928=CARTESIAN_POINT('',(-24.5286078567848,21.907676489343,22.5618180306747));
#5929=CARTESIAN_POINT('',(-25.0696016350705,21.5639528066583,22.4532101526865));
#5930=CARTESIAN_POINT('',(-25.6264454200912,21.2961722105542,22.2733626933741));
#5931=CARTESIAN_POINT('',(-25.6264454200912,21.2961722105542,22.2733626933741));
#5932=CARTESIAN_POINT('',(-29.6110013058611,20.5619434269055,19.8236639226809));
#5933=CARTESIAN_POINT('',(-28.4520685048596,20.3899086244987,20.9468201399018));
#5934=CARTESIAN_POINT('',(-27.0169188862491,20.6275074545656,21.8242724334901));
#5935=CARTESIAN_POINT('',(-25.6264454200912,21.2961722105542,22.2733626933742));
#5936=CARTESIAN_POINT('',(-25.6264454200943,29.9373840254421,7.30634479102028));
#5937=CARTESIAN_POINT('',(-27.0286053106546,29.2080493702404,6.9488295132698));
#5938=CARTESIAN_POINT('',(-28.4509095708122,28.3363193472775,7.18405821432424));
#5939=CARTESIAN_POINT('',(-29.6110013058671,27.4487682665749,7.89533339754177));
#5940=CARTESIAN_POINT('',(-25.6264454200943,29.9373840254421,7.30634479102024));
#5941=CARTESIAN_POINT('',(-25.6264454200943,29.9373840254421,7.30634479102024));
#5942=CARTESIAN_POINT('',(-25.342283199998,30.0851912450114,7.37879896384878));
#5943=CARTESIAN_POINT('',(-25.0608366313768,30.228632236443,7.48044885287501));
#5944=CARTESIAN_POINT('',(-24.7950976272407,30.3655803481352,7.61636332977782));
#5945=CARTESIAN_POINT('',(-24.5102456773544,30.5123782816024,7.76205328556509));
#5946=CARTESIAN_POINT('',(-24.2371652940722,30.6545825234265,7.95030981478279));
#5947=CARTESIAN_POINT('',(-24.0122751349927,30.7857024173817,8.18726512618116));
#5948=CARTESIAN_POINT('',(-23.8647929279206,30.8716904011632,8.3426596194107));
#5949=CARTESIAN_POINT('',(-23.7354875979573,30.954774633675,8.52292196538489));
#5950=CARTESIAN_POINT('',(-23.6462139735784,31.0291064178002,8.72241479518775));
#5951=CARTESIAN_POINT('',(-23.5752629792886,31.0881822537786,8.88096346761672));
#5952=CARTESIAN_POINT('',(-23.5287904614978,31.1431020692758,9.05599677152688));
#5953=CARTESIAN_POINT('',(-23.5180992337647,31.1882882164511,9.23349491030379));
#5954=CARTESIAN_POINT('',(-23.5073834680082,31.2335780728316,9.41140043479583));
#5955=CARTESIAN_POINT('',(-23.5332473346274,31.2702513396153,9.59709364055445));
#5956=CARTESIAN_POINT('',(-23.5913334306371,31.294443912898,9.7698857098742));
#5957=CARTESIAN_POINT('',(-21.889,20.5248020696912,11.85));
#5958=CARTESIAN_POINT('',(-23.5913334306368,24.108191173271,-22.2168405709397));
#5959=CARTESIAN_POINT('',(-24.4282126842633,26.4384508231476,-21.2739424428316));
#5960=CARTESIAN_POINT('',(-25.038891417994,28.4284404558378,-19.4533202691024));
#5961=CARTESIAN_POINT('',(-25.2680934616128,29.681427841965,-17.1365803544651));
#5962=CARTESIAN_POINT('',(-23.5913334306367,24.108191173271,-22.2168405709398));
#5963=CARTESIAN_POINT('',(-25.2680934616088,29.6814278419663,-17.1365803544654));
#5964=CARTESIAN_POINT('',(-25.2680934616088,29.6814278419663,-17.1365803544655));
#5965=CARTESIAN_POINT('',(-25.0383520297521,31.0645370405334,-14.8878118186424));
#5966=CARTESIAN_POINT('',(-24.4264488294467,31.6422653688589,-12.2541517871985));
#5967=CARTESIAN_POINT('',(-23.5913334306361,31.2944439128983,-9.76988570987501));
#5968=CARTESIAN_POINT('',(-23.5913334306361,31.2944439128983,-9.76988570987501));
#5969=CARTESIAN_POINT('',(-23.5913334306363,31.2944439128984,-9.7698857098755));
#5970=CARTESIAN_POINT('',(-23.3855713543734,31.2087450202075,-9.15779336097708));
#5971=CARTESIAN_POINT('',(-23.6671303311378,30.9802141916326,-8.51150831867665));
#5972=CARTESIAN_POINT('',(-24.5286078567857,30.4929458147972,-7.69169536232434));
#5973=CARTESIAN_POINT('',(-25.0696016350714,30.2270267920659,-7.44832586023122));
#5974=CARTESIAN_POINT('',(-25.6264454200921,29.9373840254432,-7.30634479102084));
#5975=CARTESIAN_POINT('',(-25.6264454200921,29.9373840254432,-7.30634479102084));
#5976=CARTESIAN_POINT('',(-29.6110013058612,27.4487682665795,-7.89533339753813));
#5977=CARTESIAN_POINT('',(-28.4520685048598,28.3354326819076,-7.1847687797085));
#5978=CARTESIAN_POINT('',(-27.0169188862497,29.2141280737973,-6.95180925566174));
#5979=CARTESIAN_POINT('',(-25.6264454200921,29.9373840254432,-7.30634479102084));
#5980=CARTESIAN_POINT('',(-25.6264454200934,21.2961722105532,-22.2733626933734));
#5981=CARTESIAN_POINT('',(-27.0286053106539,20.6218875701791,-21.8204979929838));
#5982=CARTESIAN_POINT('',(-28.4509095708119,20.3897365895098,-20.9479432973289));
#5983=CARTESIAN_POINT('',(-29.6110013058671,20.5619434269063,-19.8236639226751));
#5984=CARTESIAN_POINT('',(-25.6264454200934,21.2961722105531,-22.2733626933734));
#5985=CARTESIAN_POINT('',(-25.6264454200934,21.2961722105531,-22.2733626933734));
#5986=CARTESIAN_POINT('',(-25.3422831999974,21.4328229746174,-22.3651404139688));
#5987=CARTESIAN_POINT('',(-25.0608366313764,21.5925748565216,-22.4385390119794));
#5988=CARTESIAN_POINT('',(-24.7950976272405,21.7787543021075,-22.4891823172537));
#5989=CARTESIAN_POINT('',(-24.5102456773541,21.9783244716291,-22.5434680789657));
#5990=CARTESIAN_POINT('',(-24.2371652940719,22.212461529272,-22.5724923003025));
#5991=CARTESIAN_POINT('',(-24.0122751349923,22.4832307954822,-22.5675678037099));
#5992=CARTESIAN_POINT('',(-23.8647929279202,22.660800366118,-22.5643383354702));
#5993=CARTESIAN_POINT('',(-23.7354875979569,22.8584542533334,-22.5461602184923));
#5994=CARTESIAN_POINT('',(-23.646213973578,23.0683860038781,-22.5107870169518));
#5995=CARTESIAN_POINT('',(-23.5752629792881,23.2352310999272,-22.4826738554445));
#5996=CARTESIAN_POINT('',(-23.5287904614973,23.4142742953704,-22.4427191588811));
#5997=CARTESIAN_POINT('',(-23.5180992337642,23.5905852662633,-22.3931024408456));
#5998=CARTESIAN_POINT('',(-23.5073834680077,23.7673008981373,-22.3433718447588));
#5999=CARTESIAN_POINT('',(-23.5332473346269,23.9464525650263,-22.2822852225539));
#6000=CARTESIAN_POINT('',(-23.5913334306367,24.108191173271,-22.2168405709398));
#6001=CARTESIAN_POINT('',(-21.889,20.5248020696912,-11.85));
#6002=CARTESIAN_POINT('',(-23.5913334306366,-7.18625273962694,-31.9867262808145));
#6003=CARTESIAN_POINT('',(-24.4256688195167,-5.2105729736866,-33.5286400200607));
#6004=CARTESIAN_POINT('',(-25.0379379412294,-2.64380192327155,-34.3467164824494));
#6005=CARTESIAN_POINT('',(-25.2680934616108,1.10265524082986E-14,-34.2731607089696));
#6006=CARTESIAN_POINT('',(-23.5913334306365,-7.18625273962693,-31.9867262808145));
#6007=CARTESIAN_POINT('',(-25.2680934616107,1.71688572931765E-14,-34.2731607089696));
#6008=CARTESIAN_POINT('',(-25.2680934616112,1.87546734730403E-13,-34.2731607089706));
#6009=CARTESIAN_POINT('',(-25.0380965304375,2.64198020527824,-34.34666579867));
#6010=CARTESIAN_POINT('',(-24.4217797567121,5.21978215118697,-33.5214527432764));
#6011=CARTESIAN_POINT('',(-23.5913334306364,7.18625273962679,-31.9867262808146));
#6012=CARTESIAN_POINT('',(-23.5913334306364,7.18625273962679,-31.9867262808147));
#6013=CARTESIAN_POINT('',(-23.5913334306364,7.18625273962679,-31.9867262808147));
#6014=CARTESIAN_POINT('',(-23.5758911845801,7.22281948901874,-31.9581878636789));
#6015=CARTESIAN_POINT('',(-23.5626396731048,7.25957905391629,-31.9285984369105));
#6016=CARTESIAN_POINT('',(-23.5517853289887,7.2962590682731,-31.8981551923797));
#6017=CARTESIAN_POINT('',(-23.5114334495163,7.43261991168795,-31.7849800321923));
#6018=CARTESIAN_POINT('',(-23.5053545656382,7.57093921878397,-31.6568403549585));
#6019=CARTESIAN_POINT('',(-23.5328354254717,7.69613035746864,-31.5279871368579));
#6020=CARTESIAN_POINT('',(-23.5601355325515,7.82049806329163,-31.3999814385997));
#6021=CARTESIAN_POINT('',(-23.620136775294,7.93573262874118,-31.2676886293796));
#6022=CARTESIAN_POINT('',(-23.7008811888912,8.03527428274448,-31.1405277876242));
#6023=CARTESIAN_POINT('',(-23.7995653489685,8.15693204308241,-30.9851144245898));
#6024=CARTESIAN_POINT('',(-23.9308302851013,8.25888692042296,-30.8330504281142));
#6025=CARTESIAN_POINT('',(-24.0771756430541,8.3407123048029,-30.6895926636432));
#6026=CARTESIAN_POINT('',(-24.2923514645003,8.46102253906938,-30.4786625545866));
#6027=CARTESIAN_POINT('',(-24.5449042359305,8.54158604775241,-30.2804822905254));
#6028=CARTESIAN_POINT('',(-24.8079175141242,8.58917327662376,-30.0965633718327));
#6029=CARTESIAN_POINT('',(-25.0698786997523,8.6365701494414,-29.9133801564031));
#6030=CARTESIAN_POINT('',(-25.3468232460557,8.65219002424376,-29.7413154527931));
#6031=CARTESIAN_POINT('',(-25.6264454200926,8.64121181488944,-29.5797074843944));
#6032=CARTESIAN_POINT('',(-25.6264454200926,8.64121181488944,-29.5797074843944));
#6033=CARTESIAN_POINT('',(-29.6110013058612,6.88682483967399,-27.718997320219));
#6034=CARTESIAN_POINT('',(-28.45206850486,7.94552405740877,-28.13158891961));
#6035=CARTESIAN_POINT('',(-27.0169188862501,8.58662061923163,-28.7760816891513));
#6036=CARTESIAN_POINT('',(-25.6264454200926,8.64121181488943,-29.5797074843944));
#6037=CARTESIAN_POINT('',(-25.6264454200929,-8.64121181488944,-29.5797074843943));
#6038=CARTESIAN_POINT('',(-27.0286053106535,-8.58616180006193,-28.7693275062537));
#6039=CARTESIAN_POINT('',(-28.4509095708118,-7.94658275776803,-28.132001511653));
#6040=CARTESIAN_POINT('',(-29.6110013058671,-6.88682483966858,-27.7189973202169));
#6041=CARTESIAN_POINT('',(-25.6264454200929,-8.64121181488945,-29.5797074843942));
#6042=CARTESIAN_POINT('',(-25.6264454200929,-8.64121181488945,-29.5797074843942));
#6043=CARTESIAN_POINT('',(-25.3261723598122,-8.65300079596931,-29.7532506570842));
#6044=CARTESIAN_POINT('',(-25.0287273570212,-8.63412526308844,-29.9389432749836));
#6045=CARTESIAN_POINT('',(-24.7497707339045,-8.57807582216453,-30.1375931835766));
#6046=CARTESIAN_POINT('',(-24.4722848920595,-8.52232189839693,-30.3351957230055));
#6047=CARTESIAN_POINT('',(-24.2070003372995,-8.42835252445848,-30.5497373537796));
#6048=CARTESIAN_POINT('',(-23.9896792061054,-8.28817108142661,-30.7783731886671));
#6049=CARTESIAN_POINT('',(-23.846558047047,-8.19585180030121,-30.9289458711834));
#6050=CARTESIAN_POINT('',(-23.7217948490837,-8.08100944884571,-31.0891696405886));
#6051=CARTESIAN_POINT('',(-23.6366901753318,-7.94593559846909,-31.2510056625612));
#6052=CARTESIAN_POINT('',(-23.5695286216416,-7.83934016423172,-31.3787208419931));
#6053=CARTESIAN_POINT('',(-23.5263247412324,-7.717217660442,-31.5106276124945));
#6054=CARTESIAN_POINT('',(-23.5174156779921,-7.58863789774488,-31.6354166391299));
#6055=CARTESIAN_POINT('',(-23.5084891578529,-7.45980618892669,-31.7604501841137));
#6056=CARTESIAN_POINT('',(-23.5345552187079,-7.32070174652365,-31.8817959299874));
#6057=CARTESIAN_POINT('',(-23.5913334306365,-7.18625273962693,-31.9867262808145));
#6058=CARTESIAN_POINT('',(-21.889,-9.20929998926567E-15,-23.7));
#6059=CARTESIAN_POINT('',(-23.5913334306373,-31.2944439128979,-9.76988570987408));
#6060=CARTESIAN_POINT('',(-24.4205745322243,-31.639818752959,-12.2366771754969));
#6061=CARTESIAN_POINT('',(-25.0397387095978,-31.0561888308721,-14.9013849994616));
#6062=CARTESIAN_POINT('',(-25.2680934616132,-29.6814278419404,-17.1365803545075));
#6063=CARTESIAN_POINT('',(-23.5913334306373,-31.2944439128979,-9.76988570987407));
#6064=CARTESIAN_POINT('',(-25.2680934616084,-29.6814278419415,-17.1365803545087));
#6065=CARTESIAN_POINT('',(-25.2680934616084,-29.6814278419415,-17.1365803545087));
#6066=CARTESIAN_POINT('',(-25.0406887242705,-28.4382658573137,-19.4351533665009));
#6067=CARTESIAN_POINT('',(-24.4223140837555,-26.4220263859401,-21.2805882992704));
#6068=CARTESIAN_POINT('',(-23.5913334306356,-24.1081911732722,-22.2168405709395));
#6069=CARTESIAN_POINT('',(-23.5913334306356,-24.1081911732722,-22.2168405709395));
#6070=CARTESIAN_POINT('',(-23.5913334306356,-24.1081911732722,-22.2168405709395));
#6071=CARTESIAN_POINT('',(-23.3855713543727,-23.5352542033187,-22.4486693272422));
#6072=CARTESIAN_POINT('',(-23.667130331137,-22.8612895243137,-22.5738983452986));
#6073=CARTESIAN_POINT('',(-24.5286078567846,-21.9076764893432,-22.5618180306748));
#6074=CARTESIAN_POINT('',(-25.0696016350702,-21.5639528066584,-22.4532101526866));
#6075=CARTESIAN_POINT('',(-25.6264454200908,-21.2961722105543,-22.2733626933742));
#6076=CARTESIAN_POINT('',(-25.6264454200908,-21.2961722105543,-22.2733626933742));
#6077=CARTESIAN_POINT('',(-29.6110013058611,-20.5619434269055,-19.8236639226809));
#6078=CARTESIAN_POINT('',(-28.4520685048595,-20.3899086244987,-20.9468201399019));
#6079=CARTESIAN_POINT('',(-27.0169188862488,-20.6275074545657,-21.8242724334903));
#6080=CARTESIAN_POINT('',(-25.6264454200909,-21.2961722105544,-22.2733626933743));
#6081=CARTESIAN_POINT('',(-25.6264454200946,-29.937384025442,-7.30634479102022));
#6082=CARTESIAN_POINT('',(-27.0286053106524,-29.2080493702415,-6.94882951327044));
#6083=CARTESIAN_POINT('',(-28.4509095708075,-28.3363193472803,-7.18405821432349));
#6084=CARTESIAN_POINT('',(-29.6110013058612,-27.4487682665795,-7.89533339753814));
#6085=CARTESIAN_POINT('',(-25.6264454200946,-29.937384025442,-7.30634479102019));
#6086=CARTESIAN_POINT('',(-25.6264454200946,-29.937384025442,-7.30634479102019));
#6087=CARTESIAN_POINT('',(-25.3422831999983,-30.0851912450113,-7.37879896384874));
#6088=CARTESIAN_POINT('',(-25.060836631377,-30.2286322364429,-7.48044885287498));
#6089=CARTESIAN_POINT('',(-24.7950976272408,-30.3655803481352,-7.61636332977782));
#6090=CARTESIAN_POINT('',(-24.5102456773545,-30.5123782816023,-7.76205328556509));
#6091=CARTESIAN_POINT('',(-24.2371652940723,-30.6545825234264,-7.95030981478278));
#6092=CARTESIAN_POINT('',(-24.0122751349927,-30.7857024173816,-8.18726512618115));
#6093=CARTESIAN_POINT('',(-23.8647929279207,-30.8716904011631,-8.34265961941068));
#6094=CARTESIAN_POINT('',(-23.7354875979575,-30.954774633675,-8.52292196538487));
#6095=CARTESIAN_POINT('',(-23.6462139735786,-31.0291064178001,-8.72241479518771));
#6096=CARTESIAN_POINT('',(-23.5752629792887,-31.0881822537786,-8.88096346761667));
#6097=CARTESIAN_POINT('',(-23.528790461498,-31.1431020692758,-9.05599677152681));
#6098=CARTESIAN_POINT('',(-23.5180992337648,-31.1882882164511,-9.2334949103037));
#6099=CARTESIAN_POINT('',(-23.5073834680084,-31.2335780728315,-9.41140043479573));
#6100=CARTESIAN_POINT('',(-23.5332473346275,-31.2702513396152,-9.59709364055433));
#6101=CARTESIAN_POINT('',(-23.5913334306373,-31.2944439128979,-9.76988570987407));
#6102=CARTESIAN_POINT('',(-21.889,-20.5248020696912,-11.85));
#6103=CARTESIAN_POINT('',(-23.5913334306371,-24.1081911732706,22.2168405709398));
#6104=CARTESIAN_POINT('',(-24.4282126842637,-26.4384508231478,21.2739424428316));
#6105=CARTESIAN_POINT('',(-25.0388914179944,-28.4284404558384,19.4533202691018));
#6106=CARTESIAN_POINT('',(-25.268093461613,-29.6814278419657,17.1365803544639));
#6107=CARTESIAN_POINT('',(-23.5913334306371,-24.1081911732706,22.2168405709398));
#6108=CARTESIAN_POINT('',(-25.2680934616086,-29.6814278419671,17.1365803544643));
#6109=CARTESIAN_POINT('',(-25.2680934616086,-29.681427841967,17.1365803544643));
#6110=CARTESIAN_POINT('',(-25.0383520297517,-31.0645370405336,14.8878118186415));
#6111=CARTESIAN_POINT('',(-24.4264488294463,-31.6422653688589,12.2541517871984));
#6112=CARTESIAN_POINT('',(-23.5913334306357,-31.2944439128984,9.76988570987537));
#6113=CARTESIAN_POINT('',(-23.5913334306357,-31.2944439128984,9.76988570987538));
#6114=CARTESIAN_POINT('',(-23.5913334306358,-31.2944439128985,9.76988570987587));
#6115=CARTESIAN_POINT('',(-23.3855713543729,-31.2087450202076,9.15779336097751));
#6116=CARTESIAN_POINT('',(-23.6671303311373,-30.9802141916328,8.51150831867713));
#6117=CARTESIAN_POINT('',(-24.5286078567849,-30.4929458147976,7.69169536232473));
#6118=CARTESIAN_POINT('',(-25.0696016350705,-30.2270267920663,7.44832586023152));
#6119=CARTESIAN_POINT('',(-25.6264454200912,-29.9373840254437,7.30634479102106));
#6120=CARTESIAN_POINT('',(-25.6264454200912,-29.9373840254437,7.30634479102107));
#6121=CARTESIAN_POINT('',(-29.6110013058612,-27.4487682665795,7.89533339753814));
#6122=CARTESIAN_POINT('',(-28.4520685048596,-28.3354326819078,7.18476877970836));
#6123=CARTESIAN_POINT('',(-27.0169188862491,-29.2141280737977,6.95180925566167));
#6124=CARTESIAN_POINT('',(-25.6264454200912,-29.9373840254437,7.30634479102108));
#6125=CARTESIAN_POINT('',(-25.6264454200943,-21.2961722105528,22.2733626933732));
#6126=CARTESIAN_POINT('',(-27.0286053106545,-20.6218875701789,21.8204979929834));
#6127=CARTESIAN_POINT('',(-28.4509095708122,-20.3897365895098,20.9479432973287));
#6128=CARTESIAN_POINT('',(-29.6110013058671,-20.5619434269063,19.8236639226751));
#6129=CARTESIAN_POINT('',(-25.6264454200942,-21.2961722105527,22.2733626933732));
#6130=CARTESIAN_POINT('',(-25.6264454200942,-21.2961722105527,22.2733626933732));
#6131=CARTESIAN_POINT('',(-25.342283199998,-21.4328229746171,22.3651404139686));
#6132=CARTESIAN_POINT('',(-25.0608366313768,-21.5925748565214,22.4385390119793));
#6133=CARTESIAN_POINT('',(-24.7950976272407,-21.7787543021075,22.4891823172537));
#6134=CARTESIAN_POINT('',(-24.5102456773544,-21.978324471629,22.5434680789656));
#6135=CARTESIAN_POINT('',(-24.2371652940722,-22.2124615292719,22.5724923003024));
#6136=CARTESIAN_POINT('',(-24.0122751349926,-22.4832307954822,22.5675678037099));
#6137=CARTESIAN_POINT('',(-23.8647929279205,-22.6608003661179,22.5643383354701));
#6138=CARTESIAN_POINT('',(-23.7354875979573,-22.8584542533333,22.5461602184923));
#6139=CARTESIAN_POINT('',(-23.6462139735783,-23.068386003878,22.5107870169518));
#6140=CARTESIAN_POINT('',(-23.5752629792885,-23.235231099927,22.4826738554445));
#6141=CARTESIAN_POINT('',(-23.5287904614978,-23.4142742953701,22.4427191588811));
#6142=CARTESIAN_POINT('',(-23.5180992337646,-23.590585266263,22.3931024408456));
#6143=CARTESIAN_POINT('',(-23.5073834680082,-23.7673008981369,22.3433718447588));
#6144=CARTESIAN_POINT('',(-23.5332473346273,-23.9464525650259,22.282285222554));
#6145=CARTESIAN_POINT('',(-23.5913334306371,-24.1081911732706,22.2168405709398));
#6146=CARTESIAN_POINT('',(-21.889,-20.5248020696912,11.85));
#6147=CARTESIAN_POINT('',(-23.5913334306365,7.18625273962689,31.9867262808146));
#6148=CARTESIAN_POINT('',(-24.4256688195166,5.21057297368654,33.5286400200608));
#6149=CARTESIAN_POINT('',(-25.0379379412293,2.64380192327147,34.3467164824495));
#6150=CARTESIAN_POINT('',(-25.2680934616108,-9.09452632946927E-14,34.2731607089696));
#6151=CARTESIAN_POINT('',(-23.5913334306365,7.18625273962688,31.9867262808146));
#6152=CARTESIAN_POINT('',(-25.2680934616107,-9.77467378386531E-14,34.2731607089696));
#6153=CARTESIAN_POINT('',(-25.2680934616112,-2.68109194742256E-13,34.2731607089706));
#6154=CARTESIAN_POINT('',(-25.0380965304375,-2.64198020527832,34.3466657986699));
#6155=CARTESIAN_POINT('',(-24.4217797567121,-5.21978215118704,33.5214527432763));
#6156=CARTESIAN_POINT('',(-23.5913334306364,-7.18625273962686,31.9867262808146));
#6157=CARTESIAN_POINT('',(-23.5913334306364,-7.18625273962686,31.9867262808146));
#6158=CARTESIAN_POINT('',(-23.5913334306364,-7.18625273962686,31.9867262808146));
#6159=CARTESIAN_POINT('',(-23.5758911845801,-7.22281948901881,31.9581878636789));
#6160=CARTESIAN_POINT('',(-23.5626396731048,-7.25957905391634,31.9285984369105));
#6161=CARTESIAN_POINT('',(-23.5517853289888,-7.29625906827315,31.8981551923797));
#6162=CARTESIAN_POINT('',(-23.5114334495164,-7.432619911688,31.7849800321922));
#6163=CARTESIAN_POINT('',(-23.5053545656383,-7.57093921878403,31.6568403549585));
#6164=CARTESIAN_POINT('',(-23.5328354254717,-7.6961303574687,31.5279871368579));
#6165=CARTESIAN_POINT('',(-23.5601355325516,-7.8204980632917,31.3999814385997));
#6166=CARTESIAN_POINT('',(-23.6201367752941,-7.93573262874123,31.2676886293796));
#6167=CARTESIAN_POINT('',(-23.7008811888912,-8.03527428274453,31.1405277876241));
#6168=CARTESIAN_POINT('',(-23.7995653489686,-8.15693204308245,30.9851144245897));
#6169=CARTESIAN_POINT('',(-23.9308302851014,-8.25888692042301,30.8330504281141));
#6170=CARTESIAN_POINT('',(-24.0771756430542,-8.34071230480295,30.6895926636431));
#6171=CARTESIAN_POINT('',(-24.2923514645005,-8.46102253906944,30.4786625545865));
#6172=CARTESIAN_POINT('',(-24.5449042359307,-8.54158604775244,30.2804822905253));
#6173=CARTESIAN_POINT('',(-24.8079175141243,-8.58917327662379,30.0965633718326));
#6174=CARTESIAN_POINT('',(-25.0698786997525,-8.63657014944142,29.913380156403));
#6175=CARTESIAN_POINT('',(-25.3468232460558,-8.65219002424378,29.7413154527931));
#6176=CARTESIAN_POINT('',(-25.6264454200928,-8.64121181488945,29.5797074843943));
#6177=CARTESIAN_POINT('',(-25.6264454200928,-8.64121181488945,29.5797074843943));
#6178=CARTESIAN_POINT('',(-29.6110013058612,-6.886824839674,27.718997320219));
#6179=CARTESIAN_POINT('',(-28.45206850486,-7.94552405740875,28.13158891961));
#6180=CARTESIAN_POINT('',(-27.0169188862502,-8.5866206192316,28.7760816891513));
#6181=CARTESIAN_POINT('',(-25.6264454200928,-8.64121181488943,29.5797074843944));
#6182=CARTESIAN_POINT('',(-25.6264454200928,8.64121181488943,29.5797074843943));
#6183=CARTESIAN_POINT('',(-27.0286053106491,8.58616180006213,28.7693275062562));
#6184=CARTESIAN_POINT('',(-28.4509095708033,7.94658275777186,28.1320015116568));
#6185=CARTESIAN_POINT('',(-29.6110013058564,6.88682483967834,27.7189973202207));
#6186=CARTESIAN_POINT('',(-25.6264454200928,8.64121181488945,29.5797074843943));
#6187=CARTESIAN_POINT('',(-25.6264454200928,8.64121181488945,29.5797074843943));
#6188=CARTESIAN_POINT('',(-25.326172359812,8.6530007959693,29.7532506570843));
#6189=CARTESIAN_POINT('',(-25.0287273570211,8.63412526308842,29.9389432749837));
#6190=CARTESIAN_POINT('',(-24.7497707339044,8.57807582216451,30.1375931835766));
#6191=CARTESIAN_POINT('',(-24.4722848920594,8.52232189839691,30.3351957230055));
#6192=CARTESIAN_POINT('',(-24.2070003372994,8.42835252445844,30.5497373537796));
#6193=CARTESIAN_POINT('',(-23.9896792061053,8.28817108142657,30.7783731886671));
#6194=CARTESIAN_POINT('',(-23.8465580470469,8.19585180030117,30.9289458711834));
#6195=CARTESIAN_POINT('',(-23.7217948490836,8.08100944884567,31.0891696405887));
#6196=CARTESIAN_POINT('',(-23.6366901753317,7.94593559846905,31.2510056625612));
#6197=CARTESIAN_POINT('',(-23.5695286216415,7.83934016423168,31.3787208419931));
#6198=CARTESIAN_POINT('',(-23.5263247412323,7.71721766044196,31.5106276124946));
#6199=CARTESIAN_POINT('',(-23.517415677992,7.58863789774484,31.63541663913));
#6200=CARTESIAN_POINT('',(-23.5084891578528,7.45980618892664,31.7604501841137));
#6201=CARTESIAN_POINT('',(-23.5345552187078,7.3207017465236,31.8817959299875));
#6202=CARTESIAN_POINT('',(-23.5913334306365,7.18625273962688,31.9867262808146));
#6203=CARTESIAN_POINT('',(-21.889,0.,23.7));
#6204=CARTESIAN_POINT('',(-22.1295147910498,-26.4669443036703,28.7991151659061));
#6205=CARTESIAN_POINT('',(-19.4211852104808,-23.2277766652594,25.2745238572171));
#6206=CARTESIAN_POINT('',(-19.8912643646771,-25.668831764902,23.8389486964917));
#6207=CARTESIAN_POINT('',(-23.5913334306371,-24.1081911732706,22.2168405709398));
#6208=CARTESIAN_POINT('',(-22.3654155810775,-24.5581160686714,22.8421358414658));
#6209=CARTESIAN_POINT('',(-21.1325574062964,-25.0909845014841,23.3717995498816));
#6210=CARTESIAN_POINT('',(-19.8912643646771,-25.668831764902,23.8389486964917));
#6211=CARTESIAN_POINT('',(-19.4211852104808,-23.2277766652595,25.2745238572171));
#6212=CARTESIAN_POINT('',(-21.5121028149103,-22.3621112793027,24.4634060723897));
#6213=CARTESIAN_POINT('',(-23.5883535948399,-21.6732953262166,23.5081392095229));
#6214=CARTESIAN_POINT('',(-25.6264454200942,-21.2961722105527,22.2733626933732));
#6215=CARTESIAN_POINT('',(-19.8912643646771,-25.6688317649021,23.8389486964917));
#6216=CARTESIAN_POINT('',(-19.4754736058208,-24.3007794278359,24.2466978274265));
#6217=CARTESIAN_POINT('',(-19.4211852104808,-23.2277766652594,25.2745238572171));
#6218=CARTESIAN_POINT('',(-21.7841692887078,-24.7876458605378,23.1265714495133));
#6219=CARTESIAN_POINT('',(-21.4755370528907,-23.436987070072,23.5089029932439));
#6220=CARTESIAN_POINT('',(-21.5281413487712,-22.355471130035,24.4571843356998));
#6221=CARTESIAN_POINT('',(-23.6228317530955,-24.0239249285746,22.2874151449105));
#6222=CARTESIAN_POINT('',(-23.4542324878362,-22.7195126058451,22.6446948974326));
#6223=CARTESIAN_POINT('',(-23.6267042280849,-21.6623900060012,23.4888190583509));
#6224=CARTESIAN_POINT('',(-25.3535633676723,-23.5273729324699,21.2383911730451));
#6225=CARTESIAN_POINT('',(-25.3554765497876,-22.2915287913891,21.5332054472263));
#6226=CARTESIAN_POINT('',(-25.6629484626113,-21.2894522034851,22.2512119878439));
#6227=CARTESIAN_POINT('',(-19.8912643646771,-33.4795510531264,10.3103860456296));
#6228=CARTESIAN_POINT('',(-21.1325574062946,-32.7860643930978,10.0435302093078));
#6229=CARTESIAN_POINT('',(-22.3654155810759,-32.0609279497406,9.84688446382498));
#6230=CARTESIAN_POINT('',(-23.5913334306338,-31.2944439128996,9.7698857098757));
#6231=CARTESIAN_POINT('',(-19.8912643646771,-33.4795510531264,10.3103860456296));
#6232=CARTESIAN_POINT('',(-22.1295147910498,-38.1742374920232,8.52148854457483));
#6233=CARTESIAN_POINT('',(-19.4211852104808,-33.5022680615353,7.47858273693884));
#6234=CARTESIAN_POINT('',(-25.6264454200912,-29.9373840254437,7.30634479102105));
#6235=CARTESIAN_POINT('',(-23.5883535948378,-31.195293414257,7.01555473146609));
#6236=CARTESIAN_POINT('',(-21.5121028149092,-32.3669867614357,7.13445341393724));
#6237=CARTESIAN_POINT('',(-19.4211852104808,-33.5022680615353,7.47858273693884));
#6238=CARTESIAN_POINT('',(-19.4211852104808,-33.5022680615353,7.47858273693885));
#6239=CARTESIAN_POINT('',(-19.4754736058208,-33.1486459903539,8.92174340255625));
#6240=CARTESIAN_POINT('',(-19.8912643646771,-33.4795510531264,10.3103860456296));
#6241=CARTESIAN_POINT('',(-21.5281413487949,-32.3582785047846,7.1318137442139));
#6242=CARTESIAN_POINT('',(-21.475537052907,-32.0778007423533,8.54257469409865));
#6243=CARTESIAN_POINT('',(-21.7841692887246,-32.4220213079583,9.90344529043915));
#6244=CARTESIAN_POINT('',(-23.626704228048,-31.1731090124115,7.01577052286564));
#6245=CARTESIAN_POINT('',(-23.4542324878293,-30.9706373450174,8.35332762966873));
#6246=CARTESIAN_POINT('',(-23.6228317530894,-31.3134301645118,9.66162171443152));
#6247=CARTESIAN_POINT('',(-25.6629484626083,-29.9148409482099,7.31160044695147));
#6248=CARTESIAN_POINT('',(-25.3554765497848,-29.7940673379034,8.53842749892294));
#6249=CARTESIAN_POINT('',(-25.3535633676697,-30.1566727576046,9.7561070573078));
#6250=CARTESIAN_POINT('',(-22.1295147910498,-38.1742374920236,-8.5214885445731));
#6251=CARTESIAN_POINT('',(-19.4211852104808,-33.5022680615356,-7.47858273693732));
#6252=CARTESIAN_POINT('',(-19.8912643646771,-33.4795510531268,-10.3103860456281));
#6253=CARTESIAN_POINT('',(-23.5913334306373,-31.2944439128979,-9.76988570987408));
#6254=CARTESIAN_POINT('',(-22.3654155810776,-32.0609279497401,-9.84688446382321));
#6255=CARTESIAN_POINT('',(-21.1325574062964,-32.7860643930972,-10.0435302093059));
#6256=CARTESIAN_POINT('',(-19.8912643646771,-33.4795510531268,-10.3103860456281));
#6257=CARTESIAN_POINT('',(-19.4211852104808,-33.5022680615356,-7.47858273693732));
#6258=CARTESIAN_POINT('',(-21.5121028149104,-32.3669867614353,-7.13445341393558));
#6259=CARTESIAN_POINT('',(-23.5883535948402,-31.1952934142561,-7.01555473146454));
#6260=CARTESIAN_POINT('',(-25.6264454200946,-29.937384025442,-7.30634479102019));
#6261=CARTESIAN_POINT('',(-19.8912643646771,-33.4795510531268,-10.3103860456281));
#6262=CARTESIAN_POINT('',(-19.4754736058208,-33.1486459903543,-8.92174340255475));
#6263=CARTESIAN_POINT('',(-19.4211852104808,-33.5022680615356,-7.47858273693733));
#6264=CARTESIAN_POINT('',(-21.7841692887319,-32.4220213079835,-9.90344529051167));
#6265=CARTESIAN_POINT('',(-21.475537052914,-32.0778007422801,-8.5425746942512));
#6266=CARTESIAN_POINT('',(-21.5281413487846,-32.3582785047614,-7.13181374434464));
#6267=CARTESIAN_POINT('',(-23.6228317530843,-31.3134301644832,-9.66162171431971));
#6268=CARTESIAN_POINT('',(-23.4542324878139,-30.9706373450537,-8.35332762957587));
#6269=CARTESIAN_POINT('',(-23.6267042280685,-31.1731090124334,-7.0157705227268));
#6270=CARTESIAN_POINT('',(-25.3535633676726,-30.1566727576031,-9.75610705730663));
#6271=CARTESIAN_POINT('',(-25.3554765497879,-29.7940673379018,-8.53842749892194));
#6272=CARTESIAN_POINT('',(-25.6629484626117,-29.9148409482081,-7.31160044695064));
#6273=CARTESIAN_POINT('',(-19.8912643646771,-25.6688317649031,-23.8389486964906));
#6274=CARTESIAN_POINT('',(-21.1325574062958,-25.0909845014854,-23.3717995498806));
#6275=CARTESIAN_POINT('',(-22.3654155810764,-24.5581160686729,-22.8421358414651));
#6276=CARTESIAN_POINT('',(-23.5913334306356,-24.1081911732722,-22.2168405709395));
#6277=CARTESIAN_POINT('',(-19.8912643646771,-25.6688317649031,-23.8389486964906));
#6278=CARTESIAN_POINT('',(-22.1295147910498,-26.4669443036716,-28.7991151659049));
#6279=CARTESIAN_POINT('',(-19.4211852104808,-23.2277766652605,-25.2745238572161));
#6280=CARTESIAN_POINT('',(-25.6264454200909,-21.2961722105543,-22.2733626933742));
#6281=CARTESIAN_POINT('',(-23.5883535948376,-21.6732953262185,-23.5081392095229));
#6282=CARTESIAN_POINT('',(-21.5121028149091,-22.3621112793043,-24.4634060723892));
#6283=CARTESIAN_POINT('',(-19.4211852104808,-23.2277766652605,-25.2745238572161));
#6284=CARTESIAN_POINT('',(-19.4211852104808,-23.2277766652606,-25.2745238572161));
#6285=CARTESIAN_POINT('',(-19.4754736058208,-24.300779427837,-24.2466978274254));
#6286=CARTESIAN_POINT('',(-19.8912643646771,-25.6688317649031,-23.8389486964905));
#6287=CARTESIAN_POINT('',(-21.5281413487332,-22.3554711299113,-24.4571843358427));
#6288=CARTESIAN_POINT('',(-21.4755370528375,-23.4369870699582,-23.5089029933869));
#6289=CARTESIAN_POINT('',(-21.7841692886612,-24.7876458604346,-23.12657144955));
#6290=CARTESIAN_POINT('',(-23.6267042281244,-21.6623900060379,-23.4888190582848));
#6291=CARTESIAN_POINT('',(-23.4542324878946,-22.7195126058533,-22.6446948973919));
#6292=CARTESIAN_POINT('',(-23.6228317531181,-24.0239249286217,-22.2874151448828));
#6293=CARTESIAN_POINT('',(-25.6629484626079,-21.2894522034867,-22.2512119878451));
#6294=CARTESIAN_POINT('',(-25.3554765497844,-22.2915287913908,-21.5332054472271));
#6295=CARTESIAN_POINT('',(-25.3535633676694,-23.5273729324717,-21.2383911730459));
#6296=CARTESIAN_POINT('',(-22.1295147910498,-11.7072931883525,-37.3206037104796));
#6297=CARTESIAN_POINT('',(-19.4211852104808,-10.2744913962756,-32.7531065941548));
#6298=CARTESIAN_POINT('',(-19.8912643646771,-7.81071928822411,-34.1493347421201));
#6299=CARTESIAN_POINT('',(-23.5913334306365,-7.18625273962692,-31.9867262808146));
#6300=CARTESIAN_POINT('',(-22.3654155810771,-7.5028118810682,-32.6890203052896));
#6301=CARTESIAN_POINT('',(-21.1325574062962,-7.69507989161251,-33.4153297591879));
#6302=CARTESIAN_POINT('',(-19.8912643646771,-7.81071928822411,-34.1493347421201));
#6303=CARTESIAN_POINT('',(-19.4211852104808,-10.2744913962756,-32.7531065941548));
#6304=CARTESIAN_POINT('',(-21.5121028149098,-10.0048754821322,-31.597859486326));
#6305=CARTESIAN_POINT('',(-23.588353594839,-9.52199808803919,-30.5236939409882));
#6306=CARTESIAN_POINT('',(-25.6264454200929,-8.64121181488945,-29.5797074843942));
#6307=CARTESIAN_POINT('',(-19.8912643646771,-7.81071928822412,-34.1493347421201));
#6308=CARTESIAN_POINT('',(-19.4754736058208,-8.84786656251777,-33.1684412299816));
#6309=CARTESIAN_POINT('',(-19.4211852104808,-10.2744913962756,-32.7531065941548));
#6310=CARTESIAN_POINT('',(-21.7841692887407,-7.6343754474211,-33.0300167400008));
#6311=CARTESIAN_POINT('',(-21.4755370529011,-8.64081367223723,-32.0514776874705));
#6312=CARTESIAN_POINT('',(-21.5281413487907,-10.0028073747367,-31.5889980800185));
#6313=CARTESIAN_POINT('',(-23.6228317530801,-7.28950523585733,-31.949036859265));
#6314=CARTESIAN_POINT('',(-23.454232487829,-8.25112473917084,-30.9980225269972));
#6315=CARTESIAN_POINT('',(-23.6267042280584,-9.51071900638307,-30.5045895810872));
#6316=CARTESIAN_POINT('',(-25.3535633676712,-6.62929982513321,-30.9944982303527));
#6317=CARTESIAN_POINT('',(-25.3554765497863,-7.50253854651282,-30.0716329461491));
#6318=CARTESIAN_POINT('',(-25.66294846261,-8.6253887447232,-29.5628124347955));
#6319=CARTESIAN_POINT('',(-19.8912643646771,7.81071928822395,-34.1493347421201));
#6320=CARTESIAN_POINT('',(-21.1325574062961,7.69507989161236,-33.415329759188));
#6321=CARTESIAN_POINT('',(-22.365415581077,7.50281188106804,-32.6890203052897));
#6322=CARTESIAN_POINT('',(-23.5913334306364,7.18625273962679,-31.9867262808147));
#6323=CARTESIAN_POINT('',(-19.8912643646771,7.81071928822396,-34.1493347421201));
#6324=CARTESIAN_POINT('',(-22.1295147910498,11.7072931883524,-37.3206037104797));
#6325=CARTESIAN_POINT('',(-19.4211852104808,10.2744913962754,-32.7531065941549));
#6326=CARTESIAN_POINT('',(-25.6264454200926,8.64121181488944,-29.5797074843944));
#6327=CARTESIAN_POINT('',(-23.5883535948388,9.5219980880391,-30.5236939409884));
#6328=CARTESIAN_POINT('',(-21.5121028149097,10.004875482132,-31.5978594863261));
#6329=CARTESIAN_POINT('',(-19.4211852104808,10.2744913962754,-32.7531065941549));
#6330=CARTESIAN_POINT('',(-19.4211852104808,10.2744913962754,-32.7531065941548));
#6331=CARTESIAN_POINT('',(-19.4754736058208,8.84786656251761,-33.1684412299816));
#6332=CARTESIAN_POINT('',(-19.8912643646771,7.81071928822396,-34.1493347421201));
#6333=CARTESIAN_POINT('',(-21.5281413488085,10.0028073747161,-31.5889980800144));
#6334=CARTESIAN_POINT('',(-21.4755370529236,8.64081367226162,-32.0514776874833));
#6335=CARTESIAN_POINT('',(-21.784169288754,7.63437544740808,-33.0300167400073));
#6336=CARTESIAN_POINT('',(-23.6267042280358,9.51071900636052,-30.5045895811071));
#6337=CARTESIAN_POINT('',(-23.4542324878338,8.25112473913961,-30.9980225270437));
#6338=CARTESIAN_POINT('',(-23.6228317530738,7.28950523584822,-31.9490368592806));
#6339=CARTESIAN_POINT('',(-25.6629484626097,8.62538874472321,-29.5628124347956));
#6340=CARTESIAN_POINT('',(-25.3554765497861,7.5025385465128,-30.0716329461492));
#6341=CARTESIAN_POINT('',(-25.3535633676709,6.62929982513318,-30.9944982303528));
#6342=CARTESIAN_POINT('',(-22.1295147910498,26.4669443036707,-28.7991151659058));
#6343=CARTESIAN_POINT('',(-19.4211852104808,23.2277766652597,-25.2745238572168));
#6344=CARTESIAN_POINT('',(-19.8912643646771,25.6688317649023,-23.8389486964914));
#6345=CARTESIAN_POINT('',(-23.5913334306367,24.108191173271,-22.2168405709398));
#6346=CARTESIAN_POINT('',(-22.3654155810772,24.5581160686718,-22.8421358414657));
#6347=CARTESIAN_POINT('',(-21.1325574062962,25.0909845014844,-23.3717995498813));
#6348=CARTESIAN_POINT('',(-19.8912643646771,25.6688317649023,-23.8389486964914));
#6349=CARTESIAN_POINT('',(-19.4211852104808,23.2277766652597,-25.2745238572168));
#6350=CARTESIAN_POINT('',(-21.51210281491,22.3621112793031,-24.4634060723896));
#6351=CARTESIAN_POINT('',(-23.5883535948393,21.6732953262171,-23.5081392095229));
#6352=CARTESIAN_POINT('',(-25.6264454200934,21.2961722105531,-22.2733626933734));
#6353=CARTESIAN_POINT('',(-19.8912643646771,25.6688317649023,-23.8389486964914));
#6354=CARTESIAN_POINT('',(-19.4754736058208,24.3007794278362,-24.2466978274262));
#6355=CARTESIAN_POINT('',(-19.4211852104808,23.2277766652597,-25.2745238572169));
#6356=CARTESIAN_POINT('',(-21.7841692886983,24.7876458605035,-23.1265714495229));
#6357=CARTESIAN_POINT('',(-21.4755370529109,23.4369870700472,-23.5089029933313));
#6358=CARTESIAN_POINT('',(-21.5281413487732,22.355471129982,-24.457184335747));
#6359=CARTESIAN_POINT('',(-23.6228317531007,24.0239249286064,-22.287415144899));
#6360=CARTESIAN_POINT('',(-23.4542324878472,22.7195126058985,-22.6446948974002));
#6361=CARTESIAN_POINT('',(-23.6267042280794,21.6623900060505,-23.488819058308));
#6362=CARTESIAN_POINT('',(-25.3535633676716,23.5273729324703,-21.2383911730453));
#6363=CARTESIAN_POINT('',(-25.3554765497868,22.2915287913895,-21.5332054472265));
#6364=CARTESIAN_POINT('',(-25.6629484626105,21.2894522034855,-22.2512119878442));
#6365=CARTESIAN_POINT('',(-19.8912643646771,33.4795510531264,-10.3103860456292));
#6366=CARTESIAN_POINT('',(-21.1325574062948,32.7860643930978,-10.0435302093074));
#6367=CARTESIAN_POINT('',(-22.3654155810762,32.0609279497406,-9.84688446382459));
#6368=CARTESIAN_POINT('',(-23.5913334306343,31.2944439128995,-9.76988570987533));
#6369=CARTESIAN_POINT('',(-19.8912643646771,33.4795510531264,-10.3103860456292));
#6370=CARTESIAN_POINT('',(-22.1295147910498,38.1742374920233,-8.5214885445744));
#6371=CARTESIAN_POINT('',(-19.4211852104808,33.5022680615354,-7.47858273693846));
#6372=CARTESIAN_POINT('',(-25.6264454200921,29.9373840254432,-7.30634479102085));
#6373=CARTESIAN_POINT('',(-23.5883535948384,31.1952934142567,-7.01555473146571));
#6374=CARTESIAN_POINT('',(-21.5121028149095,32.3669867614355,-7.13445341393683));
#6375=CARTESIAN_POINT('',(-19.4211852104808,33.5022680615354,-7.47858273693847));
#6376=CARTESIAN_POINT('',(-19.4211852104808,33.5022680615354,-7.47858273693846));
#6377=CARTESIAN_POINT('',(-19.4754736058208,33.148645990354,-8.92174340255587));
#6378=CARTESIAN_POINT('',(-19.8912643646771,33.4795510531265,-10.3103860456292));
#6379=CARTESIAN_POINT('',(-21.5281413488126,32.3582785047398,-7.13181374436846));
#6380=CARTESIAN_POINT('',(-21.4755370529433,32.0778007423021,-8.54257469426931));
#6381=CARTESIAN_POINT('',(-21.7841692887478,32.4220213079819,-9.90344529052907));
#6382=CARTESIAN_POINT('',(-23.6267042280307,31.1731090124431,-7.01577052277736));
#6383=CARTESIAN_POINT('',(-23.4542324877809,30.9706373450283,-8.35332762959209));
#6384=CARTESIAN_POINT('',(-23.6228317530753,31.3134301644954,-9.66162171434277));
#6385=CARTESIAN_POINT('',(-25.6629484626092,29.9148409482094,-7.31160044695128));
#6386=CARTESIAN_POINT('',(-25.3554765497856,29.794067337903,-8.53842749892271));
#6387=CARTESIAN_POINT('',(-25.3535633676705,30.1566727576042,-9.75610705730752));
#6388=CARTESIAN_POINT('',(-22.1295147910498,38.1742374920235,8.52148854457324));
#6389=CARTESIAN_POINT('',(-19.4211852104808,33.5022680615356,7.47858273693745));
#6390=CARTESIAN_POINT('',(-19.8912643646771,33.4795510531268,10.3103860456282));
#6391=CARTESIAN_POINT('',(-23.5913334306371,31.294443912898,9.7698857098742));
#6392=CARTESIAN_POINT('',(-22.3654155810775,32.0609279497401,9.84688446382334));
#6393=CARTESIAN_POINT('',(-21.1325574062964,32.7860643930972,10.043530209306));
#6394=CARTESIAN_POINT('',(-19.8912643646771,33.4795510531268,10.3103860456282));
#6395=CARTESIAN_POINT('',(-19.4211852104808,33.5022680615356,7.47858273693746));
#6396=CARTESIAN_POINT('',(-21.5121028149103,32.3669867614354,7.13445341393573));
#6397=CARTESIAN_POINT('',(-23.58835359484,31.1952934142561,7.01555473146465));
#6398=CARTESIAN_POINT('',(-25.6264454200943,29.9373840254421,7.30634479102024));
#6399=CARTESIAN_POINT('',(-19.8912643646771,33.4795510531268,10.3103860456282));
#6400=CARTESIAN_POINT('',(-19.4754736058208,33.1486459903542,8.92174340255488));
#6401=CARTESIAN_POINT('',(-19.4211852104808,33.5022680615356,7.47858273693746));
#6402=CARTESIAN_POINT('',(-21.7841692887248,32.4220213079789,9.90344529049094));
#6403=CARTESIAN_POINT('',(-21.4755370529249,32.0778007423944,8.54257469422179));
#6404=CARTESIAN_POINT('',(-21.5281413487757,32.3582785047774,7.13181374429554));
#6405=CARTESIAN_POINT('',(-23.6228317530882,31.3134301644849,9.66162171433482));
#6406=CARTESIAN_POINT('',(-23.4542324878697,30.9706373450611,8.35332762953684));
#6407=CARTESIAN_POINT('',(-23.6267042280782,31.1731090124228,7.01577052274727));
#6408=CARTESIAN_POINT('',(-25.3535633676724,30.1566727576032,9.75610705730672));
#6409=CARTESIAN_POINT('',(-25.3554765497877,29.7940673379019,8.53842749892202));
#6410=CARTESIAN_POINT('',(-25.6629484626114,29.9148409482082,7.31160044695071));
#6411=CARTESIAN_POINT('',(-19.8912643646771,25.6688317649031,23.8389486964907));
#6412=CARTESIAN_POINT('',(-21.1325574062959,25.0909845014853,23.3717995498807));
#6413=CARTESIAN_POINT('',(-22.3654155810765,24.5581160686728,22.8421358414652));
#6414=CARTESIAN_POINT('',(-23.5913334306357,24.1081911732721,22.2168405709395));
#6415=CARTESIAN_POINT('',(-19.8912643646771,25.668831764903,23.8389486964907));
#6416=CARTESIAN_POINT('',(-22.1295147910498,26.4669443036715,28.799115165905));
#6417=CARTESIAN_POINT('',(-19.4211852104808,23.2277766652604,25.2745238572161));
#6418=CARTESIAN_POINT('',(-25.6264454200912,21.2961722105542,22.2733626933741));
#6419=CARTESIAN_POINT('',(-23.5883535948378,21.6732953262183,23.5081392095229));
#6420=CARTESIAN_POINT('',(-21.5121028149092,22.3621112793041,24.4634060723892));
#6421=CARTESIAN_POINT('',(-19.4211852104808,23.2277766652604,25.2745238572161));
#6422=CARTESIAN_POINT('',(-19.4211852104808,23.2277766652604,25.2745238572161));
#6423=CARTESIAN_POINT('',(-19.4754736058208,24.3007794278369,24.2466978274255));
#6424=CARTESIAN_POINT('',(-19.8912643646771,25.668831764903,23.8389486964906));
#6425=CARTESIAN_POINT('',(-21.5281413487505,22.3554711300192,24.4571843357302));
#6426=CARTESIAN_POINT('',(-21.4755370528956,23.4369870700791,23.508902993377));
#6427=CARTESIAN_POINT('',(-21.7841692887121,24.7876458605501,23.1265714495085));
#6428=CARTESIAN_POINT('',(-23.6267042281069,21.6623900059802,23.4888190583537));
#6429=CARTESIAN_POINT('',(-23.454232487868,22.7195126058012,22.6446948974128));
#6430=CARTESIAN_POINT('',(-23.6228317530908,24.0239249285727,22.287415144913));
#6431=CARTESIAN_POINT('',(-25.6629484626083,21.2894522034866,22.2512119878449));
#6432=CARTESIAN_POINT('',(-25.3554765497848,22.2915287913906,21.533205447227));
#6433=CARTESIAN_POINT('',(-25.3535633676697,23.5273729324715,21.2383911730457));
#6434=CARTESIAN_POINT('',(-22.1295147910498,11.7072931883525,37.3206037104796));
#6435=CARTESIAN_POINT('',(-19.4211852104808,10.2744913962755,32.7531065941548));
#6436=CARTESIAN_POINT('',(-19.8912643646771,7.81071928822404,34.1493347421201));
#6437=CARTESIAN_POINT('',(-23.5913334306364,7.18625273962686,31.9867262808146));
#6438=CARTESIAN_POINT('',(-22.365415581077,7.50281188106813,32.6890203052896));
#6439=CARTESIAN_POINT('',(-21.1325574062962,7.69507989161245,33.4153297591879));
#6440=CARTESIAN_POINT('',(-19.8912643646771,7.81071928822404,34.1493347421201));
#6441=CARTESIAN_POINT('',(-19.4211852104808,10.2744913962755,32.7531065941548));
#6442=CARTESIAN_POINT('',(-21.5121028149098,10.0048754821321,31.597859486326));
#6443=CARTESIAN_POINT('',(-23.5883535948389,9.52199808803915,30.5236939409883));
#6444=CARTESIAN_POINT('',(-25.6264454200928,8.64121181488945,29.5797074843943));
#6445=CARTESIAN_POINT('',(-19.8912643646771,7.81071928822403,34.1493347421201));
#6446=CARTESIAN_POINT('',(-19.4754736058208,8.84786656251768,33.1684412299816));
#6447=CARTESIAN_POINT('',(-19.4211852104808,10.2744913962755,32.7531065941548));
#6448=CARTESIAN_POINT('',(-21.7841692886816,7.6343754474797,33.0300167399704));
#6449=CARTESIAN_POINT('',(-21.4755370528229,8.64081367232223,32.0514776873962));
#6450=CARTESIAN_POINT('',(-21.5281413487472,10.0028073748237,31.588998080017));
#6451=CARTESIAN_POINT('',(-23.6228317531073,7.28950523589316,31.9490368592013));
#6452=CARTESIAN_POINT('',(-23.4542324878699,8.25112473917362,30.9980225269622));
#6453=CARTESIAN_POINT('',(-23.6267042281114,9.51071900640614,30.5045895810492));
#6454=CARTESIAN_POINT('',(-25.353563367671,6.62929982513319,30.9944982303527));
#6455=CARTESIAN_POINT('',(-25.3554765497862,7.50253854651281,30.0716329461492));
#6456=CARTESIAN_POINT('',(-25.6629484626098,8.6253887447232,29.5628124347955));
#6457=CARTESIAN_POINT('',(-19.8912643646771,-7.81071928822402,34.1493347421201));
#6458=CARTESIAN_POINT('',(-21.1325574062961,-7.69507989161243,33.4153297591879));
#6459=CARTESIAN_POINT('',(-22.365415581077,-7.50281188106811,32.6890203052896));
#6460=CARTESIAN_POINT('',(-23.5913334306364,-7.18625273962685,31.9867262808146));
#6461=CARTESIAN_POINT('',(-19.8912643646771,-7.81071928822403,34.1493347421201));
#6462=CARTESIAN_POINT('',(-22.1295147910498,-11.7072931883525,37.3206037104797));
#6463=CARTESIAN_POINT('',(-19.4211852104808,-10.2744913962755,32.7531065941548));
#6464=CARTESIAN_POINT('',(-25.6264454200928,-8.64121181488945,29.5797074843943));
#6465=CARTESIAN_POINT('',(-23.5883535948389,-9.52199808803915,30.5236939409883));
#6466=CARTESIAN_POINT('',(-21.5121028149098,-10.0048754821321,31.597859486326));
#6467=CARTESIAN_POINT('',(-19.4211852104808,-10.2744913962755,32.7531065941548));
#6468=CARTESIAN_POINT('',(-19.4211852104808,-10.2744913962755,32.7531065941548));
#6469=CARTESIAN_POINT('',(-19.4754736058208,-8.84786656251768,33.1684412299816));
#6470=CARTESIAN_POINT('',(-19.8912643646771,-7.81071928822403,34.1493347421201));
#6471=CARTESIAN_POINT('',(-21.5281413487551,-10.0028073748133,31.5889980800155));
#6472=CARTESIAN_POINT('',(-21.4755370528613,-8.64081367227176,32.0514776874253));
#6473=CARTESIAN_POINT('',(-21.7841692886853,-7.63437544748279,33.030016739964));
#6474=CARTESIAN_POINT('',(-23.6267042281015,-9.51071900639727,30.5045895810576));
#6475=CARTESIAN_POINT('',(-23.4542324878426,-8.25112473916741,30.9980225269798));
#6476=CARTESIAN_POINT('',(-23.6228317531062,-7.28950523587795,31.9490368592184));
#6477=CARTESIAN_POINT('',(-25.6629484626098,-8.62538874472321,29.5628124347955));
#6478=CARTESIAN_POINT('',(-25.3554765497862,-7.50253854651282,30.0716329461492));
#6479=CARTESIAN_POINT('',(-25.353563367671,-6.6292998251332,30.9944982303527));
#6480=CARTESIAN_POINT('',(-26.4961866920755,30.1162666957058,-3.54324301901525));
#6481=CARTESIAN_POINT('',(-26.9495060673603,29.8636698841606,-3.49523775084356));
#6482=CARTESIAN_POINT('',(-27.4008080468948,29.6144716928279,-3.42898657242975));
#6483=CARTESIAN_POINT('',(-28.0678075991317,29.2554624957179,-3.24467813404085));
#6484=CARTESIAN_POINT('',(-28.291672872043,29.1364773725975,-3.16912003986791));
#6485=CARTESIAN_POINT('',(-28.7106269443167,28.9217810283787,-2.94455714800142));
#6486=CARTESIAN_POINT('',(-28.9640470251728,28.7956503460579,-2.77419551377871));
#6487=CARTESIAN_POINT('',(-28.9640470251728,28.8188544930701,-2.50750984660589));
#6488=CARTESIAN_POINT('',(-26.4961866920755,30.1162666957058,-3.54324301901524));
#6489=CARTESIAN_POINT('',(-28.9640470251729,28.8188544930701,-2.50750984660589));
#6490=CARTESIAN_POINT('',(-28.9640470251729,-2.22604105295894E-15,-3.56847215805354E-16));
#6491=CARTESIAN_POINT('',(-28.9640470251728,28.8188544930702,2.50750984660578));
#6492=CARTESIAN_POINT('',(-28.9640470251728,28.8188544930702,2.50750984660578));
#6493=CARTESIAN_POINT('',(-28.9640470251728,28.8153536904183,2.54774463267055));
#6494=CARTESIAN_POINT('',(-28.9569568128879,28.8157097752744,2.58889311930864));
#6495=CARTESIAN_POINT('',(-28.9442256839632,28.8194656219476,2.6270363441455));
#6496=CARTESIAN_POINT('',(-28.9259081555402,28.824869528278,2.68191675649743));
#6497=CARTESIAN_POINT('',(-28.8958029664788,28.837197154627,2.73261212103381));
#6498=CARTESIAN_POINT('',(-28.861262730064,28.8525830271566,2.77673513890417));
#6499=CARTESIAN_POINT('',(-28.82677118417,28.8679472106005,2.82079595764265));
#6500=CARTESIAN_POINT('',(-28.7871090939797,28.8866433304027,2.85983217926688));
#6501=CARTESIAN_POINT('',(-28.7455142244882,28.9067799137338,2.89492442146784));
#6502=CARTESIAN_POINT('',(-28.6389417904287,28.9583729281,2.98483612725461));
#6503=CARTESIAN_POINT('',(-28.5182641232804,29.0199209615142,3.05223041036557));
#6504=CARTESIAN_POINT('',(-28.3963944137989,29.0831686240521,3.10924922098626));
#6505=CARTESIAN_POINT('',(-28.286522481882,29.1401897074847,3.1606546678782));
#6506=CARTESIAN_POINT('',(-28.1738065115902,29.1996465091975,3.20350564658725));
#6507=CARTESIAN_POINT('',(-28.0602574253852,29.2601141205383,3.24113593159642));
#6508=CARTESIAN_POINT('',(-27.5495735717013,29.5320655189569,3.41037709069317));
#6509=CARTESIAN_POINT('',(-27.0205402980768,29.8240884738618,3.48771542225835));
#6510=CARTESIAN_POINT('',(-26.4961866920758,30.1162666957057,3.54324301901519));
#6511=CARTESIAN_POINT('',(-26.4961866920758,30.1162666957057,3.54324301901519));
#6512=CARTESIAN_POINT('',(-26.4961866920758,30.1162666957057,3.5432430190152));
#6513=CARTESIAN_POINT('',(-24.1346708560028,31.4321411169808,3.79332101519871));
#6514=CARTESIAN_POINT('',(-21.7779690734699,32.7722536311635,3.81662947373116));
#6515=CARTESIAN_POINT('',(-19.4211852104808,34.1135820501322,3.82029903660791));
#6516=CARTESIAN_POINT('',(-19.4211852104808,34.1135820501322,3.82029903660789));
#6517=CARTESIAN_POINT('',(-19.4211852104808,-2.22604105295894E-15,-3.56847215805354E-16));
#6518=CARTESIAN_POINT('',(-19.4211852104808,-2.22604105295894E-15,-3.56847215805354E-16));
#6519=CARTESIAN_POINT('',(-19.4211852104808,34.1135820501322,-3.82029903660793));
#6520=CARTESIAN_POINT('',(-19.4211852104808,34.1135820501322,-3.82029903660793));
#6521=CARTESIAN_POINT('',(-21.7779690734698,32.7722536311635,-3.81662947373118));
#6522=CARTESIAN_POINT('',(-24.1346708560027,31.4321411169809,-3.79332101519872));
#6523=CARTESIAN_POINT('',(-26.4961866920755,30.1162666957058,-3.54324301901524));
#6524=CARTESIAN_POINT('',(-19.4211852104808,-2.22604105295894E-15,-3.56847215805354E-16));
#6525=CARTESIAN_POINT('',(-26.4961866920755,11.9895948816038,-27.8530735351361));
#6526=CARTESIAN_POINT('',(-26.9495060673603,11.9048702575834,-27.6103156453371));
#6527=CARTESIAN_POINT('',(-27.4008080468948,11.8376463654541,-27.361378091859));
#6528=CARTESIAN_POINT('',(-28.0678075991316,11.8177575566757,-26.958312787775));
#6529=CARTESIAN_POINT('',(-28.2916728720429,11.8237002241308,-26.8174896013939));
#6530=CARTESIAN_POINT('',(-28.7106269443167,11.9108292211251,-26.5192756672675));
#6531=CARTESIAN_POINT('',(-28.9640470251728,11.9953013830317,-26.3248624750696));
#6532=CARTESIAN_POINT('',(-28.9640470251728,12.2378600191347,-26.211615022269));
#6533=CARTESIAN_POINT('',(-26.4961866920755,11.9895948816038,-27.8530735351361));
#6534=CARTESIAN_POINT('',(-28.9640470251729,12.2378600191347,-26.211615022269));
#6535=CARTESIAN_POINT('',(-28.9640470251729,-2.22604105295894E-15,-3.56847215805354E-16));
#6536=CARTESIAN_POINT('',(-28.9640470251728,16.5809944739353,-23.7041051756632));
#6537=CARTESIAN_POINT('',(-28.9640470251728,16.5809944739353,-23.7041051756632));
#6538=CARTESIAN_POINT('',(-28.9640470251729,16.6140884194573,-23.6809559986006));
#6539=CARTESIAN_POINT('',(-28.9569568128879,16.6499020966412,-23.6606901338129));
#6540=CARTESIAN_POINT('',(-28.9442256839632,16.6848130216689,-23.6448711800261));
#6541=CARTESIAN_POINT('',(-28.9259081555402,16.735042806101,-23.6221108940119));
#6542=CARTESIAN_POINT('',(-28.8958029664788,16.7851100928181,-23.6074392493304));
#6543=CARTESIAN_POINT('',(-28.861262730064,16.8310146834502,-23.5987022968652));
#6544=CARTESIAN_POINT('',(-28.82677118417,16.8768545635112,-23.5899776606668));
#6545=CARTESIAN_POINT('',(-28.7871090939796,16.9200089830067,-23.5866508645556));
#6546=CARTESIAN_POINT('',(-28.7455142244882,16.960468047894,-23.5865435361653));
#6547=CARTESIAN_POINT('',(-28.6389417904287,17.0641303763861,-23.5862685443709));
#6548=CARTESIAN_POINT('',(-28.5182641232804,17.1532695543371,-23.605873563305));
#6549=CARTESIAN_POINT('',(-28.3963944137989,17.2342731240972,-23.6321382404825));
#6550=CARTESIAN_POINT('',(-28.2865224818821,17.3073020887148,-23.6558172238405));
#6551=CARTESIAN_POINT('',(-28.1738065115902,17.3741405257102,-23.685882835197));
#6552=CARTESIAN_POINT('',(-28.0602574253852,17.4369631141502,-23.7194341802197));
#6553=CARTESIAN_POINT('',(-27.5495735717013,17.7195059565032,-23.8703304202965));
#6554=CARTESIAN_POINT('',(-27.0205402980768,17.9324943937774,-24.0845605519498));
#6555=CARTESIAN_POINT('',(-26.4961866920758,18.1266718141019,-24.3098305161208));
#6556=CARTESIAN_POINT('',(-26.4961866920758,18.1266718141019,-24.3098305161208));
#6557=CARTESIAN_POINT('',(-26.4961866920758,18.1266718141019,-24.3098305161208));
#6558=CARTESIAN_POINT('',(-24.1346708560028,19.0011829223618,-25.3243721950434));
#6559=CARTESIAN_POINT('',(-21.7779690734699,19.6914248966654,-26.4732894469888));
#6560=CARTESIAN_POINT('',(-19.4211852104808,20.3652670408217,-27.6330791511953));
#6561=CARTESIAN_POINT('',(-19.4211852104808,20.3652670408217,-27.6330791511953));
#6562=CARTESIAN_POINT('',(-19.4211852104808,-2.22604105295894E-15,-3.56847215805354E-16));
#6563=CARTESIAN_POINT('',(-19.4211852104808,-2.22604105295894E-15,-3.56847215805354E-16));
#6564=CARTESIAN_POINT('',(-19.4211852104808,13.7483150093104,-31.4533781878032));
#6565=CARTESIAN_POINT('',(-19.4211852104808,13.7483150093104,-31.4533781878032));
#6566=CARTESIAN_POINT('',(-21.7779690734698,13.0808287344981,-30.28991892072));
#6567=CARTESIAN_POINT('',(-24.1346708560027,12.430958194619,-29.1176932102422));
#6568=CARTESIAN_POINT('',(-26.4961866920755,11.9895948816038,-27.8530735351361));
#6569=CARTESIAN_POINT('',(-19.4211852104808,-2.22604105295894E-15,-3.56847215805354E-16));
#6570=CARTESIAN_POINT('',(-26.4961866920755,-18.126671814102,-24.3098305161209));
#6571=CARTESIAN_POINT('',(-26.9495060673603,-17.9587996265772,-24.1150778944935));
#6572=CARTESIAN_POINT('',(-27.4008080468948,-17.7768253273738,-23.9323915194292));
#6573=CARTESIAN_POINT('',(-28.0678075991316,-17.4377049390422,-23.7136346537342));
#6574=CARTESIAN_POINT('',(-28.2916728720429,-17.3127771484667,-23.648369561526));
#6575=CARTESIAN_POINT('',(-28.7106269443167,-17.0109518072536,-23.5747185192661));
#6576=CARTESIAN_POINT('',(-28.9640470251728,-16.8003489630261,-23.5506669612909));
#6577=CARTESIAN_POINT('',(-28.9640470251728,-16.5809944739354,-23.7041051756632));
#6578=CARTESIAN_POINT('',(-26.4961866920755,-18.126671814102,-24.3098305161209));
#6579=CARTESIAN_POINT('',(-28.9640470251729,-16.5809944739354,-23.7041051756631));
#6580=CARTESIAN_POINT('',(-28.9640470251729,-2.22604105295894E-15,-3.56847215805354E-16));
#6581=CARTESIAN_POINT('',(-28.9640470251728,-12.2378600191349,-26.211615022269));
#6582=CARTESIAN_POINT('',(-28.9640470251728,-12.2378600191349,-26.211615022269));
#6583=CARTESIAN_POINT('',(-28.9640470251728,-12.201265270961,-26.2287006312712));
#6584=CARTESIAN_POINT('',(-28.9569568128879,-12.1658076786331,-26.2495832531215));
#6585=CARTESIAN_POINT('',(-28.9442256839632,-12.1346526002788,-26.2719075241717));
#6586=CARTESIAN_POINT('',(-28.9259081555402,-12.089826722177,-26.3040276505094));
#6587=CARTESIAN_POINT('',(-28.8958029664788,-12.0520870618089,-26.3400513703643));
#6588=CARTESIAN_POINT('',(-28.861262730064,-12.0215683437064,-26.3754374357694));
#6589=CARTESIAN_POINT('',(-28.82677118417,-11.9910926470892,-26.4107736183095));
#6590=CARTESIAN_POINT('',(-28.7871090939796,-11.966634347396,-26.4464830438225));
#6591=CARTESIAN_POINT('',(-28.7455142244882,-11.9463118658398,-26.4814679576331));
#6592=CARTESIAN_POINT('',(-28.6389417904287,-11.8942425517139,-26.5711046716255));
#6593=CARTESIAN_POINT('',(-28.5182641232805,-11.8666514071771,-26.6581039736706));
#6594=CARTESIAN_POINT('',(-28.3963944137989,-11.848895499955,-26.7413874614688));
#6595=CARTESIAN_POINT('',(-28.286522481882,-11.83288761877,-26.8164718917187));
#6596=CARTESIAN_POINT('',(-28.1738065115902,-11.8255059834873,-26.8893884817842));
#6597=CARTESIAN_POINT('',(-28.0602574253852,-11.8231510063881,-26.9605701118161));
#6598=CARTESIAN_POINT('',(-27.5495735717013,-11.8125595624537,-27.2807075109897));
#6599=CARTESIAN_POINT('',(-27.0205402980768,-11.8915940800844,-27.5722759742082));
#6600=CARTESIAN_POINT('',(-26.4961866920757,-11.9895948816038,-27.853073535136));
#6601=CARTESIAN_POINT('',(-26.4961866920757,-11.9895948816038,-27.853073535136));
#6602=CARTESIAN_POINT('',(-26.4961866920757,-11.9895948816038,-27.853073535136));
#6603=CARTESIAN_POINT('',(-24.1346708560028,-12.430958194619,-29.1176932102422));
#6604=CARTESIAN_POINT('',(-21.7779690734699,-13.0808287344981,-30.28991892072));
#6605=CARTESIAN_POINT('',(-19.4211852104808,-13.7483150093104,-31.4533781878032));
#6606=CARTESIAN_POINT('',(-19.4211852104808,-13.7483150093104,-31.4533781878032));
#6607=CARTESIAN_POINT('',(-19.4211852104808,-2.22604105295894E-15,-3.56847215805354E-16));
#6608=CARTESIAN_POINT('',(-19.4211852104808,-2.22604105295894E-15,-3.56847215805354E-16));
#6609=CARTESIAN_POINT('',(-19.4211852104808,-20.3652670408217,-27.6330791511953));
#6610=CARTESIAN_POINT('',(-19.4211852104808,-20.3652670408217,-27.6330791511953));
#6611=CARTESIAN_POINT('',(-21.7779690734698,-19.6914248966654,-26.4732894469889));
#6612=CARTESIAN_POINT('',(-24.1346708560027,-19.0011829223619,-25.3243721950435));
#6613=CARTESIAN_POINT('',(-26.4961866920755,-18.126671814102,-24.3098305161209));
#6614=CARTESIAN_POINT('',(-19.4211852104808,-2.22604105295894E-15,-3.56847215805354E-16));
#6615=CARTESIAN_POINT('',(-26.4961866920755,-30.1162666957058,3.54324301901524));
#6616=CARTESIAN_POINT('',(-26.9495060673603,-29.8636698841605,3.49523775084355));
#6617=CARTESIAN_POINT('',(-27.4008080468948,-29.6144716928279,3.42898657242974));
#6618=CARTESIAN_POINT('',(-28.0678075991316,-29.2554624957179,3.24467813404084));
#6619=CARTESIAN_POINT('',(-28.2916728720429,-29.1364773725975,3.1691200398679));
#6620=CARTESIAN_POINT('',(-28.7106269443167,-28.9217810283788,2.94455714800141));
#6621=CARTESIAN_POINT('',(-28.9640470251728,-28.7956503460579,2.77419551377871));
#6622=CARTESIAN_POINT('',(-28.9640470251728,-28.8188544930702,2.50750984660589));
#6623=CARTESIAN_POINT('',(-26.4961866920755,-30.1162666957058,3.54324301901522));
#6624=CARTESIAN_POINT('',(-28.9640470251729,-28.8188544930701,2.50750984660589));
#6625=CARTESIAN_POINT('',(-28.9640470251729,-2.22604105295894E-15,-3.56847215805354E-16));
#6626=CARTESIAN_POINT('',(-28.9640470251728,-28.8188544930702,-2.50750984660578));
#6627=CARTESIAN_POINT('',(-28.9640470251728,-28.8188544930702,-2.50750984660578));
#6628=CARTESIAN_POINT('',(-28.9640470251728,-28.8153536904183,-2.54774463267057));
#6629=CARTESIAN_POINT('',(-28.9569568128879,-28.8157097752744,-2.58889311930868));
#6630=CARTESIAN_POINT('',(-28.9442256839632,-28.8194656219476,-2.62703634414556));
#6631=CARTESIAN_POINT('',(-28.9259081555402,-28.824869528278,-2.68191675649748));
#6632=CARTESIAN_POINT('',(-28.8958029664788,-28.8371971546271,-2.73261212103383));
#6633=CARTESIAN_POINT('',(-28.861262730064,-28.8525830271567,-2.77673513890419));
#6634=CARTESIAN_POINT('',(-28.82677118417,-28.8679472106005,-2.82079595764267));
#6635=CARTESIAN_POINT('',(-28.7871090939796,-28.8866433304027,-2.85983217926688));
#6636=CARTESIAN_POINT('',(-28.7455142244881,-28.9067799137338,-2.89492442146785));
#6637=CARTESIAN_POINT('',(-28.6389417904287,-28.9583729281,-2.98483612725463));
#6638=CARTESIAN_POINT('',(-28.5182641232804,-29.0199209615142,-3.05223041036561));
#6639=CARTESIAN_POINT('',(-28.3963944137988,-29.0831686240521,-3.1092492209863));
#6640=CARTESIAN_POINT('',(-28.286522481882,-29.1401897074848,-3.16065466787825));
#6641=CARTESIAN_POINT('',(-28.1738065115901,-29.1996465091975,-3.20350564658729));
#6642=CARTESIAN_POINT('',(-28.0602574253851,-29.2601141205384,-3.24113593159646));
#6643=CARTESIAN_POINT('',(-27.5495735717013,-29.5320655189569,-3.41037709069318));
#6644=CARTESIAN_POINT('',(-27.0205402980768,-29.8240884738617,-3.48771542225836));
#6645=CARTESIAN_POINT('',(-26.4961866920758,-30.1162666957056,-3.5432430190152));
#6646=CARTESIAN_POINT('',(-26.4961866920758,-30.1162666957056,-3.5432430190152));
#6647=CARTESIAN_POINT('',(-26.4961866920758,-30.1162666957056,-3.5432430190152));
#6648=CARTESIAN_POINT('',(-24.1346708560029,-31.4321411169808,-3.79332101519871));
#6649=CARTESIAN_POINT('',(-21.7779690734699,-32.7722536311635,-3.81662947373117));
#6650=CARTESIAN_POINT('',(-19.4211852104808,-34.1135820501322,-3.82029903660792));
#6651=CARTESIAN_POINT('',(-19.4211852104808,-34.1135820501322,-3.82029903660791));
#6652=CARTESIAN_POINT('',(-19.4211852104808,-2.22604105295894E-15,-3.56847215805354E-16));
#6653=CARTESIAN_POINT('',(-19.4211852104808,-2.22604105295894E-15,-3.56847215805354E-16));
#6654=CARTESIAN_POINT('',(-19.4211852104808,-34.1135820501322,3.82029903660792));
#6655=CARTESIAN_POINT('',(-19.4211852104808,-34.1135820501322,3.82029903660792));
#6656=CARTESIAN_POINT('',(-21.7779690734698,-32.7722536311635,3.81662947373117));
#6657=CARTESIAN_POINT('',(-24.1346708560027,-31.4321411169809,3.79332101519871));
#6658=CARTESIAN_POINT('',(-26.4961866920755,-30.1162666957058,3.54324301901523));
#6659=CARTESIAN_POINT('',(-19.4211852104808,-2.22604105295894E-15,-3.56847215805354E-16));
#6660=CARTESIAN_POINT('',(-26.4961866920755,18.126671814102,24.3098305161209));
#6661=CARTESIAN_POINT('',(-26.9495060673603,17.9587996265772,24.1150778944936));
#6662=CARTESIAN_POINT('',(-27.4008080468948,17.7768253273738,23.9323915194292));
#6663=CARTESIAN_POINT('',(-28.0678075991316,17.4377049390422,23.7136346537342));
#6664=CARTESIAN_POINT('',(-28.291672872043,17.3127771484667,23.6483695615259));
#6665=CARTESIAN_POINT('',(-28.7106269443167,17.0109518072537,23.5747185192661));
#6666=CARTESIAN_POINT('',(-28.9640470251728,16.8003489630261,23.550666961291));
#6667=CARTESIAN_POINT('',(-28.9640470251728,16.5809944739354,23.7041051756632));
#6668=CARTESIAN_POINT('',(-26.4961866920755,18.126671814102,24.3098305161209));
#6669=CARTESIAN_POINT('',(-28.9640470251729,16.5809944739354,23.7041051756631));
#6670=CARTESIAN_POINT('',(-28.9640470251729,-2.22604105295894E-15,-3.56847215805354E-16));
#6671=CARTESIAN_POINT('',(-28.9640470251728,12.2378600191349,26.211615022269));
#6672=CARTESIAN_POINT('',(-28.9640470251728,12.2378600191349,26.211615022269));
#6673=CARTESIAN_POINT('',(-28.9640470251728,12.201265270961,26.2287006312712));
#6674=CARTESIAN_POINT('',(-28.9569568128879,12.1658076786332,26.2495832531215));
#6675=CARTESIAN_POINT('',(-28.9442256839632,12.1346526002788,26.2719075241717));
#6676=CARTESIAN_POINT('',(-28.9259081555402,12.0898267221771,26.3040276505094));
#6677=CARTESIAN_POINT('',(-28.8958029664788,12.052087061809,26.3400513703642));
#6678=CARTESIAN_POINT('',(-28.861262730064,12.0215683437064,26.3754374357694));
#6679=CARTESIAN_POINT('',(-28.8267711841701,11.9910926470893,26.4107736183095));
#6680=CARTESIAN_POINT('',(-28.7871090939797,11.966634347396,26.4464830438225));
#6681=CARTESIAN_POINT('',(-28.7455142244882,11.9463118658398,26.4814679576331));
#6682=CARTESIAN_POINT('',(-28.6389417904288,11.894242551714,26.5711046716255));
#6683=CARTESIAN_POINT('',(-28.5182641232805,11.8666514071771,26.6581039736706));
#6684=CARTESIAN_POINT('',(-28.3963944137989,11.848895499955,26.7413874614688));
#6685=CARTESIAN_POINT('',(-28.2865224818821,11.83288761877,26.8164718917187));
#6686=CARTESIAN_POINT('',(-28.1738065115903,11.8255059834873,26.8893884817842));
#6687=CARTESIAN_POINT('',(-28.0602574253853,11.8231510063881,26.9605701118161));
#6688=CARTESIAN_POINT('',(-27.5495735717013,11.8125595624537,27.2807075109897));
#6689=CARTESIAN_POINT('',(-27.0205402980768,11.8915940800844,27.5722759742081));
#6690=CARTESIAN_POINT('',(-26.4961866920757,11.9895948816038,27.853073535136));
#6691=CARTESIAN_POINT('',(-26.4961866920757,11.9895948816038,27.853073535136));
#6692=CARTESIAN_POINT('',(-26.4961866920757,11.9895948816038,27.853073535136));
#6693=CARTESIAN_POINT('',(-24.1346708560028,12.430958194619,29.1176932102422));
#6694=CARTESIAN_POINT('',(-21.7779690734699,13.0808287344981,30.28991892072));
#6695=CARTESIAN_POINT('',(-19.4211852104808,13.7483150093104,31.4533781878032));
#6696=CARTESIAN_POINT('',(-19.4211852104808,13.7483150093104,31.4533781878032));
#6697=CARTESIAN_POINT('',(-19.4211852104808,-2.22604105295894E-15,-3.56847215805354E-16));
#6698=CARTESIAN_POINT('',(-19.4211852104808,-2.22604105295894E-15,-3.56847215805354E-16));
#6699=CARTESIAN_POINT('',(-19.4211852104808,20.3652670408217,27.6330791511953));
#6700=CARTESIAN_POINT('',(-19.4211852104808,20.3652670408217,27.6330791511953));
#6701=CARTESIAN_POINT('',(-21.7779690734698,19.6914248966654,26.4732894469888));
#6702=CARTESIAN_POINT('',(-24.1346708560027,19.0011829223619,25.3243721950435));
#6703=CARTESIAN_POINT('',(-26.4961866920755,18.126671814102,24.3098305161209));
#6704=CARTESIAN_POINT('',(-19.4211852104808,-2.22604105295894E-15,-3.56847215805354E-16));
#6705=CARTESIAN_POINT('',(-26.4961866920755,-11.9895948816038,27.8530735351361));
#6706=CARTESIAN_POINT('',(-26.9495060673603,-11.9048702575834,27.6103156453371));
#6707=CARTESIAN_POINT('',(-27.4008080468948,-11.8376463654541,27.361378091859));
#6708=CARTESIAN_POINT('',(-28.0678075991316,-11.8177575566757,26.9583127877751));
#6709=CARTESIAN_POINT('',(-28.2916728720429,-11.8237002241308,26.8174896013939));
#6710=CARTESIAN_POINT('',(-28.7106269443167,-11.9108292211251,26.5192756672676));
#6711=CARTESIAN_POINT('',(-28.9640470251728,-11.9953013830318,26.3248624750697));
#6712=CARTESIAN_POINT('',(-28.9640470251728,-12.2378600191347,26.2116150222691));
#6713=CARTESIAN_POINT('',(-26.4961866920755,-11.9895948816038,27.8530735351361));
#6714=CARTESIAN_POINT('',(-28.9640470251729,-12.2378600191347,26.211615022269));
#6715=CARTESIAN_POINT('',(-28.9640470251729,-2.22604105295894E-15,-3.56847215805354E-16));
#6716=CARTESIAN_POINT('',(-28.9640470251728,-16.5809944739353,23.7041051756632));
#6717=CARTESIAN_POINT('',(-28.9640470251728,-16.5809944739353,23.7041051756632));
#6718=CARTESIAN_POINT('',(-28.9640470251729,-16.6140884194573,23.6809559986006));
#6719=CARTESIAN_POINT('',(-28.9569568128879,-16.6499020966412,23.6606901338129));
#6720=CARTESIAN_POINT('',(-28.9442256839632,-16.6848130216689,23.6448711800261));
#6721=CARTESIAN_POINT('',(-28.9259081555402,-16.735042806101,23.622110894012));
#6722=CARTESIAN_POINT('',(-28.8958029664788,-16.7851100928181,23.6074392493304));
#6723=CARTESIAN_POINT('',(-28.861262730064,-16.8310146834502,23.5987022968652));
#6724=CARTESIAN_POINT('',(-28.82677118417,-16.8768545635113,23.5899776606668));
#6725=CARTESIAN_POINT('',(-28.7871090939796,-16.9200089830067,23.5866508645556));
#6726=CARTESIAN_POINT('',(-28.7455142244881,-16.9604680478941,23.5865435361653));
#6727=CARTESIAN_POINT('',(-28.6389417904287,-17.0641303763861,23.5862685443709));
#6728=CARTESIAN_POINT('',(-28.5182641232804,-17.1532695543371,23.605873563305));
#6729=CARTESIAN_POINT('',(-28.3963944137988,-17.2342731240972,23.6321382404825));
#6730=CARTESIAN_POINT('',(-28.286522481882,-17.3073020887148,23.6558172238405));
#6731=CARTESIAN_POINT('',(-28.1738065115901,-17.3741405257102,23.685882835197));
#6732=CARTESIAN_POINT('',(-28.0602574253851,-17.4369631141502,23.7194341802197));
#6733=CARTESIAN_POINT('',(-27.5495735717013,-17.7195059565032,23.8703304202966));
#6734=CARTESIAN_POINT('',(-27.0205402980768,-17.9324943937774,24.0845605519498));
#6735=CARTESIAN_POINT('',(-26.4961866920758,-18.1266718141019,24.3098305161208));
#6736=CARTESIAN_POINT('',(-26.4961866920758,-18.1266718141019,24.3098305161208));
#6737=CARTESIAN_POINT('',(-26.4961866920758,-18.1266718141019,24.3098305161208));
#6738=CARTESIAN_POINT('',(-24.1346708560029,-19.0011829223619,25.3243721950434));
#6739=CARTESIAN_POINT('',(-21.7779690734699,-19.6914248966654,26.4732894469888));
#6740=CARTESIAN_POINT('',(-19.4211852104808,-20.3652670408217,27.6330791511953));
#6741=CARTESIAN_POINT('',(-19.4211852104808,-20.3652670408217,27.6330791511953));
#6742=CARTESIAN_POINT('',(-19.4211852104808,-2.22604105295894E-15,-3.56847215805354E-16));
#6743=CARTESIAN_POINT('',(-19.4211852104808,-2.22604105295894E-15,-3.56847215805354E-16));
#6744=CARTESIAN_POINT('',(-19.4211852104808,-13.7483150093104,31.4533781878032));
#6745=CARTESIAN_POINT('',(-19.4211852104808,-13.7483150093104,31.4533781878032));
#6746=CARTESIAN_POINT('',(-21.7779690734698,-13.0808287344981,30.28991892072));
#6747=CARTESIAN_POINT('',(-24.1346708560027,-12.430958194619,29.1176932102422));
#6748=CARTESIAN_POINT('',(-26.4961866920755,-11.9895948816038,27.8530735351361));
#6749=CARTESIAN_POINT('',(-19.4211852104808,-2.22604105295894E-15,-3.56847215805354E-16));
#6750=CARTESIAN_POINT('',(-29.4564705852763,-29.6859342089472,2.58295389056942));
#6751=CARTESIAN_POINT('',(-28.7534521942197,-28.9774393590917,2.52130821299012));
#6752=CARTESIAN_POINT('',(-26.988610252179,-30.9806604721137,3.64494079068404));
#6753=CARTESIAN_POINT('',(-26.7180600986549,-30.6700915925497,2.73370559301304));
#6754=CARTESIAN_POINT('',(-28.7534521942197,-28.9774393590917,2.52130821299012));
#6755=CARTESIAN_POINT('',(-28.7537621050567,-28.9769721186212,2.52314393697628));
#6756=CARTESIAN_POINT('',(-28.7538108856833,-28.9767209083272,2.52511960753819));
#6757=CARTESIAN_POINT('',(-28.7535625829757,-28.9767399122891,2.52702282206956));
#6758=CARTESIAN_POINT('',(-28.7533347022847,-28.9767573532427,2.52876950396007));
#6759=CARTESIAN_POINT('',(-28.7528587500142,-28.976995945447,2.53049824925405));
#6760=CARTESIAN_POINT('',(-28.7522241190654,-28.9773887962825,2.53209388179407));
#6761=CARTESIAN_POINT('',(-28.7513930464159,-28.9779032489503,2.53418342149465));
#6762=CARTESIAN_POINT('',(-28.7502818537912,-28.9786827670665,2.53610678221971));
#6763=CARTESIAN_POINT('',(-28.7490591689413,-28.9795802631456,2.53784490246942));
#6764=CARTESIAN_POINT('',(-28.7470931200279,-28.981023416049,2.54063975956502));
#6765=CARTESIAN_POINT('',(-28.7448031684858,-28.9827938096666,2.54304379611637));
#6766=CARTESIAN_POINT('',(-28.7424321111776,-28.9846616916,2.54519980380224));
#6767=CARTESIAN_POINT('',(-28.738433210536,-28.9878119630999,2.54883601305327));
#6768=CARTESIAN_POINT('',(-28.7341251416935,-28.9913009677272,2.55184177926675));
#6769=CARTESIAN_POINT('',(-28.729758456844,-28.9948723865993,2.55454630607336));
#6770=CARTESIAN_POINT('',(-28.7252243249519,-28.9985807568541,2.55735454199364));
#6771=CARTESIAN_POINT('',(-28.7205857635035,-29.0024148893039,2.55983358979196));
#6772=CARTESIAN_POINT('',(-28.7159100491291,-29.0063006898725,2.56212155831768));
#6773=CARTESIAN_POINT('',(-28.7091395653228,-29.0119273701436,2.56543456091193));
#6774=CARTESIAN_POINT('',(-28.7022738091556,-29.0176774436272,2.5683495981191));
#6775=CARTESIAN_POINT('',(-28.6953747017755,-29.0234779334036,2.57103876225402));
#6776=CARTESIAN_POINT('',(-28.6852426099101,-29.031996585461,2.57498809316811));
#6777=CARTESIAN_POINT('',(-28.6750215501726,-29.0406390791196,2.57844960082428));
#6778=CARTESIAN_POINT('',(-28.6647695763065,-29.049331291482,2.58163808152957));
#6779=CARTESIAN_POINT('',(-28.6495513445775,-29.0622341825443,2.58637112502641));
#6780=CARTESIAN_POINT('',(-28.6342478988394,-29.0752621044909,2.59049871413429));
#6781=CARTESIAN_POINT('',(-28.6189140421931,-29.0883379167401,2.59429039579887));
#6782=CARTESIAN_POINT('',(-28.5959679976728,-29.1079049556741,2.59996438234309));
#6783=CARTESIAN_POINT('',(-28.5729363823015,-29.1275953825163,2.60487888857326));
#6784=CARTESIAN_POINT('',(-28.5498706502303,-29.1473273429564,2.60937397881503));
#6785=CARTESIAN_POINT('',(-28.5151460265765,-29.1770330942464,2.61614117425684));
#6786=CARTESIAN_POINT('',(-28.4803259573293,-29.2068500813814,2.62194651196936));
#6787=CARTESIAN_POINT('',(-28.4454578148141,-29.2366899352411,2.62722115327659));
#6788=CARTESIAN_POINT('',(-28.3927277395412,-29.2818158761905,2.63519783953243));
#6789=CARTESIAN_POINT('',(-28.3398686445877,-29.3270124956029,2.64194474643982));
#6790=CARTESIAN_POINT('',(-28.2869224464772,-29.3721825236864,2.6480116712838));
#6791=CARTESIAN_POINT('',(-28.2065827247466,-29.440722808283,2.65721752687158));
#6792=CARTESIAN_POINT('',(-28.1260219224051,-29.5092220188272,2.66483579486059));
#6793=CARTESIAN_POINT('',(-28.0452744263386,-29.5775699289084,2.67157332734504));
#6794=CARTESIAN_POINT('',(-27.9224560450208,-29.6815283188468,2.68182123439016));
#6795=CARTESIAN_POINT('',(-27.79918258048,-29.7851596304781,2.69000243617802));
#6796=CARTESIAN_POINT('',(-27.6754784607613,-29.888331912333,2.6970375089141));
#6797=CARTESIAN_POINT('',(-27.4870946880374,-30.0454486174238,2.70775092368495));
#6798=CARTESIAN_POINT('',(-27.2976826757001,-30.2015294972012,2.71576848434443));
#6799=CARTESIAN_POINT('',(-27.1072574919326,-30.3563981052883,2.72231414829923));
#6800=CARTESIAN_POINT('',(-26.9779982964288,-30.4615217622233,2.72675729620696));
#6801=CARTESIAN_POINT('',(-26.8482650551332,-30.5660964014316,2.73049094438373));
#6802=CARTESIAN_POINT('',(-26.7180600986549,-30.6700915925497,2.73370559301304));
#6803=CARTESIAN_POINT('',(-28.9640470251728,-28.8188544930702,2.50750984660589));
#6804=CARTESIAN_POINT('',(-28.8481512052227,-28.8841783879101,2.51319363634735));
#6805=CARTESIAN_POINT('',(-28.7534521942196,-28.9774393590917,2.52130821299011));
#6806=CARTESIAN_POINT('',(-28.9640468897625,-28.8072871299345,2.64045463712108));
#6807=CARTESIAN_POINT('',(-28.8510364270838,-28.8756331063516,2.5925728438088));
#6808=CARTESIAN_POINT('',(-28.7580877321402,-28.9704504860162,2.54876694547801));
#6809=CARTESIAN_POINT('',(-28.8899655644478,-28.8384386157229,2.75535977510454));
#6810=CARTESIAN_POINT('',(-28.7814547252988,-28.9090957962742,2.66019184641825));
#6811=CARTESIAN_POINT('',(-28.7023544917744,-29.0172760819802,2.57234648445388));
#6812=CARTESIAN_POINT('',(-28.7147317338174,-28.9208286426726,2.9304092032319));
#6813=CARTESIAN_POINT('',(-28.6156742287037,-28.9943963267054,2.75924917233556));
#6814=CARTESIAN_POINT('',(-28.56631495782,-29.1331178763069,2.60834813638613));
#6815=CARTESIAN_POINT('',(-28.6118251408416,-28.9724600683168,2.99701667115874));
#6816=CARTESIAN_POINT('',(-28.5173493230905,-29.0470613713115,2.79488137071058));
#6817=CARTESIAN_POINT('',(-28.4848154862077,-29.2030394424453,2.62203238474779));
#6818=CARTESIAN_POINT('',(-28.298132651038,-29.1330764812669,3.16661330816764));
#6819=CARTESIAN_POINT('',(-28.2156709750426,-29.2107694981587,2.88195218339042));
#6820=CARTESIAN_POINT('',(-28.2337598183888,-29.4177661925016,2.6568524670311));
#6821=CARTESIAN_POINT('',(-28.0735374474953,-29.2524052797554,3.24284029271998));
#6822=CARTESIAN_POINT('',(-27.999472007788,-29.3309917972095,2.91375819268625));
#6823=CARTESIAN_POINT('',(-28.0505722760061,-29.5736447442654,2.67246627588678));
#6824=CARTESIAN_POINT('',(-27.404543338726,-29.6124084011458,3.42845493882372));
#6825=CARTESIAN_POINT('',(-27.3468825513746,-29.6969550686884,2.97999530156905));
#6826=CARTESIAN_POINT('',(-27.4973842436473,-30.0386652429388,2.71043310366682));
#6827=CARTESIAN_POINT('',(-26.9512642948274,-29.8626901711015,3.49505156428689));
#6828=CARTESIAN_POINT('',(-26.9080004911675,-29.9475739830619,2.98014165959224));
#6829=CARTESIAN_POINT('',(-27.1125030782526,-30.3550484923038,2.7239671346528));
#6830=CARTESIAN_POINT('',(-26.4961866920757,-30.1162666957057,3.54324301901522));
#6831=CARTESIAN_POINT('',(-26.478037839815,-30.19439024159,2.96709878842138));
#6832=CARTESIAN_POINT('',(-26.7180600986551,-30.6700915925496,2.73370559301304));
#6833=CARTESIAN_POINT('',(-29.4564705852763,-29.6859342089472,-2.58295389056932));
#6834=CARTESIAN_POINT('',(-28.7534521942196,-28.9774393590917,-2.5213082129901));
#6835=CARTESIAN_POINT('',(-28.7534521942197,1.53837014910685E-15,0.));
#6836=CARTESIAN_POINT('',(-29.4564705852763,1.53837014910685E-15,0.));
#6837=CARTESIAN_POINT('',(-26.9886102521793,-30.9806604721135,-3.64494079068402));
#6838=CARTESIAN_POINT('',(-26.7180600986552,-30.6700915925496,-2.73370559301305));
#6839=CARTESIAN_POINT('',(-26.7180600986552,-30.6700915925496,-2.73370559301305));
#6840=CARTESIAN_POINT('',(-27.0918265344687,-30.3715629268418,-2.72447762049134));
#6841=CARTESIAN_POINT('',(-27.4617620958887,-30.0681082802823,-2.71186078230671));
#6842=CARTESIAN_POINT('',(-27.8277627256056,-29.7609177727097,-2.6877071206598));
#6843=CARTESIAN_POINT('',(-28.0625677561175,-29.5638419464759,-2.67221151546271));
#6844=CARTESIAN_POINT('',(-28.2962824281652,-29.3643431479149,-2.655919920698));
#6845=CARTESIAN_POINT('',(-28.5272616601905,-29.1666726331283,-2.6136427474615));
#6846=CARTESIAN_POINT('',(-28.5852551016786,-29.1170422255255,-2.60302794564199));
#6847=CARTESIAN_POINT('',(-28.6436512527906,-29.0668753857351,-2.59214159323687));
#6848=CARTESIAN_POINT('',(-28.7000085403453,-29.0195857372688,-2.5691930438379));
#6849=CARTESIAN_POINT('',(-28.7142836274519,-29.0076074487388,-2.5633802633466));
#6850=CARTESIAN_POINT('',(-28.728888135378,-28.9953798054367,-2.55705220775687));
#6851=CARTESIAN_POINT('',(-28.741514320534,-28.9853864416334,-2.54601780458535));
#6852=CARTESIAN_POINT('',(-28.7444069062066,-28.9830970200384,-2.54348988691861));
#6853=CARTESIAN_POINT('',(-28.7472155727094,-28.980916865853,-2.54062416200221));
#6854=CARTESIAN_POINT('',(-28.7495186389569,-28.9792447886536,-2.537174681673));
#6855=CARTESIAN_POINT('',(-28.7507400096019,-28.9783580464638,-2.53534534045481));
#6856=CARTESIAN_POINT('',(-28.7518313854043,-28.9776082392889,-2.53330606169632));
#6857=CARTESIAN_POINT('',(-28.7525921400598,-28.9771678502008,-2.53110336855805));
#6858=CARTESIAN_POINT('',(-28.7531257298263,-28.9768589633489,-2.52955840986662));
#6859=CARTESIAN_POINT('',(-28.7534998501986,-28.9767029070618,-2.52790058531757));
#6860=CARTESIAN_POINT('',(-28.7536482349266,-28.9767462029704,-2.52624434441686));
#6861=CARTESIAN_POINT('',(-28.7537965631948,-28.9767894824052,-2.5245887337082));
#6862=CARTESIAN_POINT('',(-28.7537206693924,-28.9770345895546,-2.5228984972121));
#6863=CARTESIAN_POINT('',(-28.7534521942196,-28.9774393590917,-2.5213082129901));
#6864=CARTESIAN_POINT('',(-26.4961866920758,-30.1162666957056,-3.5432430190152));
#6865=CARTESIAN_POINT('',(-26.4780378398151,-30.1943902415899,-2.96709878842138));
#6866=CARTESIAN_POINT('',(-26.7180600986552,-30.6700915925495,-2.73370559301303));
#6867=CARTESIAN_POINT('',(-26.9517925082176,-29.8623958421407,-3.49499562799556));
#6868=CARTESIAN_POINT('',(-26.9084812095328,-29.9472980309308,-2.98015624216388));
#6869=CARTESIAN_POINT('',(-27.1129550486577,-30.3546875018349,-2.72395597589044));
#6870=CARTESIAN_POINT('',(-27.4058391762773,-29.6116804573452,-3.42838587835631));
#6871=CARTESIAN_POINT('',(-27.3480601958243,-29.6962733501813,-2.98008837746411));
#6872=CARTESIAN_POINT('',(-27.4984997286099,-30.0377574193327,-2.71041943036904));
#6873=CARTESIAN_POINT('',(-28.0772509734284,-29.2504223944455,-3.24166330678012));
#6874=CARTESIAN_POINT('',(-28.0030249753985,-29.3290097017882,-2.91329421454761));
#6875=CARTESIAN_POINT('',(-28.053620776466,-29.5710670328316,-2.67222529891194));
#6876=CARTESIAN_POINT('',(-28.3018522589906,-29.1311177897966,-3.1651749084627));
#6877=CARTESIAN_POINT('',(-28.2192448274088,-29.2087943439129,-2.88130219028002));
#6878=CARTESIAN_POINT('',(-28.2367766862066,-29.415192433412,-2.65655760456759));
#6879=CARTESIAN_POINT('',(-28.6153464686371,-28.9706848763279,-2.99481916251449));
#6880=CARTESIAN_POINT('',(-28.5207105759823,-29.0452554040856,-2.79371883522002));
#6881=CARTESIAN_POINT('',(-28.4876131832605,-29.2006432225373,-2.62158097720861));
#6882=CARTESIAN_POINT('',(-28.7173658828597,-28.9195351145363,-2.92839398911882));
#6883=CARTESIAN_POINT('',(-28.6181846728348,-28.9930697700359,-2.75813943581116));
#6884=CARTESIAN_POINT('',(-28.5683863154702,-29.1313442510168,-2.60793392074153));
#6885=CARTESIAN_POINT('',(-28.8914886836322,-28.8377788380883,-2.75320725893738));
#6886=CARTESIAN_POINT('',(-28.7828868986235,-28.9083942417639,-2.65893996908772));
#6887=CARTESIAN_POINT('',(-28.7035099162796,-29.016302239575,-2.57190353523017));
#6888=CARTESIAN_POINT('',(-28.9640468965082,-28.8073450864911,-2.63978849737403));
#6889=CARTESIAN_POINT('',(-28.8510211235676,-28.8756784455859,-2.59215164554622));
#6890=CARTESIAN_POINT('',(-28.7580538251001,-28.970501609129,-2.54856606863109));
#6891=CARTESIAN_POINT('',(-28.9640470251728,-28.8188544930702,-2.50750984660578));
#6892=CARTESIAN_POINT('',(-28.8481512052227,-28.8841783879101,-2.51319363634729));
#6893=CARTESIAN_POINT('',(-28.7534521942196,-28.9774393590917,-2.5213082129901));
#6894=CARTESIAN_POINT('',(-29.4564705852763,-17.0798707905106,-24.417296214737));
#6895=CARTESIAN_POINT('',(-28.7534521942197,-16.6722366427657,-23.8345445151014));
#6896=CARTESIAN_POINT('',(-26.988610252179,-18.6469415560793,-25.0075685995288));
#6897=CARTESIAN_POINT('',(-26.718060098655,-17.7025042862917,-25.1942256590371));
#6898=CARTESIAN_POINT('',(-28.7534521942197,-16.6722366427657,-23.8345445151014));
#6899=CARTESIAN_POINT('',(-28.7537621050567,-16.6735928061367,-23.8332220109912));
#6900=CARTESIAN_POINT('',(-28.7538108856833,-16.6751781818858,-23.832016621214));
#6901=CARTESIAN_POINT('',(-28.7535625829757,-16.6768359159998,-23.8310814718622));
#6902=CARTESIAN_POINT('',(-28.7533347022847,-16.6783573073661,-23.8302232352257));
#6903=CARTESIAN_POINT('',(-28.7528587500142,-16.6799737408095,-23.8295654894887));
#6904=CARTESIAN_POINT('',(-28.7522241190654,-16.681552024542,-23.8291078920222));
#6905=CARTESIAN_POINT('',(-28.7513930464159,-16.6836188453388,-23.8285086512513));
#6906=CARTESIAN_POINT('',(-28.7502818537912,-16.6856742836455,-23.8282220533801));
#6907=CARTESIAN_POINT('',(-28.7490591689413,-16.6876282879761,-23.8281302476595));
#6908=CARTESIAN_POINT('',(-28.747093120028,-16.6907702816725,-23.8279826261876));
#6909=CARTESIAN_POINT('',(-28.7448031684858,-16.6937374352064,-23.8283138137595));
#6910=CARTESIAN_POINT('',(-28.7424321111777,-16.6965385335998,-23.8288534431221));
#6911=CARTESIAN_POINT('',(-28.7384332105361,-16.7012627189346,-23.8297635536443));
#6912=CARTESIAN_POINT('',(-28.7341251416936,-16.705610291147,-23.8312822371787));
#6913=CARTESIAN_POINT('',(-28.7297584568442,-16.7097381895027,-23.8330229132462));
#6914=CARTESIAN_POINT('',(-28.7252243249522,-16.7140243782769,-23.8348303381334));
#6915=CARTESIAN_POINT('',(-28.7205857635038,-16.7180883628723,-23.8369112703372));
#6916=CARTESIAN_POINT('',(-28.7159100491293,-16.722012702023,-23.8391324880808));
#6917=CARTESIAN_POINT('',(-28.7091395653231,-16.7276951865679,-23.8423488348373));
#6918=CARTESIAN_POINT('',(-28.7022738091559,-16.733094719584,-23.8458710259441));
#6919=CARTESIAN_POINT('',(-28.6953747017758,-16.7383238489279,-23.8495498153774));
#6920=CARTESIAN_POINT('',(-28.6852426099105,-16.7460033958562,-23.854952519008));
#6921=CARTESIAN_POINT('',(-28.6750215501731,-16.7533223962511,-23.8607063842402));
#6922=CARTESIAN_POINT('',(-28.6647695763071,-16.7604298077225,-23.8666398206084));
#6923=CARTESIAN_POINT('',(-28.6495513445781,-16.7709801891591,-23.8754475303023));
#6924=CARTESIAN_POINT('',(-28.6342478988401,-16.7810687471562,-23.8846662471125));
#6925=CARTESIAN_POINT('',(-28.6189140421938,-16.7908903459253,-23.894094391863));
#6926=CARTESIAN_POINT('',(-28.5959679976737,-16.8055876818803,-23.9082029513846));
#6927=CARTESIAN_POINT('',(-28.5729363823025,-16.8196889825438,-23.9227981081262));
#6928=CARTESIAN_POINT('',(-28.5498706502313,-16.8334478251055,-23.9376389420128));
#6929=CARTESIAN_POINT('',(-28.5151460265775,-16.8541612639155,-23.9599812795476));
#6930=CARTESIAN_POINT('',(-28.4803259573303,-16.8740973274195,-23.9829008790145));
#6931=CARTESIAN_POINT('',(-28.4454578148151,-16.8935852277173,-24.0061056298486));
#6932=CARTESIAN_POINT('',(-28.3927277395424,-16.9230562111275,-24.0411974979524));
#6933=CARTESIAN_POINT('',(-28.339868644589,-16.9514975136124,-24.0769654650749));
#6934=CARTESIAN_POINT('',(-28.2869224464787,-16.9793366386919,-24.1130503944629));
#6935=CARTESIAN_POINT('',(-28.206582724748,-17.0215792857928,-24.1678050943123));
#6936=CARTESIAN_POINT('',(-28.1260219224065,-17.0624265046763,-24.2233180167882));
#6937=CARTESIAN_POINT('',(-28.04527442634,-17.1024353340072,-24.2791402769719));
#6938=CARTESIAN_POINT('',(-27.922456045022,-17.1632894768132,-24.3640469300726));
#6939=CARTESIAN_POINT('',(-27.7991825804811,-17.2221902612107,-24.449703677679));
#6940=CARTESIAN_POINT('',(-27.6754784607622,-17.2798689538451,-24.5355359583638));
#6941=CARTESIAN_POINT('',(-27.487094688038,-17.3677053957435,-24.6662463089461));
#6942=CARTESIAN_POINT('',(-27.2976826757004,-17.4526892468399,-24.7974075355488));
#6943=CARTESIAN_POINT('',(-27.1072574919326,-17.5357922621531,-24.9282548524239));
#6944=CARTESIAN_POINT('',(-26.9779982964288,-17.5922019695814,-25.0170730359144));
#6945=CARTESIAN_POINT('',(-26.8482650551332,-17.6477227233555,-25.105770505972));
#6946=CARTESIAN_POINT('',(-26.718060098655,-17.7025042862917,-25.1942256590371));
#6947=CARTESIAN_POINT('',(-28.9640470251728,-16.5809944739354,-23.7041051756631));
#6948=CARTESIAN_POINT('',(-28.8481512052227,-16.6185787276613,-23.757835433198));
#6949=CARTESIAN_POINT('',(-28.7534521942196,-16.6722366427656,-23.8345445151014));
#6950=CARTESIAN_POINT('',(-28.9640468897638,-16.6903443582548,-23.6276151500742));
#6951=CARTESIAN_POINT('',(-28.8510364270895,-16.683050497074,-23.7107453985518));
#6952=CARTESIAN_POINT('',(-28.7580877321413,-16.6925221661175,-23.8147626072293));
#6953=CARTESIAN_POINT('',(-28.8899655644472,-16.8054308696671,-23.5971405591429));
#6954=CARTESIAN_POINT('',(-28.7814547252981,-16.7583416160751,-23.7059154368029));
#6955=CARTESIAN_POINT('',(-28.7023544917738,-16.7363554438629,-23.8435249933953));
#6956=CARTESIAN_POINT('',(-28.7147317338181,-16.9982231348195,-23.5809677014342));
#6957=CARTESIAN_POINT('',(-28.6156742287044,-16.886778041967,-23.7302592001527));
#6958=CARTESIAN_POINT('',(-28.5663149578206,-16.8254546861775,-23.9258461041345));
#6959=CARTESIAN_POINT('',(-28.6118251408417,-17.0817226069478,-23.5923780937127));
#6960=CARTESIAN_POINT('',(-28.5173493230908,-16.9439689532549,-23.7580523674861));
#6961=CARTESIAN_POINT('',(-28.4848154862081,-16.8722663759595,-23.9795578325025));
#6962=CARTESIAN_POINT('',(-28.2981326510377,-17.3089058094676,-23.6466776690891));
#6963=CARTESIAN_POINT('',(-28.2156709750422,-17.1012285523876,-23.8562923578018));
#6964=CARTESIAN_POINT('',(-28.2337598183881,-17.0097848268075,-24.1481066117822));
#6965=CARTESIAN_POINT('',(-28.0735374474959,-17.4345847137895,-23.7119059477054));
#6966=CARTESIAN_POINT('',(-27.9994720077881,-17.1888845139571,-23.9445049182308));
#6967=CARTESIAN_POINT('',(-28.0505722760063,-17.1012460578078,-24.2752944930861));
#6968=CARTESIAN_POINT('',(-27.4045433387249,-17.7753332733233,-23.9308704732218));
#6969=CARTESIAN_POINT('',(-27.3468825513748,-17.4292291686591,-24.2283198537497));
#6970=CARTESIAN_POINT('',(-27.4973842436469,-17.3666365445033,-24.6590306443292));
#6971=CARTESIAN_POINT('',(-26.9512642948286,-17.9581485277684,-24.1143225313671));
#6972=CARTESIAN_POINT('',(-26.9080004911597,-17.5546653755994,-24.4452890212383));
#6973=CARTESIAN_POINT('',(-27.1125030782535,-17.5365489838349,-24.9262595601173));
#6974=CARTESIAN_POINT('',(-26.4961866920757,-18.1266718141019,-24.3098305161208));
#6975=CARTESIAN_POINT('',(-26.478037839815,-17.6667780471059,-24.6655596067872));
#6976=CARTESIAN_POINT('',(-26.7180600986551,-17.7025042862917,-25.194225659037));
#6977=CARTESIAN_POINT('',(-29.4564705852763,-12.6060634184367,-27.0002501053065));
#6978=CARTESIAN_POINT('',(-28.7534521942196,-12.3052027163261,-26.3558527280916));
#6979=CARTESIAN_POINT('',(-28.7534521942197,7.69185074553426E-16,1.33226762955019E-15));
#6980=CARTESIAN_POINT('',(-29.4564705852763,7.69185074553426E-16,1.33226762955019E-15));
#6981=CARTESIAN_POINT('',(-26.9886102521792,-12.3337189160343,-28.6525093902127));
#6982=CARTESIAN_POINT('',(-26.7180600986551,-12.9675873062579,-27.92793125205));
#6983=CARTESIAN_POINT('',(-26.7180600986551,-12.9675873062579,-27.92793125205));
#6984=CARTESIAN_POINT('',(-27.0918265344662,-12.8263146320342,-27.6647838575301));
#6985=CARTESIAN_POINT('',(-27.4617620958838,-12.6855138111387,-27.3956760056227));
#6986=CARTESIAN_POINT('',(-27.8277627255984,-12.5528362419338,-27.1175643914419));
#6987=CARTESIAN_POINT('',(-28.0625677561121,-12.4677179165638,-26.9391439168517));
#6988=CARTESIAN_POINT('',(-28.2962824281616,-12.3820774522169,-26.7582270918897));
#6989=CARTESIAN_POINT('',(-28.5272616601887,-12.319855300846,-26.5659008178857));
#6990=CARTESIAN_POINT('',(-28.5852551016772,-12.3042327850763,-26.5176122231914));
#6991=CARTESIAN_POINT('',(-28.6436512527897,-12.2885772229183,-26.4687232893024));
#6992=CARTESIAN_POINT('',(-28.7000085403449,-12.2848064254445,-26.4162949776947));
#6993=CARTESIAN_POINT('',(-28.7142836274516,-12.2838512967516,-26.4030150852881));
#6994=CARTESIAN_POINT('',(-28.7288881353779,-12.2832177319978,-26.3892616077651));
#6995=CARTESIAN_POINT('',(-28.7415143205339,-12.2877771235583,-26.3750898992563));
#6996=CARTESIAN_POINT('',(-28.7444069062065,-12.2888216536788,-26.3718432431617));
#6997=CARTESIAN_POINT('',(-28.7472155727094,-12.290213367164,-26.3685223117947));
#6998=CARTESIAN_POINT('',(-28.7495186389569,-12.2923646661593,-26.3653495102983));
#6999=CARTESIAN_POINT('',(-28.7507400096019,-12.2935055510315,-26.3636668984263));
#7000=CARTESIAN_POINT('',(-28.7518313854043,-12.2948967146543,-26.3619979069856));
#7001=CARTESIAN_POINT('',(-28.7525921400598,-12.2965841083248,-26.3605151722786));
#7002=CARTESIAN_POINT('',(-28.7531257298263,-12.2977676383734,-26.3594751890723));
#7003=CARTESIAN_POINT('',(-28.7534998501986,-12.2991253284043,-26.3585111280887));
#7004=CARTESIAN_POINT('',(-28.7536482349266,-12.3005813230534,-26.3577205029951));
#7005=CARTESIAN_POINT('',(-28.7537965631948,-12.3020367637033,-26.3569301787307));
#7006=CARTESIAN_POINT('',(-28.7537206693924,-12.3036231050221,-26.3562973295008));
#7007=CARTESIAN_POINT('',(-28.7534521942196,-12.3052027163261,-26.3558527280916));
#7008=CARTESIAN_POINT('',(-26.4961866920758,-11.9895948816038,-27.853073535136));
#7009=CARTESIAN_POINT('',(-26.478037839815,-12.527612194484,-27.6326583952086));
#7010=CARTESIAN_POINT('',(-26.7180600986552,-12.9675873062579,-27.92793125205));
#7011=CARTESIAN_POINT('',(-26.951792508218,-11.9044429211062,-27.6090912311602));
#7012=CARTESIAN_POINT('',(-26.9084812095232,-12.3927580025045,-27.4251989905513));
#7013=CARTESIAN_POINT('',(-27.1129550486597,-12.8183286770074,-27.6499084884729));
#7014=CARTESIAN_POINT('',(-27.4058391762767,-11.8367709640415,-27.3586604639862));
#7015=CARTESIAN_POINT('',(-27.3480601958244,-12.2673044346853,-27.2077713077159));
#7016=CARTESIAN_POINT('',(-27.498499728609,-12.6715866280565,-27.368670713042));
#7017=CARTESIAN_POINT('',(-28.0772509734287,-11.8178484230347,-26.9524405184053));
#7018=CARTESIAN_POINT('',(-28.0030249753985,-12.141518052397,-26.8563145768626));
#7019=CARTESIAN_POINT('',(-28.0536207764664,-12.4713185229223,-26.9454079169003));
#7020=CARTESIAN_POINT('',(-28.3018522589911,-11.8244370167478,-26.810875500832));
#7021=CARTESIAN_POINT('',(-28.2192448274088,-12.1091162791922,-26.7362090108829));
#7022=CARTESIAN_POINT('',(-28.2367766862068,-12.4069498445332,-26.8025827068262));
#7023=CARTESIAN_POINT('',(-28.6153464686368,-11.8917529636863,-26.5867586491908));
#7024=CARTESIAN_POINT('',(-28.5207105759823,-12.1031962197122,-26.5507884569558));
#7025=CARTESIAN_POINT('',(-28.4876131832604,-12.3299658869282,-26.5992893261676));
#7026=CARTESIAN_POINT('',(-28.7173658828601,-11.9237039704007,-26.5092490693841));
#7027=CARTESIAN_POINT('',(-28.6181846728352,-12.1079160664251,-26.487804672451));
#7028=CARTESIAN_POINT('',(-28.5683863154703,-12.3071350987547,-26.5324511281409));
#7029=CARTESIAN_POINT('',(-28.8914886836317,-12.0345419909216,-26.3508526919703));
#7030=CARTESIAN_POINT('',(-28.7828868986231,-12.1514875605148,-26.3648737805275));
#7031=CARTESIAN_POINT('',(-28.7035099162795,-12.2808173221955,-26.4148066309744));
#7032=CARTESIAN_POINT('',(-28.9640468965092,-12.1175486439008,-26.2677869091729));
#7033=CARTESIAN_POINT('',(-28.8510211235707,-12.1929700472891,-26.3031469081638));
#7034=CARTESIAN_POINT('',(-28.7580538251004,-12.2781278459066,-26.3634733881989));
#7035=CARTESIAN_POINT('',(-28.9640470251728,-12.2378600191349,-26.211615022269));
#7036=CARTESIAN_POINT('',(-28.8481512052227,-12.2655996602489,-26.2710290695452));
#7037=CARTESIAN_POINT('',(-28.7534521942196,-12.3052027163261,-26.3558527280915));
#7038=CARTESIAN_POINT('',(-29.4564705852763,12.6060634184366,-27.0002501053065));
#7039=CARTESIAN_POINT('',(-28.7534521942197,12.305202716326,-26.3558527280915));
#7040=CARTESIAN_POINT('',(-26.988610252179,12.3337189160343,-28.6525093902129));
#7041=CARTESIAN_POINT('',(-26.718060098655,12.967587306258,-27.9279312520501));
#7042=CARTESIAN_POINT('',(-28.7534521942197,12.305202716326,-26.3558527280915));
#7043=CARTESIAN_POINT('',(-28.7537621050567,12.3033793124845,-26.3563659479675));
#7044=CARTESIAN_POINT('',(-28.7538108856833,12.3015427264414,-26.3571362287521));
#7045=CARTESIAN_POINT('',(-28.7535625829757,12.2999039962894,-26.3581042939316));
#7046=CARTESIAN_POINT('',(-28.7533347022847,12.2984000458766,-26.3589927391857));
#7047=CARTESIAN_POINT('',(-28.7528587500142,12.2970222046375,-26.3600637387427));
#7048=CARTESIAN_POINT('',(-28.7522241190654,12.2958367717405,-26.3612017738162));
#7049=CARTESIAN_POINT('',(-28.7513930464159,12.2942844036115,-26.3626920727459));
#7050=CARTESIAN_POINT('',(-28.7502818537912,12.293008483421,-26.3643288355997));
#7051=CARTESIAN_POINT('',(-28.7490591689413,12.2919519751695,-26.3659751501289));
#7052=CARTESIAN_POINT('',(-28.747093120028,12.2902531343765,-26.3686223857525));
#7053=CARTESIAN_POINT('',(-28.744803168486,12.2890563744602,-26.3713576098756));
#7054=CARTESIAN_POINT('',(-28.7424321111779,12.2881231580002,-26.3740532469241));
#7055=CARTESIAN_POINT('',(-28.7384332105362,12.2865492441652,-26.3785995666974));
#7056=CARTESIAN_POINT('',(-28.7341251416937,12.2856906765801,-26.3831240164453));
#7057=CARTESIAN_POINT('',(-28.7297584568443,12.2851341970964,-26.3875692193194));
#7058=CARTESIAN_POINT('',(-28.7252243249522,12.2845563785771,-26.3921848801268));
#7059=CARTESIAN_POINT('',(-28.7205857635038,12.2843265264314,-26.3967448601289));
#7060=CARTESIAN_POINT('',(-28.7159100491294,12.2842879878494,-26.4012540463983));
#7061=CARTESIAN_POINT('',(-28.7091395653231,12.2842321835755,-26.4077833957491));
#7062=CARTESIAN_POINT('',(-28.702273809156,12.2845827240429,-26.414220624063));
#7063=CARTESIAN_POINT('',(-28.6953747017759,12.2851540844752,-26.4205885776312));
#7064=CARTESIAN_POINT('',(-28.6852426099106,12.2859931896044,-26.4299406121759));
#7065=CARTESIAN_POINT('',(-28.6750215501731,12.287316682868,-26.4391559850644));
#7066=CARTESIAN_POINT('',(-28.664769576307,12.288901483759,-26.4482779021379));
#7067=CARTESIAN_POINT('',(-28.649551344578,12.2912539933846,-26.4618186553285));
#7068=CARTESIAN_POINT('',(-28.63424789884,12.2941933573341,-26.4751649612467));
#7069=CARTESIAN_POINT('',(-28.6189140421937,12.297447570814,-26.4883847876618));
#7070=CARTESIAN_POINT('',(-28.5959679976735,12.302317273793,-26.5081673337276));
#7071=CARTESIAN_POINT('',(-28.5729363823023,12.3079063999718,-26.5276769966994));
#7072=CARTESIAN_POINT('',(-28.549870650231,12.3138795178501,-26.5470129208279));
#7073=CARTESIAN_POINT('',(-28.5151460265773,12.3228718303301,-26.5761224538044));
#7074=CARTESIAN_POINT('',(-28.4803259573301,12.332752753961,-26.6048473909839));
#7075=CARTESIAN_POINT('',(-28.4454578148149,12.3431047075229,-26.6333267831252));
#7076=CARTESIAN_POINT('',(-28.3927277395421,12.358759665062,-26.6763953374848));
#7077=CARTESIAN_POINT('',(-28.3398686445888,12.3755149819893,-26.7189102115147));
#7078=CARTESIAN_POINT('',(-28.2869224464786,12.3928458849933,-26.7610620657466));
#7079=CARTESIAN_POINT('',(-28.2065827247477,12.4191435224891,-26.8250226211839));
#7080=CARTESIAN_POINT('',(-28.1260219224061,12.4467955141499,-26.888153811649));
#7081=CARTESIAN_POINT('',(-28.0452744263394,12.4751345949002,-26.9507136043173));
#7082=CARTESIAN_POINT('',(-27.9224560450214,12.5182388420327,-27.0458681644631));
#7083=CARTESIAN_POINT('',(-27.7991825804804,12.5629693692667,-27.1397061138575));
#7084=CARTESIAN_POINT('',(-27.6754784607615,12.6084629584873,-27.2325734672784));
#7085=CARTESIAN_POINT('',(-27.4870946880375,12.6777432216799,-27.3739972326314));
#7086=CARTESIAN_POINT('',(-27.2976826757001,12.7488402503611,-27.5131760198934));
#7087=CARTESIAN_POINT('',(-27.1072574919326,12.8206058431352,-27.6505690007231));
#7088=CARTESIAN_POINT('',(-26.9779982964288,12.8693197926418,-27.7438303321214));
#7089=CARTESIAN_POINT('',(-26.8482650551332,12.9183736780761,-27.8362614503558));
#7090=CARTESIAN_POINT('',(-26.718060098655,12.967587306258,-27.9279312520501));
#7091=CARTESIAN_POINT('',(-28.9640470251728,12.2378600191348,-26.2116150222691));
#7092=CARTESIAN_POINT('',(-28.8481512052227,12.2655996602489,-26.2710290695453));
#7093=CARTESIAN_POINT('',(-28.7534521942196,12.3052027163261,-26.3558527280916));
#7094=CARTESIAN_POINT('',(-28.9640468897655,12.1169427716792,-26.2680697871948));
#7095=CARTESIAN_POINT('',(-28.8510364270895,12.1925826092729,-26.3033182423563));
#7096=CARTESIAN_POINT('',(-28.7580877321431,12.2779283198978,-26.3635295527052));
#7097=CARTESIAN_POINT('',(-28.8899655644476,12.0330077460553,-26.3525003342466));
#7098=CARTESIAN_POINT('',(-28.7814547252988,12.1507541801982,-26.3661072832207));
#7099=CARTESIAN_POINT('',(-28.7023544917741,12.2809206381173,-26.4158714778486));
#7100=CARTESIAN_POINT('',(-28.7147317338177,11.9226055078536,-26.5113769046669));
#7101=CARTESIAN_POINT('',(-28.6156742287037,12.1076182847393,-26.4895083724886));
#7102=CARTESIAN_POINT('',(-28.5663149578203,12.3076631901294,-26.5341942405212));
#7103=CARTESIAN_POINT('',(-28.6118251408417,11.8907374613689,-26.589394764872));
#7104=CARTESIAN_POINT('',(-28.5173493230908,12.103092418056,-26.5529337381964));
#7105=CARTESIAN_POINT('',(-28.4848154862078,12.3307730664854,-26.6015902172504));
#7106=CARTESIAN_POINT('',(-28.2981326510378,11.8241706717994,-26.8132909772556));
#7107=CARTESIAN_POINT('',(-28.2156709750422,12.1095409457722,-26.7382445411927));
#7108=CARTESIAN_POINT('',(-28.2337598183886,12.4079813656947,-26.8049590788131));
#7109=CARTESIAN_POINT('',(-28.073537447496,11.817820565965,-26.9547462404264));
#7110=CARTESIAN_POINT('',(-27.9994720077899,12.1421072832515,-26.8582631109194));
#7111=CARTESIAN_POINT('',(-28.0505722760074,12.4723986864575,-26.9477607689726));
#7112=CARTESIAN_POINT('',(-27.4045433387246,11.8370751278242,-27.3593254120434));
#7113=CARTESIAN_POINT('',(-27.3468825513711,12.267725900031,-27.2083151553138));
#7114=CARTESIAN_POINT('',(-27.4973842436448,12.6720286984356,-27.3694637479966));
#7115=CARTESIAN_POINT('',(-26.9512642948285,11.9045416433451,-27.6093740956591));
#7116=CARTESIAN_POINT('',(-26.9080004911737,12.392908607451,-27.4254306808441));
#7117=CARTESIAN_POINT('',(-27.1125030782598,12.8184995084749,-27.6502266947728));
#7118=CARTESIAN_POINT('',(-26.4961866920756,11.9895948816038,-27.853073535136));
#7119=CARTESIAN_POINT('',(-26.4780378398149,12.5276121944841,-27.6326583952086));
#7120=CARTESIAN_POINT('',(-26.7180600986551,12.9675873062579,-27.9279312520501));
#7121=CARTESIAN_POINT('',(-29.4564705852763,17.0798707905105,-24.4172962147371));
#7122=CARTESIAN_POINT('',(-28.7534521942196,16.6722366427656,-23.8345445151014));
#7123=CARTESIAN_POINT('',(-28.7534521942197,-7.69185074553425E-16,1.33226762955019E-15));
#7124=CARTESIAN_POINT('',(-29.4564705852763,-7.69185074553425E-16,1.33226762955019E-15));
#7125=CARTESIAN_POINT('',(-26.9886102521792,18.6469415560793,-25.0075685995287));
#7126=CARTESIAN_POINT('',(-26.7180600986552,17.7025042862917,-25.194225659037));
#7127=CARTESIAN_POINT('',(-26.7180600986552,17.7025042862917,-25.194225659037));
#7128=CARTESIAN_POINT('',(-27.091826534468,17.5452482948089,-24.9403062370375));
#7129=CARTESIAN_POINT('',(-27.4617620958872,17.3825944691462,-24.6838152233134));
#7130=CARTESIAN_POINT('',(-27.8277627256034,17.2080815307796,-24.429857270778));
#7131=CARTESIAN_POINT('',(-28.0625677561159,17.0961240299148,-24.2669324013859));
#7132=CARTESIAN_POINT('',(-28.2962824281641,16.9822656956997,-24.1023071711895));
#7133=CARTESIAN_POINT('',(-28.52726166019,16.8468173322831,-23.9522580704231));
#7134=CARTESIAN_POINT('',(-28.5852551016782,16.8128094404498,-23.9145842775486));
#7135=CARTESIAN_POINT('',(-28.6436512527903,16.7782981628171,-23.8765816960649));
#7136=CARTESIAN_POINT('',(-28.7000085403452,16.7347793118244,-23.8471019338565));
#7137=CARTESIAN_POINT('',(-28.7142836274519,16.7237561519872,-23.8396348219412));
#7138=CARTESIAN_POINT('',(-28.728888135378,16.7121620734389,-23.832209400008));
#7139=CARTESIAN_POINT('',(-28.741514320534,16.6976093180751,-23.8290720946709));
#7140=CARTESIAN_POINT('',(-28.7444069062066,16.6942753663595,-23.828353356243));
#7141=CARTESIAN_POINT('',(-28.7472155727094,16.6907034986889,-23.8278981497924));
#7142=CARTESIAN_POINT('',(-28.7495186389569,16.6868801224943,-23.8281748286253));
#7143=CARTESIAN_POINT('',(-28.7507400096019,16.6848524954323,-23.8283215579714));
#7144=CARTESIAN_POINT('',(-28.7518313854043,16.6827115246346,-23.8286918452893));
#7145=CARTESIAN_POINT('',(-28.7525921400598,16.6805837418761,-23.8294118037206));
#7146=CARTESIAN_POINT('',(-28.7531257298263,16.6790913249755,-23.8299167792056));
#7147=CARTESIAN_POINT('',(-28.7534998501986,16.6775775786575,-23.8306105427711));
#7148=CARTESIAN_POINT('',(-28.7536482349266,16.676164879917,-23.8314761585782));
#7149=CARTESIAN_POINT('',(-28.7537965631948,16.6747527187019,-23.8323414450225));
#7150=CARTESIAN_POINT('',(-28.7537206693924,16.6734114845326,-23.8333988322886));
#7151=CARTESIAN_POINT('',(-28.7534521942196,16.6722366427656,-23.8345445151014));
#7152=CARTESIAN_POINT('',(-26.4961866920758,18.1266718141019,-24.3098305161208));
#7153=CARTESIAN_POINT('',(-26.478037839815,17.6667780471059,-24.6655596067871));
#7154=CARTESIAN_POINT('',(-26.7180600986552,17.7025042862917,-25.1942256590369));
#7155=CARTESIAN_POINT('',(-26.9517925082182,17.9579529210399,-24.1140956031551));
#7156=CARTESIAN_POINT('',(-26.9084812095336,17.5545400284325,-24.4450427484038));
#7157=CARTESIAN_POINT('',(-27.1129550486642,17.5363588248288,-24.9259525125902));
#7158=CARTESIAN_POINT('',(-27.4058391762767,17.7749094933043,-23.9302745856309));
#7159=CARTESIAN_POINT('',(-27.3480601958234,17.4289689154965,-24.2276829302536));
#7160=CARTESIAN_POINT('',(-27.4984997286093,17.3661707912772,-24.658251282673));
#7161=CARTESIAN_POINT('',(-28.0772509734287,17.4325739714106,-23.7107772116246));
#7162=CARTESIAN_POINT('',(-28.0030249753989,17.1874916493909,-23.9430203623141));
#7163=CARTESIAN_POINT('',(-28.0536207764663,17.0997485099089,-24.2731826179883));
#7164=CARTESIAN_POINT('',(-28.30185225899,17.3066807730474,-23.6457005923702));
#7165=CARTESIAN_POINT('',(-28.2192448274084,17.0996780647184,-23.8549068206032));
#7166=CARTESIAN_POINT('',(-28.2367766862061,17.0082425888784,-24.1460251022596));
#7167=CARTESIAN_POINT('',(-28.6153464686374,17.0789319126423,-23.5919394866758));
#7168=CARTESIAN_POINT('',(-28.5207105759825,16.9420591843745,-23.7570696217356));
#7169=CARTESIAN_POINT('',(-28.4876131832608,16.8706773356092,-23.9777083489585));
#7170=CARTESIAN_POINT('',(-28.71736588286,16.9958311441354,-23.5808550802645));
#7171=CARTESIAN_POINT('',(-28.618184672835,16.8851537036104,-23.7296652366396));
#7172=CARTESIAN_POINT('',(-28.5683863154703,16.8242091522618,-23.9245172073993));
#7173=CARTESIAN_POINT('',(-28.8914886836319,16.8032368471669,-23.5976454330338));
#7174=CARTESIAN_POINT('',(-28.7828868986233,16.7569066812494,-23.70593381144));
#7175=CARTESIAN_POINT('',(-28.7035099162795,16.7354849173797,-23.8429030957444));
#7176=CARTESIAN_POINT('',(-28.9640468965096,16.6897964425896,-23.627998411798));
#7177=CARTESIAN_POINT('',(-28.8510211235672,16.6827083982937,-23.7109952626089));
#7178=CARTESIAN_POINT('',(-28.7580538251022,16.6923737632205,-23.8149073195667));
#7179=CARTESIAN_POINT('',(-28.9640470251728,16.5809944739353,-23.7041051756632));
#7180=CARTESIAN_POINT('',(-28.8481512052227,16.6185787276612,-23.757835433198));
#7181=CARTESIAN_POINT('',(-28.7534521942196,16.6722366427656,-23.8345445151015));
#7182=CARTESIAN_POINT('',(-29.4564705852763,29.6859342089472,-2.58295389056943));
#7183=CARTESIAN_POINT('',(-28.7534521942197,28.9774393590917,-2.52130821299012));
#7184=CARTESIAN_POINT('',(-26.988610252179,30.9806604721136,-3.64494079068406));
#7185=CARTESIAN_POINT('',(-26.718060098655,30.6700915925497,-2.73370559301305));
#7186=CARTESIAN_POINT('',(-28.7534521942197,28.9774393590917,-2.52130821299012));
#7187=CARTESIAN_POINT('',(-28.7537621050567,28.9769721186212,-2.52314393697627));
#7188=CARTESIAN_POINT('',(-28.7538108856833,28.9767209083272,-2.52511960753816));
#7189=CARTESIAN_POINT('',(-28.7535625829757,28.9767399122891,-2.52702282206951));
#7190=CARTESIAN_POINT('',(-28.7533347022847,28.9767573532427,-2.52876950396002));
#7191=CARTESIAN_POINT('',(-28.7528587500142,28.9769959454469,-2.530498249254));
#7192=CARTESIAN_POINT('',(-28.7522241190654,28.9773887962824,-2.53209388179401));
#7193=CARTESIAN_POINT('',(-28.7513930464159,28.9779032489503,-2.53418342149459));
#7194=CARTESIAN_POINT('',(-28.7502818537913,28.9786827670665,-2.53610678221968));
#7195=CARTESIAN_POINT('',(-28.7490591689414,28.9795802631456,-2.53784490246939));
#7196=CARTESIAN_POINT('',(-28.747093120028,28.981023416049,-2.54063975956497));
#7197=CARTESIAN_POINT('',(-28.7448031684859,28.9827938096665,-2.54304379611627));
#7198=CARTESIAN_POINT('',(-28.7424321111777,28.9846616915999,-2.54519980380213));
#7199=CARTESIAN_POINT('',(-28.7384332105361,28.9878119630998,-2.54883601305317));
#7200=CARTESIAN_POINT('',(-28.7341251416937,28.9913009677271,-2.55184177926666));
#7201=CARTESIAN_POINT('',(-28.7297584568442,28.9948723865992,-2.55454630607327));
#7202=CARTESIAN_POINT('',(-28.7252243249521,28.998580756854,-2.55735454199354));
#7203=CARTESIAN_POINT('',(-28.7205857635038,29.0024148893037,-2.55983358979187));
#7204=CARTESIAN_POINT('',(-28.7159100491293,29.0063006898723,-2.56212155831758));
#7205=CARTESIAN_POINT('',(-28.7091395653231,29.0119273701434,-2.56543456091183));
#7206=CARTESIAN_POINT('',(-28.7022738091559,29.0176774436269,-2.56834959811899));
#7207=CARTESIAN_POINT('',(-28.6953747017758,29.0234779334032,-2.57103876225391));
#7208=CARTESIAN_POINT('',(-28.6852426099105,29.0319965854606,-2.57498809316799));
#7209=CARTESIAN_POINT('',(-28.675021550173,29.0406390791192,-2.57844960082416));
#7210=CARTESIAN_POINT('',(-28.6647695763069,29.0493312914816,-2.58163808152944));
#7211=CARTESIAN_POINT('',(-28.649551344578,29.0622341825439,-2.58637112502628));
#7212=CARTESIAN_POINT('',(-28.6342478988399,29.0752621044904,-2.59049871413415));
#7213=CARTESIAN_POINT('',(-28.6189140421937,29.0883379167395,-2.59429039579873));
#7214=CARTESIAN_POINT('',(-28.5959679976736,29.1079049556734,-2.59996438234293));
#7215=CARTESIAN_POINT('',(-28.5729363823024,29.1275953825156,-2.60487888857309));
#7216=CARTESIAN_POINT('',(-28.5498706502312,29.1473273429555,-2.60937397881484));
#7217=CARTESIAN_POINT('',(-28.5151460265775,29.1770330942455,-2.61614117425667));
#7218=CARTESIAN_POINT('',(-28.4803259573304,29.2068500813804,-2.62194651196919));
#7219=CARTESIAN_POINT('',(-28.4454578148152,29.2366899352401,-2.62722115327643));
#7220=CARTESIAN_POINT('',(-28.3927277395426,29.2818158761893,-2.63519783953226));
#7221=CARTESIAN_POINT('',(-28.3398686445893,29.3270124956015,-2.64194474643964));
#7222=CARTESIAN_POINT('',(-28.2869224464791,29.3721825236848,-2.64801167128361));
#7223=CARTESIAN_POINT('',(-28.2065827247484,29.4407228082814,-2.65721752687141));
#7224=CARTESIAN_POINT('',(-28.126021922407,29.5092220188256,-2.66483579486044));
#7225=CARTESIAN_POINT('',(-28.0452744263406,29.5775699289067,-2.6715733273449));
#7226=CARTESIAN_POINT('',(-27.9224560450226,29.6815283188453,-2.68182123439005));
#7227=CARTESIAN_POINT('',(-27.7991825804816,29.7851596304768,-2.69000243617793));
#7228=CARTESIAN_POINT('',(-27.6754784607627,29.8883319123318,-2.69703750891403));
#7229=CARTESIAN_POINT('',(-27.4870946880384,30.045448617423,-2.70775092368492));
#7230=CARTESIAN_POINT('',(-27.2976826757006,30.2015294972008,-2.71576848434443));
#7231=CARTESIAN_POINT('',(-27.1072574919326,30.3563981052883,-2.72231414829924));
#7232=CARTESIAN_POINT('',(-26.9779982964288,30.4615217622233,-2.72675729620697));
#7233=CARTESIAN_POINT('',(-26.8482650551332,30.5660964014316,-2.73049094438374));
#7234=CARTESIAN_POINT('',(-26.718060098655,30.6700915925497,-2.73370559301305));
#7235=CARTESIAN_POINT('',(-28.9640470251728,28.8188544930702,-2.5075098466059));
#7236=CARTESIAN_POINT('',(-28.8481512052227,28.8841783879101,-2.51319363634736));
#7237=CARTESIAN_POINT('',(-28.7534521942196,28.9774393590917,-2.52130821299012));
#7238=CARTESIAN_POINT('',(-28.9640468897711,28.8072871299296,-2.64045463712106));
#7239=CARTESIAN_POINT('',(-28.8510364270911,28.8756331063446,-2.592572843808));
#7240=CARTESIAN_POINT('',(-28.758087732147,28.9704504860096,-2.54876694547546));
#7241=CARTESIAN_POINT('',(-28.8899655644473,28.8384386157233,-2.75535977510406));
#7242=CARTESIAN_POINT('',(-28.7814547252986,28.9090957962742,-2.66019184641804));
#7243=CARTESIAN_POINT('',(-28.7023544917739,29.0172760819807,-2.57234648445387));
#7244=CARTESIAN_POINT('',(-28.7147317338181,28.9208286426722,-2.93040920323242));
#7245=CARTESIAN_POINT('',(-28.6156742287039,28.9943963267054,-2.75924917233579));
#7246=CARTESIAN_POINT('',(-28.5663149578205,29.1331178763064,-2.60834813638617));
#7247=CARTESIAN_POINT('',(-28.6118251408414,28.9724600683168,-2.99701667115851));
#7248=CARTESIAN_POINT('',(-28.5173493230906,29.0470613713112,-2.79488137071057));
#7249=CARTESIAN_POINT('',(-28.4848154862076,29.2030394424454,-2.62203238474783));
#7250=CARTESIAN_POINT('',(-28.2981326510383,29.1330764812667,-3.16661330816813));
#7251=CARTESIAN_POINT('',(-28.2156709750426,29.2107694981591,-2.88195218339049));
#7252=CARTESIAN_POINT('',(-28.2337598183891,29.4177661925013,-2.65685246703106));
#7253=CARTESIAN_POINT('',(-28.0735374474955,29.2524052797552,-3.24284029272037));
#7254=CARTESIAN_POINT('',(-27.9994720077885,29.3309917972095,-2.9137581926866));
#7255=CARTESIAN_POINT('',(-28.0505722760063,29.5736447442646,-2.67246627588726));
#7256=CARTESIAN_POINT('',(-27.4045433387256,29.6124084011461,-3.42845493882299));
#7257=CARTESIAN_POINT('',(-27.3468825513737,29.6969550686884,-2.97999530156838));
#7258=CARTESIAN_POINT('',(-27.497384243647,30.0386652429403,-2.7104331036659));
#7259=CARTESIAN_POINT('',(-26.9512642948279,29.8626901711009,-3.49505156428993));
#7260=CARTESIAN_POINT('',(-26.9080004911649,29.9475739830559,-2.98014165958996));
#7261=CARTESIAN_POINT('',(-27.1125030782557,30.3550484923061,-2.72396713465112));
#7262=CARTESIAN_POINT('',(-26.4961866920757,30.1162666957057,-3.54324301901523));
#7263=CARTESIAN_POINT('',(-26.478037839815,30.19439024159,-2.96709878842139));
#7264=CARTESIAN_POINT('',(-26.7180600986551,30.6700915925496,-2.73370559301305));
#7265=CARTESIAN_POINT('',(-29.4564705852763,29.6859342089472,2.58295389056931));
#7266=CARTESIAN_POINT('',(-28.7534521942196,28.9774393590917,2.52130821299009));
#7267=CARTESIAN_POINT('',(-28.7534521942197,-1.53837014910685E-15,5.97776885977061E-31));
#7268=CARTESIAN_POINT('',(-29.4564705852763,-1.53837014910685E-15,5.97776885977061E-31));
#7269=CARTESIAN_POINT('',(-26.9886102521792,30.9806604721135,3.64494079068401));
#7270=CARTESIAN_POINT('',(-26.7180600986552,30.6700915925496,2.73370559301304));
#7271=CARTESIAN_POINT('',(-26.7180600986552,30.6700915925496,2.73370559301304));
#7272=CARTESIAN_POINT('',(-27.0918265344665,30.3715629268435,2.72447762049137));
#7273=CARTESIAN_POINT('',(-27.4617620958844,30.0681082802859,2.71186078230682));
#7274=CARTESIAN_POINT('',(-27.8277627255992,29.7609177727151,2.68770712066021));
#7275=CARTESIAN_POINT('',(-28.0625677561128,29.5638419464799,2.67221151546312));
#7276=CARTESIAN_POINT('',(-28.296282428162,29.3643431479175,2.65591992069838));
#7277=CARTESIAN_POINT('',(-28.527261660189,29.1666726331296,2.61364274746178));
#7278=CARTESIAN_POINT('',(-28.5852551016774,29.1170422255265,2.60302794564224));
#7279=CARTESIAN_POINT('',(-28.6436512527898,29.0668753857357,2.59214159323708));
#7280=CARTESIAN_POINT('',(-28.7000085403449,29.019585737269,2.56919304383803));
#7281=CARTESIAN_POINT('',(-28.7142836274517,29.007607448739,2.56338026334671));
#7282=CARTESIAN_POINT('',(-28.7288881353779,28.9953798054367,2.55705220775697));
#7283=CARTESIAN_POINT('',(-28.7415143205339,28.9853864416334,2.5460178045854));
#7284=CARTESIAN_POINT('',(-28.7444069062065,28.9830970200384,2.54348988691865));
#7285=CARTESIAN_POINT('',(-28.7472155727094,28.980916865853,2.54062416200224));
#7286=CARTESIAN_POINT('',(-28.7495186389569,28.9792447886536,2.53717468167302));
#7287=CARTESIAN_POINT('',(-28.7507400096019,28.9783580464638,2.53534534045482));
#7288=CARTESIAN_POINT('',(-28.7518313854043,28.9776082392889,2.53330606169634));
#7289=CARTESIAN_POINT('',(-28.7525921400599,28.9771678502008,2.53110336855806));
#7290=CARTESIAN_POINT('',(-28.7531257298263,28.9768589633489,2.52955840986663));
#7291=CARTESIAN_POINT('',(-28.7534998501986,28.9767029070618,2.52790058531756));
#7292=CARTESIAN_POINT('',(-28.7536482349266,28.9767462029704,2.52624434441686));
#7293=CARTESIAN_POINT('',(-28.7537965631948,28.9767894824052,2.52458873370819));
#7294=CARTESIAN_POINT('',(-28.7537206693924,28.9770345895546,2.52289849721209));
#7295=CARTESIAN_POINT('',(-28.7534521942196,28.9774393590917,2.52130821299009));
#7296=CARTESIAN_POINT('',(-26.4961866920758,30.1162666957057,3.5432430190152));
#7297=CARTESIAN_POINT('',(-26.478037839815,30.19439024159,2.96709878842138));
#7298=CARTESIAN_POINT('',(-26.7180600986552,30.6700915925496,2.73370559301303));
#7299=CARTESIAN_POINT('',(-26.9517925082185,29.8623958421398,3.49499562799932));
#7300=CARTESIAN_POINT('',(-26.9084812095254,29.947298030914,2.9801562421483));
#7301=CARTESIAN_POINT('',(-27.1129550486626,30.3546875018389,2.72395597588761));
#7302=CARTESIAN_POINT('',(-27.4058391762761,29.6116804573459,3.42838587835639));
#7303=CARTESIAN_POINT('',(-27.3480601958225,29.6962733501822,2.98008837746433));
#7304=CARTESIAN_POINT('',(-27.4984997286081,30.0377574193337,2.71041943036948));
#7305=CARTESIAN_POINT('',(-28.077250973429,29.2504223944452,3.24166330678008));
#7306=CARTESIAN_POINT('',(-28.0030249753994,29.3290097017877,2.91329421454749));
#7307=CARTESIAN_POINT('',(-28.0536207764669,29.5710670328312,2.67222529891171));
#7308=CARTESIAN_POINT('',(-28.3018522589905,29.1311177897967,3.1651749084623));
#7309=CARTESIAN_POINT('',(-28.2192448274084,29.2087943439124,2.88130219027978));
#7310=CARTESIAN_POINT('',(-28.2367766862066,29.415192433412,2.65655760456769));
#7311=CARTESIAN_POINT('',(-28.6153464686371,28.9706848763278,2.99481916251468));
#7312=CARTESIAN_POINT('',(-28.5207105759825,29.0452554040858,2.79371883522012));
#7313=CARTESIAN_POINT('',(-28.4876131832605,29.2006432225373,2.62158097720854));
#7314=CARTESIAN_POINT('',(-28.7173658828606,28.9195351145357,2.92839398912017));
#7315=CARTESIAN_POINT('',(-28.6181846728355,28.9930697700352,2.75813943581191));
#7316=CARTESIAN_POINT('',(-28.5683863154707,29.1313442510161,2.60793392074178));
#7317=CARTESIAN_POINT('',(-28.8914886836312,28.8377788380889,2.75320725893603));
#7318=CARTESIAN_POINT('',(-28.7828868986228,28.9083942417646,2.65893996908698));
#7319=CARTESIAN_POINT('',(-28.7035099162791,29.0163022395756,2.57190353522991));
#7320=CARTESIAN_POINT('',(-28.9640468965111,28.8073450864894,2.63978849737496));
#7321=CARTESIAN_POINT('',(-28.8510211235698,28.8756784455835,2.59215164554653));
#7322=CARTESIAN_POINT('',(-28.7580538251027,28.9705016091264,2.54856606863039));
#7323=CARTESIAN_POINT('',(-28.9640470251728,28.8188544930702,2.50750984660578));
#7324=CARTESIAN_POINT('',(-28.8481512052227,28.8841783879101,2.51319363634729));
#7325=CARTESIAN_POINT('',(-28.7534521942196,28.9774393590917,2.52130821299009));
#7326=CARTESIAN_POINT('',(-29.4564705852763,17.0798707905106,24.417296214737));
#7327=CARTESIAN_POINT('',(-28.7534521942197,16.6722366427657,23.8345445151014));
#7328=CARTESIAN_POINT('',(-26.988610252179,18.6469415560793,25.0075685995288));
#7329=CARTESIAN_POINT('',(-26.718060098655,17.7025042862918,25.1942256590371));
#7330=CARTESIAN_POINT('',(-28.7534521942197,16.6722366427657,23.8345445151014));
#7331=CARTESIAN_POINT('',(-28.7537621050567,16.6735928061367,23.8332220109912));
#7332=CARTESIAN_POINT('',(-28.7538108856833,16.6751781818858,23.8320166212139));
#7333=CARTESIAN_POINT('',(-28.7535625829757,16.6768359159998,23.8310814718621));
#7334=CARTESIAN_POINT('',(-28.7533347022847,16.6783573073661,23.8302232352257));
#7335=CARTESIAN_POINT('',(-28.7528587500142,16.6799737408094,23.8295654894887));
#7336=CARTESIAN_POINT('',(-28.7522241190654,16.681552024542,23.8291078920222));
#7337=CARTESIAN_POINT('',(-28.7513930464159,16.6836188453388,23.8285086512513));
#7338=CARTESIAN_POINT('',(-28.7502818537912,16.6856742836455,23.82822205338));
#7339=CARTESIAN_POINT('',(-28.7490591689413,16.6876282879761,23.8281302476594));
#7340=CARTESIAN_POINT('',(-28.747093120028,16.6907702816725,23.8279826261876));
#7341=CARTESIAN_POINT('',(-28.7448031684859,16.6937374352063,23.8283138137594));
#7342=CARTESIAN_POINT('',(-28.7424321111779,16.6965385335996,23.8288534431221));
#7343=CARTESIAN_POINT('',(-28.7384332105362,16.7012627189345,23.8297635536443));
#7344=CARTESIAN_POINT('',(-28.7341251416938,16.7056102911468,23.8312822371787));
#7345=CARTESIAN_POINT('',(-28.7297584568443,16.7097381895026,23.8330229132462));
#7346=CARTESIAN_POINT('',(-28.7252243249523,16.7140243782768,23.8348303381333));
#7347=CARTESIAN_POINT('',(-28.7205857635039,16.7180883628722,23.8369112703371));
#7348=CARTESIAN_POINT('',(-28.7159100491294,16.7220127020229,23.8391324880807));
#7349=CARTESIAN_POINT('',(-28.7091395653232,16.7276951865678,23.8423488348373));
#7350=CARTESIAN_POINT('',(-28.702273809156,16.7330947195839,23.845871025944));
#7351=CARTESIAN_POINT('',(-28.6953747017759,16.7383238489279,23.8495498153773));
#7352=CARTESIAN_POINT('',(-28.6852426099106,16.7460033958561,23.8549525190079));
#7353=CARTESIAN_POINT('',(-28.6750215501732,16.753322396251,23.8607063842402));
#7354=CARTESIAN_POINT('',(-28.6647695763072,16.7604298077225,23.8666398206084));
#7355=CARTESIAN_POINT('',(-28.6495513445782,16.7709801891591,23.8754475303022));
#7356=CARTESIAN_POINT('',(-28.6342478988402,16.7810687471561,23.8846662471125));
#7357=CARTESIAN_POINT('',(-28.618914042194,16.7908903459252,23.894094391863));
#7358=CARTESIAN_POINT('',(-28.5959679976739,16.8055876818802,23.9082029513845));
#7359=CARTESIAN_POINT('',(-28.5729363823027,16.8196889825437,23.9227981081261));
#7360=CARTESIAN_POINT('',(-28.5498706502316,16.8334478251053,23.9376389420127));
#7361=CARTESIAN_POINT('',(-28.5151460265778,16.8541612639153,23.9599812795474));
#7362=CARTESIAN_POINT('',(-28.4803259573306,16.8740973274194,23.9829008790143));
#7363=CARTESIAN_POINT('',(-28.4454578148155,16.8935852277171,24.0061056298484));
#7364=CARTESIAN_POINT('',(-28.3927277395427,16.9230562111274,24.0411974979522));
#7365=CARTESIAN_POINT('',(-28.3398686445893,16.9514975136123,24.0769654650747));
#7366=CARTESIAN_POINT('',(-28.286922446479,16.9793366386917,24.1130503944626));
#7367=CARTESIAN_POINT('',(-28.2065827247484,17.0215792857927,24.167805094312));
#7368=CARTESIAN_POINT('',(-28.1260219224069,17.0624265046761,24.2233180167879));
#7369=CARTESIAN_POINT('',(-28.0452744263404,17.1024353340071,24.2791402769715));
#7370=CARTESIAN_POINT('',(-27.9224560450228,17.1632894768129,24.364046930072));
#7371=CARTESIAN_POINT('',(-27.7991825804822,17.2221902612102,24.4497036776783));
#7372=CARTESIAN_POINT('',(-27.6754784607637,17.2798689538445,24.5355359583628));
#7373=CARTESIAN_POINT('',(-27.487094688039,17.3677053957431,24.6662463089454));
#7374=CARTESIAN_POINT('',(-27.2976826757009,17.4526892468397,24.7974075355485));
#7375=CARTESIAN_POINT('',(-27.1072574919327,17.5357922621531,24.9282548524239));
#7376=CARTESIAN_POINT('',(-26.9779982964289,17.5922019695814,25.0170730359144));
#7377=CARTESIAN_POINT('',(-26.8482650551332,17.6477227233555,25.105770505972));
#7378=CARTESIAN_POINT('',(-26.718060098655,17.7025042862918,25.1942256590371));
#7379=CARTESIAN_POINT('',(-28.9640470251728,16.5809944739354,23.7041051756631));
#7380=CARTESIAN_POINT('',(-28.8481512052227,16.6185787276613,23.7578354331979));
#7381=CARTESIAN_POINT('',(-28.7534521942196,16.6722366427656,23.8345445151014));
#7382=CARTESIAN_POINT('',(-28.964046889762,16.6903443582545,23.6276151500756));
#7383=CARTESIAN_POINT('',(-28.8510364270845,16.6830504970741,23.7107453985535));
#7384=CARTESIAN_POINT('',(-28.7580877321396,16.6925221661184,23.8147626072307));
#7385=CARTESIAN_POINT('',(-28.889965564448,16.8054308696679,23.5971405591417));
#7386=CARTESIAN_POINT('',(-28.7814547252995,16.7583416160757,23.7059154368015));
#7387=CARTESIAN_POINT('',(-28.7023544917746,16.7363554438628,23.8435249933941));
#7388=CARTESIAN_POINT('',(-28.7147317338173,16.9982231348187,23.5809677014353));
#7389=CARTESIAN_POINT('',(-28.615674228703,16.8867780419663,23.730259200154));
#7390=CARTESIAN_POINT('',(-28.5663149578198,16.8254546861776,23.9258461041356));
#7391=CARTESIAN_POINT('',(-28.6118251408421,17.0817226069482,23.5923780937121));
#7392=CARTESIAN_POINT('',(-28.517349323091,16.9439689532555,23.7580523674847));
#7393=CARTESIAN_POINT('',(-28.4848154862082,16.8722663759596,23.9795578325019));
#7394=CARTESIAN_POINT('',(-28.2981326510369,17.3089058094667,23.6466776690904));
#7395=CARTESIAN_POINT('',(-28.2156709750417,17.1012285523863,23.8562923578045));
#7396=CARTESIAN_POINT('',(-28.2337598183879,17.0097848268073,24.1481066117832));
#7397=CARTESIAN_POINT('',(-28.0735374474956,17.4345847137884,23.7119059477064));
#7398=CARTESIAN_POINT('',(-27.999472007788,17.1888845139558,23.9445049182326));
#7399=CARTESIAN_POINT('',(-28.0505722760065,17.1012460578076,24.2752944930862));
#7400=CARTESIAN_POINT('',(-27.4045433387254,17.7753332733256,23.9308704732197));
#7401=CARTESIAN_POINT('',(-27.3468825513746,17.429229168662,24.228319853746));
#7402=CARTESIAN_POINT('',(-27.4973842436465,17.3666365445035,24.659030644329));
#7403=CARTESIAN_POINT('',(-26.9512642948279,17.9581485277541,24.1143225313783));
#7404=CARTESIAN_POINT('',(-26.9080004911561,17.554665375583,24.4452890212414));
#7405=CARTESIAN_POINT('',(-27.1125030782558,17.5365489838348,24.9262595601201));
#7406=CARTESIAN_POINT('',(-26.4961866920757,18.126671814102,24.3098305161208));
#7407=CARTESIAN_POINT('',(-26.478037839815,17.666778047106,24.6655596067872));
#7408=CARTESIAN_POINT('',(-26.7180600986551,17.7025042862918,25.194225659037));
#7409=CARTESIAN_POINT('',(-29.4564705852763,12.6060634184368,27.0002501053065));
#7410=CARTESIAN_POINT('',(-28.7534521942196,12.3052027163261,26.3558527280916));
#7411=CARTESIAN_POINT('',(-28.7534521942197,-7.69185074553426E-16,-1.33226762955019E-15));
#7412=CARTESIAN_POINT('',(-29.4564705852763,-7.69185074553426E-16,-1.33226762955019E-15));
#7413=CARTESIAN_POINT('',(-26.9886102521792,12.3337189160343,28.6525093902127));
#7414=CARTESIAN_POINT('',(-26.7180600986551,12.9675873062579,27.92793125205));
#7415=CARTESIAN_POINT('',(-26.7180600986551,12.9675873062579,27.92793125205));
#7416=CARTESIAN_POINT('',(-27.0918265344678,12.8263146320336,27.664783857529));
#7417=CARTESIAN_POINT('',(-27.461762095887,12.6855138111375,27.3956760056204));
#7418=CARTESIAN_POINT('',(-27.8277627256031,12.5528362419321,27.1175643914383));
#7419=CARTESIAN_POINT('',(-28.0625677561156,12.4677179165626,26.939143916849));
#7420=CARTESIAN_POINT('',(-28.2962824281639,12.3820774522162,26.7582270918878));
#7421=CARTESIAN_POINT('',(-28.5272616601899,12.3198553008457,26.5659008178847));
#7422=CARTESIAN_POINT('',(-28.5852551016781,12.3042327850761,26.5176122231907));
#7423=CARTESIAN_POINT('',(-28.6436512527902,12.2885772229182,26.4687232893019));
#7424=CARTESIAN_POINT('',(-28.7000085403451,12.2848064254445,26.4162949776944));
#7425=CARTESIAN_POINT('',(-28.7142836274518,12.2838512967516,26.4030150852879));
#7426=CARTESIAN_POINT('',(-28.728888135378,12.2832177319978,26.3892616077649));
#7427=CARTESIAN_POINT('',(-28.741514320534,12.2877771235583,26.3750898992562));
#7428=CARTESIAN_POINT('',(-28.7444069062066,12.2888216536789,26.3718432431617));
#7429=CARTESIAN_POINT('',(-28.7472155727094,12.290213367164,26.3685223117947));
#7430=CARTESIAN_POINT('',(-28.7495186389569,12.2923646661593,26.3653495102983));
#7431=CARTESIAN_POINT('',(-28.7507400096019,12.2935055510315,26.3636668984262));
#7432=CARTESIAN_POINT('',(-28.7518313854043,12.2948967146544,26.3619979069856));
#7433=CARTESIAN_POINT('',(-28.7525921400598,12.2965841083248,26.3605151722786));
#7434=CARTESIAN_POINT('',(-28.7531257298263,12.2977676383734,26.3594751890723));
#7435=CARTESIAN_POINT('',(-28.7534998501986,12.2991253284043,26.3585111280886));
#7436=CARTESIAN_POINT('',(-28.7536482349266,12.3005813230534,26.3577205029951));
#7437=CARTESIAN_POINT('',(-28.7537965631948,12.3020367637033,26.3569301787307));
#7438=CARTESIAN_POINT('',(-28.7537206693924,12.3036231050221,26.3562973295008));
#7439=CARTESIAN_POINT('',(-28.7534521942196,12.3052027163261,26.3558527280916));
#7440=CARTESIAN_POINT('',(-26.4961866920757,11.9895948816038,27.853073535136));
#7441=CARTESIAN_POINT('',(-26.478037839815,12.5276121944841,27.6326583952085));
#7442=CARTESIAN_POINT('',(-26.7180600986551,12.9675873062579,27.92793125205));
#7443=CARTESIAN_POINT('',(-26.951792508218,11.9044429211023,27.6090912311619));
#7444=CARTESIAN_POINT('',(-26.9084812095286,12.3927580024979,27.4251989905668));
#7445=CARTESIAN_POINT('',(-27.1129550486593,12.8183286770072,27.6499084884728));
#7446=CARTESIAN_POINT('',(-27.4058391762769,11.8367709640425,27.3586604639856));
#7447=CARTESIAN_POINT('',(-27.3480601958245,12.2673044346862,27.2077713077149));
#7448=CARTESIAN_POINT('',(-27.4984997286096,12.671586628057,27.3686707130419));
#7449=CARTESIAN_POINT('',(-28.0772509734286,11.8178484230342,26.9524405184056));
#7450=CARTESIAN_POINT('',(-28.0030249753985,12.1415180523966,26.856314576863));
#7451=CARTESIAN_POINT('',(-28.0536207764661,12.4713185229221,26.9454079169004));
#7452=CARTESIAN_POINT('',(-28.3018522589903,11.8244370167492,26.8108755008319));
#7453=CARTESIAN_POINT('',(-28.2192448274084,12.1091162791938,26.7362090108838));
#7454=CARTESIAN_POINT('',(-28.2367766862063,12.4069498445341,26.8025827068267));
#7455=CARTESIAN_POINT('',(-28.6153464686372,11.8917529636856,26.5867586491909));
#7456=CARTESIAN_POINT('',(-28.5207105759825,12.1031962197114,26.5507884569554));
#7457=CARTESIAN_POINT('',(-28.4876131832606,12.3299658869278,26.5992893261673));
#7458=CARTESIAN_POINT('',(-28.71736588286,11.9237039704011,26.509249069384));
#7459=CARTESIAN_POINT('',(-28.618184672835,12.1079160664258,26.4878046724515));
#7460=CARTESIAN_POINT('',(-28.5683863154704,12.3071350987549,26.5324511281408));
#7461=CARTESIAN_POINT('',(-28.8914886836318,12.0345419909212,26.3508526919704));
#7462=CARTESIAN_POINT('',(-28.7828868986233,12.1514875605142,26.364873780527));
#7463=CARTESIAN_POINT('',(-28.7035099162793,12.2808173221954,26.4148066309745));
#7464=CARTESIAN_POINT('',(-28.9640468965094,12.1175486439011,26.2677869091727));
#7465=CARTESIAN_POINT('',(-28.8510211235712,12.1929700472884,26.3031469081614));
#7466=CARTESIAN_POINT('',(-28.7580538251006,12.2781278459067,26.3634733881987));
#7467=CARTESIAN_POINT('',(-28.9640470251728,12.2378600191349,26.211615022269));
#7468=CARTESIAN_POINT('',(-28.8481512052227,12.2655996602489,26.2710290695452));
#7469=CARTESIAN_POINT('',(-28.7534521942196,12.3052027163261,26.3558527280915));
#7470=CARTESIAN_POINT('',(-29.4564705852763,-12.6060634184366,27.0002501053065));
#7471=CARTESIAN_POINT('',(-28.7534521942197,-12.305202716326,26.3558527280915));
#7472=CARTESIAN_POINT('',(-26.988610252179,-12.3337189160343,28.6525093902129));
#7473=CARTESIAN_POINT('',(-26.718060098655,-12.9675873062579,27.9279312520501));
#7474=CARTESIAN_POINT('',(-28.7534521942197,-12.305202716326,26.3558527280915));
#7475=CARTESIAN_POINT('',(-28.7537621050567,-12.3033793124844,26.3563659479675));
#7476=CARTESIAN_POINT('',(-28.7538108856833,-12.3015427264413,26.3571362287521));
#7477=CARTESIAN_POINT('',(-28.7535625829757,-12.2999039962893,26.3581042939316));
#7478=CARTESIAN_POINT('',(-28.7533347022847,-12.2984000458766,26.3589927391857));
#7479=CARTESIAN_POINT('',(-28.7528587500142,-12.2970222046375,26.3600637387427));
#7480=CARTESIAN_POINT('',(-28.7522241190654,-12.2958367717404,26.3612017738162));
#7481=CARTESIAN_POINT('',(-28.7513930464159,-12.2942844036114,26.3626920727459));
#7482=CARTESIAN_POINT('',(-28.7502818537912,-12.293008483421,26.3643288355998));
#7483=CARTESIAN_POINT('',(-28.7490591689413,-12.2919519751694,26.3659751501289));
#7484=CARTESIAN_POINT('',(-28.747093120028,-12.2902531343764,26.3686223857525));
#7485=CARTESIAN_POINT('',(-28.7448031684859,-12.2890563744601,26.3713576098757));
#7486=CARTESIAN_POINT('',(-28.7424321111778,-12.2881231580002,26.3740532469242));
#7487=CARTESIAN_POINT('',(-28.7384332105361,-12.2865492441652,26.3785995666974));
#7488=CARTESIAN_POINT('',(-28.7341251416936,-12.2856906765801,26.3831240164454));
#7489=CARTESIAN_POINT('',(-28.7297584568441,-12.2851341970964,26.3875692193195));
#7490=CARTESIAN_POINT('',(-28.7252243249521,-12.284556378577,26.392184880127));
#7491=CARTESIAN_POINT('',(-28.7205857635037,-12.2843265264314,26.3967448601291));
#7492=CARTESIAN_POINT('',(-28.7159100491292,-12.2842879878494,26.4012540463984));
#7493=CARTESIAN_POINT('',(-28.709139565323,-12.2842321835755,26.4077833957492));
#7494=CARTESIAN_POINT('',(-28.7022738091558,-12.2845827240428,26.4142206240632));
#7495=CARTESIAN_POINT('',(-28.6953747017757,-12.2851540844752,26.4205885776313));
#7496=CARTESIAN_POINT('',(-28.6852426099103,-12.2859931896044,26.4299406121761));
#7497=CARTESIAN_POINT('',(-28.6750215501728,-12.2873166828681,26.4391559850646));
#7498=CARTESIAN_POINT('',(-28.6647695763067,-12.288901483759,26.4482779021382));
#7499=CARTESIAN_POINT('',(-28.6495513445778,-12.2912539933847,26.4618186553288));
#7500=CARTESIAN_POINT('',(-28.6342478988397,-12.2941933573341,26.475164961247));
#7501=CARTESIAN_POINT('',(-28.6189140421934,-12.2974475708141,26.4883847876621));
#7502=CARTESIAN_POINT('',(-28.5959679976732,-12.3023172737931,26.5081673337279));
#7503=CARTESIAN_POINT('',(-28.5729363823019,-12.3079063999718,26.5276769966997));
#7504=CARTESIAN_POINT('',(-28.5498706502306,-12.3138795178502,26.5470129208282));
#7505=CARTESIAN_POINT('',(-28.5151460265769,-12.3228718303302,26.5761224538048));
#7506=CARTESIAN_POINT('',(-28.4803259573296,-12.3327527539611,26.6048473909842));
#7507=CARTESIAN_POINT('',(-28.4454578148144,-12.343104707523,26.6333267831256));
#7508=CARTESIAN_POINT('',(-28.3927277395416,-12.3587596650621,26.6763953374853));
#7509=CARTESIAN_POINT('',(-28.3398686445882,-12.3755149819895,26.7189102115153));
#7510=CARTESIAN_POINT('',(-28.2869224464778,-12.3928458849935,26.7610620657472));
#7511=CARTESIAN_POINT('',(-28.2065827247471,-12.4191435224893,26.8250226211844));
#7512=CARTESIAN_POINT('',(-28.1260219224056,-12.44679551415,26.8881538116494));
#7513=CARTESIAN_POINT('',(-28.0452744263391,-12.4751345949003,26.9507136043175));
#7514=CARTESIAN_POINT('',(-27.9224560450215,-12.5182388420327,27.045868164463));
#7515=CARTESIAN_POINT('',(-27.799182580481,-12.5629693692665,27.139706113857));
#7516=CARTESIAN_POINT('',(-27.6754784607626,-12.6084629584869,27.2325734672776));
#7517=CARTESIAN_POINT('',(-27.4870946880383,-12.6777432216796,27.3739972326309));
#7518=CARTESIAN_POINT('',(-27.2976826757005,-12.748840250361,27.5131760198932));
#7519=CARTESIAN_POINT('',(-27.1072574919326,-12.8206058431352,27.6505690007231));
#7520=CARTESIAN_POINT('',(-26.9779982964288,-12.8693197926418,27.7438303321214));
#7521=CARTESIAN_POINT('',(-26.8482650551332,-12.9183736780761,27.8362614503558));
#7522=CARTESIAN_POINT('',(-26.718060098655,-12.9675873062579,27.9279312520501));
#7523=CARTESIAN_POINT('',(-28.9640470251728,-12.2378600191348,26.2116150222691));
#7524=CARTESIAN_POINT('',(-28.8481512052227,-12.2655996602489,26.2710290695453));
#7525=CARTESIAN_POINT('',(-28.7534521942196,-12.3052027163261,26.3558527280916));
#7526=CARTESIAN_POINT('',(-28.9640468897655,-12.1169427716792,26.2680697871949));
#7527=CARTESIAN_POINT('',(-28.8510364270895,-12.1925826092724,26.3033182423565));
#7528=CARTESIAN_POINT('',(-28.7580877321431,-12.2779283198977,26.3635295527052));
#7529=CARTESIAN_POINT('',(-28.8899655644478,-12.0330077460554,26.3525003342464));
#7530=CARTESIAN_POINT('',(-28.7814547252988,-12.150754180199,26.3661072832205));
#7531=CARTESIAN_POINT('',(-28.7023544917744,-12.2809206381174,26.4158714778484));
#7532=CARTESIAN_POINT('',(-28.7147317338176,-11.9226055078535,26.511376904667));
#7533=CARTESIAN_POINT('',(-28.6156742287037,-12.1076182847385,26.4895083724888));
#7534=CARTESIAN_POINT('',(-28.5663149578201,-12.3076631901293,26.5341942405214));
#7535=CARTESIAN_POINT('',(-28.6118251408419,-11.8907374613683,26.5893947648722));
#7536=CARTESIAN_POINT('',(-28.5173493230908,-12.1030924180551,26.5529337381967));
#7537=CARTESIAN_POINT('',(-28.484815486208,-12.3307730664852,26.6015902172502));
#7538=CARTESIAN_POINT('',(-28.2981326510374,-11.8241706718008,26.8132909772553));
#7539=CARTESIAN_POINT('',(-28.2156709750422,-12.109540945774,26.7382445411922));
#7540=CARTESIAN_POINT('',(-28.2337598183883,-12.4079813656953,26.8049590788135));
#7541=CARTESIAN_POINT('',(-28.0735374474956,-11.8178205659656,26.9547462404263));
#7542=CARTESIAN_POINT('',(-27.9994720077886,-12.1421072832519,26.8582631109194));
#7543=CARTESIAN_POINT('',(-28.0505722760064,-12.4723986864575,26.9477607689732));
#7544=CARTESIAN_POINT('',(-27.4045433387255,-11.8370751278229,27.3593254120435));
#7545=CARTESIAN_POINT('',(-27.3468825513738,-12.2677259000301,27.2083151553138));
#7546=CARTESIAN_POINT('',(-27.4973842436468,-12.6720286984357,27.3694637479954));
#7547=CARTESIAN_POINT('',(-26.9512642948275,-11.9045416433607,27.6093740956531));
#7548=CARTESIAN_POINT('',(-26.90800049116,-12.3929086074692,27.4254306808083));
#7549=CARTESIAN_POINT('',(-27.1125030782584,-12.818499508475,27.6502266947735));
#7550=CARTESIAN_POINT('',(-26.4961866920756,-11.9895948816038,27.8530735351361));
#7551=CARTESIAN_POINT('',(-26.4780378398149,-12.527612194484,27.6326583952086));
#7552=CARTESIAN_POINT('',(-26.718060098655,-12.9675873062579,27.9279312520501));
#7553=CARTESIAN_POINT('',(-29.4564705852763,-17.0798707905105,24.4172962147371));
#7554=CARTESIAN_POINT('',(-28.7534521942196,-16.6722366427656,23.8345445151014));
#7555=CARTESIAN_POINT('',(-28.7534521942197,7.69185074553425E-16,-1.33226762955019E-15));
#7556=CARTESIAN_POINT('',(-29.4564705852763,7.69185074553425E-16,-1.33226762955019E-15));
#7557=CARTESIAN_POINT('',(-26.9886102521793,-18.6469415560793,25.0075685995287));
#7558=CARTESIAN_POINT('',(-26.7180600986552,-17.7025042862916,25.194225659037));
#7559=CARTESIAN_POINT('',(-26.7180600986552,-17.7025042862916,25.194225659037));
#7560=CARTESIAN_POINT('',(-27.0918265344652,-17.54524829481,24.9403062370394));
#7561=CARTESIAN_POINT('',(-27.4617620958818,-17.3825944691485,24.6838152233172));
#7562=CARTESIAN_POINT('',(-27.8277627255954,-17.2080815307834,24.4298572707836));
#7563=CARTESIAN_POINT('',(-28.0625677561099,-17.0961240299177,24.26693240139));
#7564=CARTESIAN_POINT('',(-28.2962824281601,-16.9822656957017,24.1023071711922));
#7565=CARTESIAN_POINT('',(-28.527261660188,-16.8468173322842,23.9522580704243));
#7566=CARTESIAN_POINT('',(-28.5852551016767,-16.8128094404507,23.9145842775495));
#7567=CARTESIAN_POINT('',(-28.6436512527894,-16.7782981628178,23.8765816960655));
#7568=CARTESIAN_POINT('',(-28.7000085403447,-16.7347793118247,23.8471019338567));
#7569=CARTESIAN_POINT('',(-28.7142836274515,-16.7237561519875,23.8396348219414));
#7570=CARTESIAN_POINT('',(-28.7288881353778,-16.7121620734391,23.8322094000081));
#7571=CARTESIAN_POINT('',(-28.7415143205339,-16.6976093180752,23.8290720946709));
#7572=CARTESIAN_POINT('',(-28.7444069062065,-16.6942753663596,23.828353356243));
#7573=CARTESIAN_POINT('',(-28.7472155727094,-16.690703498689,23.8278981497924));
#7574=CARTESIAN_POINT('',(-28.7495186389569,-16.6868801224943,23.8281748286253));
#7575=CARTESIAN_POINT('',(-28.7507400096019,-16.6848524954323,23.8283215579714));
#7576=CARTESIAN_POINT('',(-28.7518313854043,-16.6827115246346,23.8286918452893));
#7577=CARTESIAN_POINT('',(-28.7525921400598,-16.6805837418761,23.8294118037206));
#7578=CARTESIAN_POINT('',(-28.7531257298263,-16.6790913249755,23.8299167792056));
#7579=CARTESIAN_POINT('',(-28.7534998501986,-16.6775775786574,23.8306105427711));
#7580=CARTESIAN_POINT('',(-28.7536482349266,-16.6761648799169,23.8314761585782));
#7581=CARTESIAN_POINT('',(-28.7537965631948,-16.6747527187018,23.8323414450225));
#7582=CARTESIAN_POINT('',(-28.7537206693924,-16.6734114845326,23.8333988322887));
#7583=CARTESIAN_POINT('',(-28.7534521942196,-16.6722366427656,23.8345445151014));
#7584=CARTESIAN_POINT('',(-26.4961866920758,-18.1266718141019,24.3098305161208));
#7585=CARTESIAN_POINT('',(-26.4780378398151,-17.6667780471059,24.6655596067871));
#7586=CARTESIAN_POINT('',(-26.7180600986552,-17.7025042862917,25.1942256590369));
#7587=CARTESIAN_POINT('',(-26.9517925082179,-17.9579529210377,24.114095603157));
#7588=CARTESIAN_POINT('',(-26.9084812095271,-17.5545400284162,24.4450427484004));
#7589=CARTESIAN_POINT('',(-27.1129550486594,-17.5363588248291,24.9259525125845));
#7590=CARTESIAN_POINT('',(-27.4058391762772,-17.7749094933056,23.9302745856296));
#7591=CARTESIAN_POINT('',(-27.3480601958234,-17.4289689154974,24.2276829302517));
#7592=CARTESIAN_POINT('',(-27.49849972861,-17.3661707912768,24.6582512826721));
#7593=CARTESIAN_POINT('',(-28.0772509734285,-17.4325739714099,23.7107772116252));
#7594=CARTESIAN_POINT('',(-28.0030249753989,-17.1874916493905,23.943020362315));
#7595=CARTESIAN_POINT('',(-28.053620776466,-17.0997485099091,24.2731826179888));
#7596=CARTESIAN_POINT('',(-28.3018522589904,-17.3066807730478,23.6457005923697));
#7597=CARTESIAN_POINT('',(-28.2192448274084,-17.0996780647184,23.8549068206037));
#7598=CARTESIAN_POINT('',(-28.2367766862065,-17.0082425888783,24.1460251022591));
#7599=CARTESIAN_POINT('',(-28.6153464686372,-17.0789319126421,23.5919394866761));
#7600=CARTESIAN_POINT('',(-28.5207105759825,-16.9420591843745,23.7570696217354));
#7601=CARTESIAN_POINT('',(-28.4876131832606,-16.8706773356093,23.9777083489587));
#7602=CARTESIAN_POINT('',(-28.7173658828606,-16.9958311441356,23.5808550802639));
#7603=CARTESIAN_POINT('',(-28.6181846728359,-16.8851537036106,23.7296652366394));
#7604=CARTESIAN_POINT('',(-28.5683863154707,-16.8242091522617,23.9245172073987));
#7605=CARTESIAN_POINT('',(-28.8914886836312,-16.8032368471667,23.5976454330343));
#7606=CARTESIAN_POINT('',(-28.7828868986224,-16.7569066812492,23.7059338114403));
#7607=CARTESIAN_POINT('',(-28.7035099162791,-16.7354849173798,23.842903095745));
#7608=CARTESIAN_POINT('',(-28.9640468965089,-16.6897964425901,23.6279984117982));
#7609=CARTESIAN_POINT('',(-28.8510211235667,-16.6827083982952,23.7109952626105));
#7610=CARTESIAN_POINT('',(-28.7580538251016,-16.6923737632213,23.8149073195669));
#7611=CARTESIAN_POINT('',(-28.9640470251728,-16.5809944739353,23.7041051756632));
#7612=CARTESIAN_POINT('',(-28.8481512052227,-16.6185787276612,23.757835433198));
#7613=CARTESIAN_POINT('',(-28.7534521942196,-16.6722366427656,23.8345445151015));
#7614=CARTESIAN_POINT('',(4.211,0.,0.));
#7615=CARTESIAN_POINT('',(4.211,39.1503495798692,22.6034648688044));
#7616=CARTESIAN_POINT('',(4.211,29.3099949466792,16.4442196477521));
#7617=CARTESIAN_POINT('',(4.211,29.5074442548999,28.0515403881592));
#7618=CARTESIAN_POINT('',(4.211,29.5074442548999,28.0515403881592));
#7619=CARTESIAN_POINT('',(0.00402006002624907,29.9511281380936,28.0439929896023));
#7620=CARTESIAN_POINT('',(-4.15003149052809,29.8414572416672,27.6837677431001));
#7621=CARTESIAN_POINT('',(-12.3527861866907,28.5378662448264,26.2547712706862));
#7622=CARTESIAN_POINT('',(-16.2615762563978,27.3585257131538,25.2049482190785));
#7623=CARTESIAN_POINT('',(-19.8912643646771,25.668831764903,23.8389486964907));
#7624=CARTESIAN_POINT('',(4.211,0.206942756487155,-0.358435368494124));
#7625=CARTESIAN_POINT('',(-19.8912643646771,33.4795510531268,10.3103860456282));
#7626=CARTESIAN_POINT('',(-16.2616597582431,35.5073416644882,11.0906862167347));
#7627=CARTESIAN_POINT('',(-12.3944687110567,36.9925617386225,11.5829859357909));
#7628=CARTESIAN_POINT('',(-4.19074218288251,38.8902267186042,12.0015384506639));
#7629=CARTESIAN_POINT('',(0.00415319416215425,39.2623676080288,11.9164290656553));
#7630=CARTESIAN_POINT('',(4.211,39.0470687188815,11.5284261314153));
#7631=CARTESIAN_POINT('',(4.211,39.0470687188815,11.5284261314153));
#7632=CARTESIAN_POINT('',(4.211,28.8961094337049,17.1610903847404));
#7633=CARTESIAN_POINT('',(4.211,-0.206942756487155,0.358435368494124));
#7634=CARTESIAN_POINT('',(4.211,0.,0.));
#7635=CARTESIAN_POINT('',(4.211,39.1503495798686,-22.6034648688056));
#7636=CARTESIAN_POINT('',(4.211,28.8961094337043,-17.1610903847413));
#7637=CARTESIAN_POINT('',(4.211,39.0470687188811,-11.5284261314165));
#7638=CARTESIAN_POINT('',(4.211,39.0470687188811,-11.5284261314165));
#7639=CARTESIAN_POINT('',(0.00402006002624712,39.2623744215952,-11.9164413447904));
#7640=CARTESIAN_POINT('',(-4.15003149052809,38.8955747588266,-12.0015761856804));
#7641=CARTESIAN_POINT('',(-12.3527861866907,37.0062320133774,-11.5871315024786));
#7642=CARTESIAN_POINT('',(-16.2615762563978,35.5073883153703,-11.0907041681413));
#7643=CARTESIAN_POINT('',(-19.8912643646771,33.4795510531264,-10.3103860456292));
#7644=CARTESIAN_POINT('',(4.211,-0.206942756487166,-0.358435368494118));
#7645=CARTESIAN_POINT('',(-19.8912643646771,25.6688317649023,-23.8389486964914));
#7646=CARTESIAN_POINT('',(-16.2616597582431,27.3584868413386,-25.2049167939327));
#7647=CARTESIAN_POINT('',(-12.3944687110567,28.5274409413844,-26.2450052488155));
#7648=CARTESIAN_POINT('',(-4.1907421828825,29.8387505420731,-27.6791550719153));
#7649=CARTESIAN_POINT('',(0.00415319416215132,29.9511140972675,-28.0439932284482));
#7650=CARTESIAN_POINT('',(4.211,29.5074442548992,-28.05154038816));
#7651=CARTESIAN_POINT('',(4.211,29.5074442548992,-28.05154038816));
#7652=CARTESIAN_POINT('',(4.211,29.3099949466787,-16.4442196477531));
#7653=CARTESIAN_POINT('',(4.211,0.206942756487166,0.358435368494118));
#7654=CARTESIAN_POINT('',(4.211,0.,0.));
#7655=CARTESIAN_POINT('',(4.211,-1.09059987015066E-13,-45.2069297376104));
#7656=CARTESIAN_POINT('',(4.211,-0.413885512974404,-33.6053100324938));
#7657=CARTESIAN_POINT('',(4.211,9.5396244639818,-39.579966519576));
#7658=CARTESIAN_POINT('',(4.211,9.5396244639818,-39.579966519576));
#7659=CARTESIAN_POINT('',(0.00402006002624897,9.31124628350223,-39.960434334393));
#7660=CARTESIAN_POINT('',(-4.15003149052809,9.05411751716,-39.6853439287808));
#7661=CARTESIAN_POINT('',(-12.3527861866907,8.46836576855158,-37.841902773165));
#7662=CARTESIAN_POINT('',(-16.2615762563978,8.1488626022171,-36.29565238722));
#7663=CARTESIAN_POINT('',(-19.8912643646771,7.81071928822396,-34.1493347421201));
#7664=CARTESIAN_POINT('',(4.211,-0.413885512974326,9.69696808993527E-16));
#7665=CARTESIAN_POINT('',(-19.8912643646771,-7.81071928822412,-34.1493347421201));
#7666=CARTESIAN_POINT('',(-16.2616597582431,-8.14885482314924,-36.2956030106679));
#7667=CARTESIAN_POINT('',(-12.3944687110567,-8.46512079723773,-37.827991184607));
#7668=CARTESIAN_POINT('',(-4.1907421828825,-9.05147617653071,-39.6806935225797));
#7669=CARTESIAN_POINT('',(0.00415319416215108,-9.31125351076097,-39.9604222941041));
#7670=CARTESIAN_POINT('',(4.211,-9.53962446398199,-39.579966519576));
#7671=CARTESIAN_POINT('',(4.211,-9.53962446398198,-39.579966519576));
#7672=CARTESIAN_POINT('',(4.211,0.413885512974247,-33.6053100324938));
#7673=CARTESIAN_POINT('',(4.211,0.413885512974326,-9.69696808993527E-16));
#7674=CARTESIAN_POINT('',(4.211,0.,0.));
#7675=CARTESIAN_POINT('',(4.211,-39.1503495798693,-22.6034648688042));
#7676=CARTESIAN_POINT('',(4.211,-29.3099949466793,-16.444219647752));
#7677=CARTESIAN_POINT('',(4.211,-29.5074442549001,-28.0515403881591));
#7678=CARTESIAN_POINT('',(4.211,-29.5074442549001,-28.0515403881591));
#7679=CARTESIAN_POINT('',(0.00402006002624915,-29.9511281380938,-28.0439929896022));
#7680=CARTESIAN_POINT('',(-4.15003149052809,-29.8414572416673,-27.6837677431));
#7681=CARTESIAN_POINT('',(-12.3527861866907,-28.5378662448265,-26.2547712706861));
#7682=CARTESIAN_POINT('',(-16.2615762563978,-27.3585257131539,-25.2049482190784));
#7683=CARTESIAN_POINT('',(-19.8912643646771,-25.6688317649031,-23.8389486964906));
#7684=CARTESIAN_POINT('',(4.211,-0.206942756487154,0.358435368494125));
#7685=CARTESIAN_POINT('',(-19.8912643646771,-33.4795510531268,-10.3103860456281));
#7686=CARTESIAN_POINT('',(-16.2616597582431,-35.5073416644882,-11.0906862167346));
#7687=CARTESIAN_POINT('',(-12.3944687110567,-36.9925617386225,-11.5829859357908));
#7688=CARTESIAN_POINT('',(-4.19074218288251,-38.8902267186043,-12.0015384506637));
#7689=CARTESIAN_POINT('',(0.00415319416215425,-39.2623676080289,-11.9164290656551));
#7690=CARTESIAN_POINT('',(4.211,-39.0470687188815,-11.5284261314152));
#7691=CARTESIAN_POINT('',(4.211,-39.0470687188815,-11.5284261314152));
#7692=CARTESIAN_POINT('',(4.211,-28.896109433705,-17.1610903847403));
#7693=CARTESIAN_POINT('',(4.211,0.206942756487154,-0.358435368494125));
#7694=CARTESIAN_POINT('',(4.211,0.,0.));
#7695=CARTESIAN_POINT('',(4.211,-39.1503495798683,22.603464868806));
#7696=CARTESIAN_POINT('',(4.211,-28.8961094337042,17.1610903847416));
#7697=CARTESIAN_POINT('',(4.211,-39.0470687188811,11.5284261314169));
#7698=CARTESIAN_POINT('',(4.211,-39.0470687188811,11.5284261314169));
#7699=CARTESIAN_POINT('',(0.00402006002624998,-39.2623744215951,11.9164413447908));
#7700=CARTESIAN_POINT('',(-4.15003149052809,-38.8955747588265,12.0015761856808));
#7701=CARTESIAN_POINT('',(-12.3527861866907,-37.0062320133773,11.587131502479));
#7702=CARTESIAN_POINT('',(-16.2615762563978,-35.5073883153702,11.0907041681417));
#7703=CARTESIAN_POINT('',(-19.8912643646771,-33.4795510531264,10.3103860456296));
#7704=CARTESIAN_POINT('',(4.211,0.20694275648717,0.358435368494116));
#7705=CARTESIAN_POINT('',(-19.8912643646771,-25.668831764902,23.8389486964917));
#7706=CARTESIAN_POINT('',(-16.2616597582431,-27.3584868413383,25.204916793933));
#7707=CARTESIAN_POINT('',(-12.3944687110567,-28.5274409413841,26.2450052488158));
#7708=CARTESIAN_POINT('',(-4.1907421828825,-29.8387505420728,27.6791550719156));
#7709=CARTESIAN_POINT('',(0.00415319416215376,-29.9511140972672,28.0439932284486));
#7710=CARTESIAN_POINT('',(4.211,-29.5074442548988,28.0515403881604));
#7711=CARTESIAN_POINT('',(4.211,-29.5074442548988,28.0515403881604));
#7712=CARTESIAN_POINT('',(4.211,-29.3099949466785,16.4442196477533));
#7713=CARTESIAN_POINT('',(4.211,-0.20694275648717,-0.358435368494116));
#7714=CARTESIAN_POINT('',(4.211,0.,0.));
#7715=CARTESIAN_POINT('',(4.211,3.14418630020796E-15,45.2069297376104));
#7716=CARTESIAN_POINT('',(4.211,0.413885512974326,33.6053100324938));
#7717=CARTESIAN_POINT('',(4.211,-9.53962446398189,39.579966519576));
#7718=CARTESIAN_POINT('',(4.211,-9.53962446398189,39.579966519576));
#7719=CARTESIAN_POINT('',(0.00402006002625001,-9.31124628350232,39.960434334393));
#7720=CARTESIAN_POINT('',(-4.15003149052809,-9.05411751716009,39.6853439287807));
#7721=CARTESIAN_POINT('',(-12.3527861866907,-8.46836576855166,37.841902773165));
#7722=CARTESIAN_POINT('',(-16.2615762563978,-8.14886260221718,36.29565238722));
#7723=CARTESIAN_POINT('',(-19.8912643646771,-7.81071928822403,34.1493347421201));
#7724=CARTESIAN_POINT('',(4.211,0.413885512974326,0.));
#7725=CARTESIAN_POINT('',(-19.8912643646771,7.81071928822404,34.1493347421201));
#7726=CARTESIAN_POINT('',(-16.2616597582431,8.14885482314916,36.2956030106679));
#7727=CARTESIAN_POINT('',(-12.3944687110567,8.46512079723763,37.827991184607));
#7728=CARTESIAN_POINT('',(-4.19074218288251,9.05147617653062,39.6806935225797));
#7729=CARTESIAN_POINT('',(0.00415319416214986,9.31125351076086,39.9604222941041));
#7730=CARTESIAN_POINT('',(4.211,9.53962446398189,39.579966519576));
#7731=CARTESIAN_POINT('',(4.211,9.53962446398189,39.579966519576));
#7732=CARTESIAN_POINT('',(4.211,-0.413885512974326,33.6053100324938));
#7733=CARTESIAN_POINT('',(4.211,-0.413885512974326,0.));
#7734=CARTESIAN_POINT('',(4.211,-29.6009898828781,33.5507448047543));
#7735=CARTESIAN_POINT('',(3.6956350689809,-25.97826081399,29.4446233889522));
#7736=CARTESIAN_POINT('',(3.69563506898091,-25.97826081399,29.4446233889522));
#7737=CARTESIAN_POINT('',(-0.303633682591874,-26.5583767702963,29.4347551776033));
#7738=CARTESIAN_POINT('',(-4.31267611156586,-26.6070720887234,29.0720537882352));
#7739=CARTESIAN_POINT('',(-12.1816479596244,-25.6650188949197,27.6520167429978));
#7740=CARTESIAN_POINT('',(-15.9071229320363,-24.6979176150474,26.6236748400542));
#7741=CARTESIAN_POINT('',(-19.4211852104808,-23.2277766652594,25.2745238572171));
#7742=CARTESIAN_POINT('',(-19.4211852104807,-23.2277766652594,25.2745238572171));
#7743=CARTESIAN_POINT('',(-19.4754736058208,-24.3007794278359,24.2466978274265));
#7744=CARTESIAN_POINT('',(-19.891264364677,-25.6688317649021,23.8389486964917));
#7745=CARTESIAN_POINT('',(-15.9079901227834,-24.6975548174777,26.6233419004019));
#7746=CARTESIAN_POINT('',(-15.91837456448,-25.8538321078411,25.5527211837003));
#7747=CARTESIAN_POINT('',(-16.2960144996566,-27.342494007151,25.1919877050573));
#7748=CARTESIAN_POINT('',(-12.1816479596422,-25.665018894975,27.6520167429417));
#7749=CARTESIAN_POINT('',(-12.1504682419896,-26.8940301467801,26.5285307343261));
#7750=CARTESIAN_POINT('',(-12.4541762501855,-28.5120245029346,26.2306976908019));
#7751=CARTESIAN_POINT('',(-4.3126761115481,-26.6070720886681,29.0720537882914));
#7752=CARTESIAN_POINT('',(-4.18922546258717,-27.9854600712599,27.8377455592843));
#7753=CARTESIAN_POINT('',(-4.2579892658316,-29.8337839041385,27.6712093526812));
#7754=CARTESIAN_POINT('',(-0.284630831246995,-26.5556203020204,29.4348020672489));
#7755=CARTESIAN_POINT('',(-0.103775429869969,-27.9992190721166,28.1384512723928));
#7756=CARTESIAN_POINT('',(-0.021999219193952,-29.9538722285384,28.0439463105488));
#7757=CARTESIAN_POINT('',(3.69563506898086,-25.97826081399,29.4446233889521));
#7758=CARTESIAN_POINT('',(3.91778960117259,-27.4866621115533,28.0859154213994));
#7759=CARTESIAN_POINT('',(4.211,-29.5074442548988,28.0515403881604));
#7760=CARTESIAN_POINT('',(4.211,-43.8562922582447,8.85983681336322));
#7761=CARTESIAN_POINT('',(3.69563506898088,-38.4889222666927,7.77552211657867));
#7762=CARTESIAN_POINT('',(-19.4211852104808,-33.5022680615353,7.47858273693885));
#7763=CARTESIAN_POINT('',(-15.9071503691116,-35.4057226992087,8.0771819814043));
#7764=CARTESIAN_POINT('',(-12.14274236486,-36.7922125383682,8.40297638018322));
#7765=CARTESIAN_POINT('',(-4.27127876332622,-38.4856354158415,8.50500746728794));
#7766=CARTESIAN_POINT('',(-0.303642945862808,-38.7704347751772,8.28285255265195));
#7767=CARTESIAN_POINT('',(3.69563506898088,-38.4889222666927,7.77552211657867));
#7768=CARTESIAN_POINT('',(3.69563506898086,-38.4889222666927,7.77552211657867));
#7769=CARTESIAN_POINT('',(3.91778960117259,-38.0664472992492,9.76118994314617));
#7770=CARTESIAN_POINT('',(4.211,-39.047068718881,11.5284261314169));
#7771=CARTESIAN_POINT('',(-0.30265805107217,-38.7703654476991,8.28272761289868));
#7772=CARTESIAN_POINT('',(-0.121843643883893,-38.3695789891105,10.1806856597401));
#7773=CARTESIAN_POINT('',(-0.0409425335874221,-39.2646755263627,11.9205883025636));
#7774=CARTESIAN_POINT('',(-4.27127876330903,-38.4856354158438,8.50500746729454));
#7775=CARTESIAN_POINT('',(-4.1472723739293,-38.105728479874,10.316815447732));
#7776=CARTESIAN_POINT('',(-4.21459733571023,-38.8868314731748,12.0013852602364));
#7777=CARTESIAN_POINT('',(-12.1427423648772,-36.7922125383659,8.40297638017663));
#7778=CARTESIAN_POINT('',(-12.1111385663295,-36.4336600338126,10.030006934308));
#7779=CARTESIAN_POINT('',(-12.413923230923,-36.9859274594711,11.5809238410923));
#7780=CARTESIAN_POINT('',(-15.9234625228428,-35.3968868606973,8.07440328266321));
#7781=CARTESIAN_POINT('',(-15.9341485236808,-35.0477625885299,9.61064625074227));
#7782=CARTESIAN_POINT('',(-16.3120128810343,-35.4792103385633,11.0798611941973));
#7783=CARTESIAN_POINT('',(-19.4211852104807,-33.5022680615353,7.47858273693884));
#7784=CARTESIAN_POINT('',(-19.4754736058208,-33.1486459903539,8.92174340255625));
#7785=CARTESIAN_POINT('',(-19.891264364677,-33.4795510531264,10.3103860456296));
#7786=CARTESIAN_POINT('',(4.211,-43.8562922582451,-8.85983681336123));
#7787=CARTESIAN_POINT('',(3.69563506898089,-38.4889222666931,-7.77552211657693));
#7788=CARTESIAN_POINT('',(3.6956350689809,-38.488922266693,-7.77552211657692));
#7789=CARTESIAN_POINT('',(-0.303633682591878,-38.7704341231282,-8.28285137755327));
#7790=CARTESIAN_POINT('',(-4.31267611156586,-38.4806731651611,-8.50637345504054));
#7791=CARTESIAN_POINT('',(-12.1816479596244,-36.7798584127686,-8.40054998010897));
#7792=CARTESIAN_POINT('',(-15.9071229320363,-35.4057375611073,-8.07718665517894));
#7793=CARTESIAN_POINT('',(-19.4211852104808,-33.5022680615356,-7.47858273693732));
#7794=CARTESIAN_POINT('',(-19.4211852104807,-33.5022680615356,-7.47858273693733));
#7795=CARTESIAN_POINT('',(-19.4754736058208,-33.1486459903543,-8.92174340255476));
#7796=CARTESIAN_POINT('',(-19.891264364677,-33.4795510531268,-10.3103860456281));
#7797=CARTESIAN_POINT('',(-15.9079901227868,-35.4052678280957,-8.07703893321808));
#7798=CARTESIAN_POINT('',(-15.9183745645247,-35.056221734851,-9.61371479888502));
#7799=CARTESIAN_POINT('',(-16.2960144996897,-35.4881483280112,-11.08330056061));
#7800=CARTESIAN_POINT('',(-12.1816479596428,-36.7798584127549,-8.40054998015199));
#7801=CARTESIAN_POINT('',(-12.1504682419906,-36.4213966143936,-10.0266479500733));
#7802=CARTESIAN_POINT('',(-12.4541762501879,-36.9724628106804,-11.57678868744));
#7803=CARTESIAN_POINT('',(-4.31267611154747,-38.4806731651748,-8.50637345499751));
#7804=CARTESIAN_POINT('',(-4.18922546258821,-38.1009248740563,-10.3172465786834));
#7805=CARTESIAN_POINT('',(-4.25798926582912,-38.8808622049401,-12.0012100756831));
#7806=CARTESIAN_POINT('',(-0.284630831255737,-38.7690964966354,-8.28044076107982));
#7807=CARTESIAN_POINT('',(-0.10377542988464,-38.3682231609712,-10.1788093663282));
#7808=CARTESIAN_POINT('',(-0.0219992192031044,-39.2637060415277,-11.9188411362741));
#7809=CARTESIAN_POINT('',(3.6956350689809,-38.4889222666931,-7.77552211657692));
#7810=CARTESIAN_POINT('',(3.91778960117263,-38.0664472992497,-9.76118994314444));
#7811=CARTESIAN_POINT('',(4.21100000000004,-39.0470687188816,-11.5284261314152));
#7812=CARTESIAN_POINT('',(4.211,-29.6009898828797,-33.5507448047529));
#7813=CARTESIAN_POINT('',(3.69563506898088,-25.9782608139914,-29.444623388951));
#7814=CARTESIAN_POINT('',(-19.4211852104808,-23.2277766652605,-25.2745238572161));
#7815=CARTESIAN_POINT('',(-15.9071503691116,-24.6979061364905,-26.6236643061598));
#7816=CARTESIAN_POINT('',(-12.14274236486,-25.6732972818235,-27.6615025295715));
#7817=CARTESIAN_POINT('',(-4.27127876332622,-26.6083702339686,-29.0770342172607));
#7818=CARTESIAN_POINT('',(-0.303642945862808,-26.5583781139861,-29.434755154745));
#7819=CARTESIAN_POINT('',(3.69563506898088,-25.9782608139914,-29.444623388951));
#7820=CARTESIAN_POINT('',(3.69563506898086,-25.9782608139914,-29.444623388951));
#7821=CARTESIAN_POINT('',(3.91778960117259,-27.4866621115545,-28.0859154213982));
#7822=CARTESIAN_POINT('',(4.211,-29.5074442549001,-28.051540388159));
#7823=CARTESIAN_POINT('',(-0.302658051097724,-26.5582352490799,-29.4347575854149));
#7824=CARTESIAN_POINT('',(-0.121843643904903,-28.0015219036277,-28.1386873073718));
#7825=CARTESIAN_POINT('',(-0.0409425336066471,-29.9558700610512,-28.0439123259048));
#7826=CARTESIAN_POINT('',(-4.27127876330619,-26.6083702339868,-29.0770342172498));
#7827=CARTESIAN_POINT('',(-4.14727237393039,-27.9874885038754,-27.8421211693934));
#7828=CARTESIAN_POINT('',(-4.21459733571335,-29.8369202525618,-27.676291298334));
#7829=CARTESIAN_POINT('',(-12.14274236488,-25.6732972818053,-27.6615025295824));
#7830=CARTESIAN_POINT('',(-12.1111385663306,-26.9030708221047,-26.5374716749963));
#7831=CARTESIAN_POINT('',(-12.4139232309199,-28.5223379754091,-26.2402908418853));
#7832=CARTESIAN_POINT('',(-15.9234625228348,-24.6910817934228,-26.6174015950255));
#7833=CARTESIAN_POINT('',(-15.934148523625,-25.8469450941009,-25.5469296220815));
#7834=CARTESIAN_POINT('',(-16.3120128809862,-27.3350464337213,-25.1859668623529));
#7835=CARTESIAN_POINT('',(-19.4211852104807,-23.2277766652606,-25.2745238572161));
#7836=CARTESIAN_POINT('',(-19.4754736058208,-24.300779427837,-24.2466978274254));
#7837=CARTESIAN_POINT('',(-19.891264364677,-25.6688317649031,-23.8389486964905));
#7838=CARTESIAN_POINT('',(4.211,-14.2553023753662,-42.410581618116));
#7839=CARTESIAN_POINT('',(3.69563506898089,-12.5106614527023,-37.2201455055295));
#7840=CARTESIAN_POINT('',(3.6956350689809,-12.5106614527023,-37.2201455055295));
#7841=CARTESIAN_POINT('',(-0.30363368259188,-12.2120573528312,-37.717606555157));
#7842=CARTESIAN_POINT('',(-4.31267611156587,-11.873601076437,-37.5784272432762));
#7843=CARTESIAN_POINT('',(-12.1816479596244,-11.1148395178483,-36.0525667231072));
#7844=CARTESIAN_POINT('',(-15.9071229320363,-10.7078199460593,-34.7008614952335));
#7845=CARTESIAN_POINT('',(-19.4211852104808,-10.2744913962756,-32.7531065941548));
#7846=CARTESIAN_POINT('',(-19.4211852104807,-10.2744913962756,-32.7531065941548));
#7847=CARTESIAN_POINT('',(-19.4754736058208,-8.84786656251777,-33.1684412299816));
#7848=CARTESIAN_POINT('',(-19.891264364677,-7.81071928822412,-34.1493347421201));
#7849=CARTESIAN_POINT('',(-15.9079901227783,-10.7077130107287,-34.700380833473));
#7850=CARTESIAN_POINT('',(-15.9183745645046,-9.20238962700536,-35.1664359824843));
#7851=CARTESIAN_POINT('',(-16.2960144996317,-8.14565432087258,-36.275288265509));
#7852=CARTESIAN_POINT('',(-12.181647959643,-11.114839517823,-36.0525667231109));
#7853=CARTESIAN_POINT('',(-12.1504682419867,-9.52736646765254,-36.555178684368));
#7854=CARTESIAN_POINT('',(-12.454176250179,-8.46043830778135,-37.807486378235));
#7855=CARTESIAN_POINT('',(-4.31267611154725,-11.8736010764623,-37.5784272432724));
#7856=CARTESIAN_POINT('',(-4.18922546259222,-10.1154648027559,-38.1549921379999));
#7857=CARTESIAN_POINT('',(-4.25798926583813,-9.04707830076451,-39.6724194283718));
#7858=CARTESIAN_POINT('',(-0.284630831262308,-12.213476194759,-37.715242828374));
#7859=CARTESIAN_POINT('',(-0.103775429870799,-10.3690040889926,-38.3172606387015));
#7860=CARTESIAN_POINT('',(-0.0219992191968516,-9.30983381308608,-39.9627874468123));
#7861=CARTESIAN_POINT('',(3.6956350689809,-12.5106614527023,-37.2201455055295));
#7862=CARTESIAN_POINT('',(3.91778960117263,-10.5797851876957,-37.8471053645442));
#7863=CARTESIAN_POINT('',(4.21100000000004,-9.53962446398199,-39.5799665195759));
#7864=CARTESIAN_POINT('',(4.211,14.255302375366,-42.4105816181161));
#7865=CARTESIAN_POINT('',(3.69563506898088,12.5106614527021,-37.2201455055296));
#7866=CARTESIAN_POINT('',(-19.4211852104808,10.2744913962754,-32.7531065941549));
#7867=CARTESIAN_POINT('',(-15.9071503691116,10.7078165627189,-34.7008462875641));
#7868=CARTESIAN_POINT('',(-12.14274236486,11.1189152565454,-36.0644789097546));
#7869=CARTESIAN_POINT('',(-4.27127876332622,11.8772651818737,-37.5820416845486));
#7870=CARTESIAN_POINT('',(-0.303642945862803,12.2120566611919,-37.7176077073968));
#7871=CARTESIAN_POINT('',(3.69563506898088,12.5106614527021,-37.2201455055296));
#7872=CARTESIAN_POINT('',(3.69563506898086,12.5106614527022,-37.2201455055296));
#7873=CARTESIAN_POINT('',(3.91778960117259,10.5797851876956,-37.8471053645443));
#7874=CARTESIAN_POINT('',(4.211,9.5396244639818,-39.579966519576));
#7875=CARTESIAN_POINT('',(-0.302658051067211,12.212130198355,-37.7174851981955));
#7876=CARTESIAN_POINT('',(-0.121843643886251,10.3680570851214,-38.3193729668379));
#7877=CARTESIAN_POINT('',(-0.040942533594962,9.30880546512786,-39.9645006284291));
#7878=CARTESIAN_POINT('',(-4.27127876329638,11.8772651818365,-37.5820416845669));
#7879=CARTESIAN_POINT('',(-4.14727237392638,10.1182399760031,-38.1589366172093));
#7880=CARTESIAN_POINT('',(-4.21459733570299,9.04991122060271,-39.6776765585964));
#7881=CARTESIAN_POINT('',(-12.1427423648898,11.1189152565826,-36.0644789097364));
#7882=CARTESIAN_POINT('',(-12.1111385663346,9.5305892117045,-36.5674786092211));
#7883=CARTESIAN_POINT('',(-12.4139232309303,8.46358948407392,-37.8212146829517));
#7884=CARTESIAN_POINT('',(-15.9234625228362,10.7058050671017,-34.6918048776018));
#7885=CARTESIAN_POINT('',(-15.9341485237044,9.20081749426175,-35.1575758729427));
#7886=CARTESIAN_POINT('',(-16.3120128810361,8.14416390467388,-36.2658280565392));
#7887=CARTESIAN_POINT('',(-19.4211852104807,10.2744913962754,-32.7531065941548));
#7888=CARTESIAN_POINT('',(-19.4754736058208,8.84786656251761,-33.1684412299816));
#7889=CARTESIAN_POINT('',(-19.891264364677,7.81071928822395,-34.1493347421201));
#7890=CARTESIAN_POINT('',(4.211,29.6009898828785,-33.5507448047539));
#7891=CARTESIAN_POINT('',(3.69563506898089,25.9782608139904,-29.4446233889519));
#7892=CARTESIAN_POINT('',(3.6956350689809,25.9782608139904,-29.4446233889519));
#7893=CARTESIAN_POINT('',(-0.303633682591877,26.5583767702967,-29.434755177603));
#7894=CARTESIAN_POINT('',(-4.31267611156585,26.6070720887237,-29.0720537882349));
#7895=CARTESIAN_POINT('',(-12.1816479596244,25.6650188949199,-27.6520167429975));
#7896=CARTESIAN_POINT('',(-15.9071229320363,24.6979176150477,-26.623674840054));
#7897=CARTESIAN_POINT('',(-19.4211852104808,23.2277766652597,-25.2745238572168));
#7898=CARTESIAN_POINT('',(-19.4211852104807,23.2277766652597,-25.2745238572168));
#7899=CARTESIAN_POINT('',(-19.4754736058208,24.3007794278362,-24.2466978274262));
#7900=CARTESIAN_POINT('',(-19.891264364677,25.6688317649023,-23.8389486964914));
#7901=CARTESIAN_POINT('',(-15.9079901227738,24.6975548173578,-26.6233419005193));
#7902=CARTESIAN_POINT('',(-15.9183745645258,25.8538321078094,-25.5527211838761));
#7903=CARTESIAN_POINT('',(-16.2960144996371,27.3424940071199,-25.1919877050708));
#7904=CARTESIAN_POINT('',(-12.1816479596452,25.6650188949371,-27.6520167429757));
#7905=CARTESIAN_POINT('',(-12.1504682419917,26.8940301467326,-26.5285307343571));
#7906=CARTESIAN_POINT('',(-12.4541762501841,28.5120245029,-26.2306976908058));
#7907=CARTESIAN_POINT('',(-4.31267611154504,26.6070720887065,-29.0720537882568));
#7908=CARTESIAN_POINT('',(-4.18922546258929,27.9854600713078,-27.8377455592517));
#7909=CARTESIAN_POINT('',(-4.25798926583294,29.8337839041737,-27.6712093526767));
#7910=CARTESIAN_POINT('',(-0.284630831289361,26.5556203017196,-29.4348020675196));
#7911=CARTESIAN_POINT('',(-0.103775429900664,27.9992190718321,-28.1384512726225));
#7912=CARTESIAN_POINT('',(-0.0219992192144408,29.9538722283081,-28.0439463105524));
#7913=CARTESIAN_POINT('',(3.6956350689809,25.9782608139904,-29.4446233889518));
#7914=CARTESIAN_POINT('',(3.91778960117263,27.4866621115536,-28.0859154213991));
#7915=CARTESIAN_POINT('',(4.21100000000004,29.5074442548991,-28.05154038816));
#7916=CARTESIAN_POINT('',(4.211,43.8562922582448,-8.85983681336272));
#7917=CARTESIAN_POINT('',(3.69563506898088,38.4889222666928,-7.77552211657823));
#7918=CARTESIAN_POINT('',(-19.4211852104808,33.5022680615354,-7.47858273693845));
#7919=CARTESIAN_POINT('',(-15.9071503691116,35.4057226992088,-8.07718198140389));
#7920=CARTESIAN_POINT('',(-12.14274236486,36.7922125383683,-8.40297638018285));
#7921=CARTESIAN_POINT('',(-4.27127876332622,38.4856354158416,-8.50500746728755));
#7922=CARTESIAN_POINT('',(-0.303642945862803,38.7704347751772,-8.28285255265151));
#7923=CARTESIAN_POINT('',(3.69563506898088,38.4889222666928,-7.77552211657823));
#7924=CARTESIAN_POINT('',(3.69563506898086,38.4889222666928,-7.77552211657822));
#7925=CARTESIAN_POINT('',(3.91778960117259,38.0664472992494,-9.76118994314573));
#7926=CARTESIAN_POINT('',(4.211,39.0470687188812,-11.5284261314165));
#7927=CARTESIAN_POINT('',(-0.302658051040456,38.7703654476308,-8.28272761322184));
#7928=CARTESIAN_POINT('',(-0.121843643855623,38.3695789891103,-10.1806856600052));
#7929=CARTESIAN_POINT('',(-0.0409425335637925,39.2646755264772,-11.9205883027692));
#7930=CARTESIAN_POINT('',(-4.27127876330218,38.4856354158443,-8.50500746729902));
#7931=CARTESIAN_POINT('',(-4.14727237393253,38.1057284799054,-10.3168154477475));
#7932=CARTESIAN_POINT('',(-4.21459733570753,38.8868314731779,-12.0013852602416));
#7933=CARTESIAN_POINT('',(-12.142742364884,36.7922125383656,-8.40297638017135));
#7934=CARTESIAN_POINT('',(-12.1111385663327,36.4336600337804,-10.0300069342916));
#7935=CARTESIAN_POINT('',(-12.4139232309257,36.9859274594682,-11.5809238410863));
#7936=CARTESIAN_POINT('',(-15.9234625228442,35.3968868606612,-8.07440328282083));
#7937=CARTESIAN_POINT('',(-15.9341485236266,35.0477625884143,-9.61064625084602));
#7938=CARTESIAN_POINT('',(-16.3120128810556,35.4792103385811,-11.0798611942699));
#7939=CARTESIAN_POINT('',(-19.4211852104807,33.5022680615354,-7.47858273693846));
#7940=CARTESIAN_POINT('',(-19.4754736058208,33.148645990354,-8.92174340255588));
#7941=CARTESIAN_POINT('',(-19.891264364677,33.4795510531265,-10.3103860456292));
#7942=CARTESIAN_POINT('',(4.211,43.856292258245,8.8598368133614));
#7943=CARTESIAN_POINT('',(3.69563506898089,38.488922266693,7.77552211657707));
#7944=CARTESIAN_POINT('',(3.6956350689809,38.488922266693,7.77552211657707));
#7945=CARTESIAN_POINT('',(-0.303633682591876,38.7704341231282,8.28285137755342));
#7946=CARTESIAN_POINT('',(-4.31267611156586,38.480673165161,8.50637345504068));
#7947=CARTESIAN_POINT('',(-12.1816479596244,36.7798584127686,8.4005499801091));
#7948=CARTESIAN_POINT('',(-15.9071229320363,35.4057375611073,8.07718665517907));
#7949=CARTESIAN_POINT('',(-19.4211852104808,33.5022680615356,7.47858273693745));
#7950=CARTESIAN_POINT('',(-19.4211852104807,33.5022680615356,7.47858273693746));
#7951=CARTESIAN_POINT('',(-19.4754736058208,33.1486459903542,8.92174340255489));
#7952=CARTESIAN_POINT('',(-19.891264364677,33.4795510531268,10.3103860456282));
#7953=CARTESIAN_POINT('',(-15.9079901227797,35.4052678281416,8.07703893303105));
#7954=CARTESIAN_POINT('',(-15.9183745645261,35.0562217349562,9.61371479861763));
#7955=CARTESIAN_POINT('',(-16.2960144996464,35.4881483279808,11.0833005604762));
#7956=CARTESIAN_POINT('',(-12.1816479596425,36.7798584127559,8.40054998014797));
#7957=CARTESIAN_POINT('',(-12.1504682419845,36.421396614394,10.0266479500458));
#7958=CARTESIAN_POINT('',(-12.4541762501791,36.9724628106761,11.5767886874261));
#7959=CARTESIAN_POINT('',(-4.31267611154773,38.4806731651737,8.50637345500181));
#7960=CARTESIAN_POINT('',(-4.18922546259006,38.1009248740568,10.3172465787116));
#7961=CARTESIAN_POINT('',(-4.25798926583797,38.8808622049443,12.0012100756973));
#7962=CARTESIAN_POINT('',(-0.284630831261938,38.7690964966481,8.28044076101973));
#7963=CARTESIAN_POINT('',(-0.103775429877592,38.368223161191,10.1788093661723));
#7964=CARTESIAN_POINT('',(-0.0219992191914358,39.2637060415455,11.9188411363065));
#7965=CARTESIAN_POINT('',(3.6956350689809,38.488922266693,7.77552211657707));
#7966=CARTESIAN_POINT('',(3.91778960117263,38.0664472992496,9.7611899431446));
#7967=CARTESIAN_POINT('',(4.21100000000004,39.0470687188815,11.5284261314153));
#7968=CARTESIAN_POINT('',(4.211,29.6009898828795,33.5507448047531));
#7969=CARTESIAN_POINT('',(3.69563506898088,25.9782608139912,29.4446233889511));
#7970=CARTESIAN_POINT('',(-19.4211852104808,23.2277766652604,25.2745238572161));
#7971=CARTESIAN_POINT('',(-15.9071503691116,24.6979061364904,26.6236643061599));
#7972=CARTESIAN_POINT('',(-12.14274236486,25.6732972818234,27.6615025295716));
#7973=CARTESIAN_POINT('',(-4.27127876332622,26.6083702339685,29.0770342172608));
#7974=CARTESIAN_POINT('',(-0.303642945862805,26.558378113986,29.4347551547451));
#7975=CARTESIAN_POINT('',(3.69563506898088,25.9782608139912,29.4446233889511));
#7976=CARTESIAN_POINT('',(3.69563506898086,25.9782608139913,29.4446233889511));
#7977=CARTESIAN_POINT('',(3.91778960117259,27.4866621115544,28.0859154213983));
#7978=CARTESIAN_POINT('',(4.211,29.5074442549,28.0515403881592));
#7979=CARTESIAN_POINT('',(-0.302658051061784,26.5582352493396,29.4347575851813));
#7980=CARTESIAN_POINT('',(-0.121843643884332,28.001521903835,28.1386873071259));
#7981=CARTESIAN_POINT('',(-0.040942533582897,29.9558700613115,28.0439123259005));
#7982=CARTESIAN_POINT('',(-4.27127876330348,26.6083702339828,29.0770342172543));
#7983=CARTESIAN_POINT('',(-4.14727237393038,27.9874885038433,27.8421211694255));
#7984=CARTESIAN_POINT('',(-4.21459733570804,29.8369202525609,27.6762912983353));
#7985=CARTESIAN_POINT('',(-12.1427423648827,25.6732972818091,27.6615025295782));
#7986=CARTESIAN_POINT('',(-12.1111385663306,26.9030708221363,26.5374716749647));
#7987=CARTESIAN_POINT('',(-12.4139232309252,28.5223379754097,26.2402908418843));
#7988=CARTESIAN_POINT('',(-15.9234625228394,24.6910817935438,26.6174015949108));
#7989=CARTESIAN_POINT('',(-15.9341485236856,25.846945094219,25.5469296221014));
#7990=CARTESIAN_POINT('',(-16.312012881045,27.3350464339009,25.1859668622976));
#7991=CARTESIAN_POINT('',(-19.4211852104807,23.2277766652604,25.2745238572161));
#7992=CARTESIAN_POINT('',(-19.4754736058208,24.3007794278369,24.2466978274255));
#7993=CARTESIAN_POINT('',(-19.891264364677,25.668831764903,23.8389486964906));
#7994=CARTESIAN_POINT('',(4.211,14.2553023753661,42.410581618116));
#7995=CARTESIAN_POINT('',(3.69563506898089,12.5106614527022,37.2201455055296));
#7996=CARTESIAN_POINT('',(3.6956350689809,12.5106614527022,37.2201455055295));
#7997=CARTESIAN_POINT('',(-0.303633682591883,12.2120573528311,37.717606555157));
#7998=CARTESIAN_POINT('',(-4.31267611156587,11.8736010764369,37.5784272432762));
#7999=CARTESIAN_POINT('',(-12.1816479596244,11.1148395178482,36.0525667231072));
#8000=CARTESIAN_POINT('',(-15.9071229320363,10.7078199460592,34.7008614952336));
#8001=CARTESIAN_POINT('',(-19.4211852104808,10.2744913962755,32.7531065941548));
#8002=CARTESIAN_POINT('',(-19.4211852104807,10.2744913962755,32.7531065941548));
#8003=CARTESIAN_POINT('',(-19.4754736058208,8.84786656251768,33.1684412299816));
#8004=CARTESIAN_POINT('',(-19.891264364677,7.81071928822403,34.1493347421202));
#8005=CARTESIAN_POINT('',(-15.9079901227733,10.7077130107743,34.7003808334617));
#8006=CARTESIAN_POINT('',(-15.9183745644381,9.2023896270744,35.1664359823397));
#8007=CARTESIAN_POINT('',(-16.2960144996122,8.14565432090749,36.2752882654798));
#8008=CARTESIAN_POINT('',(-12.1816479596495,11.1148395177953,36.0525667231181));
#8009=CARTESIAN_POINT('',(-12.1504682419975,9.52736646762482,36.5551786844157));
#8010=CARTESIAN_POINT('',(-12.4541762501884,8.46043830777557,37.8074863782397));
#8011=CARTESIAN_POINT('',(-4.31267611154085,11.8736010764898,37.5784272432653));
#8012=CARTESIAN_POINT('',(-4.18922546257916,10.1154648027839,38.1549921379521));
#8013=CARTESIAN_POINT('',(-4.25798926582868,9.04707830077009,39.6724194283672));
#8014=CARTESIAN_POINT('',(-0.284630831273974,12.2134761948,37.7152428283614));
#8015=CARTESIAN_POINT('',(-0.103775429912883,10.3690040891155,38.3172606385107));
#8016=CARTESIAN_POINT('',(-0.0219992192124372,9.30983381312475,39.9627874467478));
#8017=CARTESIAN_POINT('',(3.6956350689809,12.5106614527022,37.2201455055295));
#8018=CARTESIAN_POINT('',(3.91778960117263,10.5797851876956,37.8471053645443));
#8019=CARTESIAN_POINT('',(4.21100000000004,9.5396244639819,39.579966519576));
#8020=CARTESIAN_POINT('',(4.211,-14.2553023753661,42.410581618116));
#8021=CARTESIAN_POINT('',(3.69563506898088,-12.5106614527022,37.2201455055296));
#8022=CARTESIAN_POINT('',(-19.4211852104808,-10.2744913962755,32.7531065941548));
#8023=CARTESIAN_POINT('',(-15.9071503691116,-10.707816562719,34.700846287564));
#8024=CARTESIAN_POINT('',(-12.14274236486,-11.1189152565455,36.0644789097546));
#8025=CARTESIAN_POINT('',(-4.27127876332622,-11.8772651818738,37.5820416845486));
#8026=CARTESIAN_POINT('',(-0.303642945862807,-12.212056661192,37.7176077073968));
#8027=CARTESIAN_POINT('',(3.69563506898088,-12.5106614527022,37.2201455055296));
#8028=CARTESIAN_POINT('',(3.69563506898086,-12.5106614527022,37.2201455055295));
#8029=CARTESIAN_POINT('',(3.91778960117259,-10.5797851876956,37.8471053645443));
#8030=CARTESIAN_POINT('',(4.211,-9.5396244639819,39.579966519576));
#8031=CARTESIAN_POINT('',(-0.302658051053718,-12.2121301983024,37.7174851982119));
#8032=CARTESIAN_POINT('',(-0.121843643881348,-10.368057085114,38.3193729668845));
#8033=CARTESIAN_POINT('',(-0.0409425335828771,-9.3088054650989,39.9645006284775));
#8034=CARTESIAN_POINT('',(-4.27127876330708,-11.8772651818405,37.5820416845633));
#8035=CARTESIAN_POINT('',(-4.14727237393253,-10.118239976027,38.1589366171929));
#8036=CARTESIAN_POINT('',(-4.21459733571242,-9.04991122060895,39.677676558585));
#8037=CARTESIAN_POINT('',(-12.1427423648791,-11.1189152565789,36.0644789097399));
#8038=CARTESIAN_POINT('',(-12.1111385663327,-9.53058921168068,36.5674786092365));
#8039=CARTESIAN_POINT('',(-12.4139232309208,-8.46358948406786,37.8212146829631));
#8040=CARTESIAN_POINT('',(-15.9234625228412,-10.7058050671505,34.6918048775836));
#8041=CARTESIAN_POINT('',(-15.9341485236468,-9.20081749419575,35.1575758728344));
#8042=CARTESIAN_POINT('',(-16.3120128810155,-8.14416390473854,36.2658280564744));
#8043=CARTESIAN_POINT('',(-19.4211852104807,-10.2744913962755,32.7531065941548));
#8044=CARTESIAN_POINT('',(-19.4754736058208,-8.84786656251768,33.1684412299816));
#8045=CARTESIAN_POINT('',(-19.891264364677,-7.81071928822403,34.1493347421202));
#8046=CARTESIAN_POINT('',(-19.9136087705842,-20.8816277670089,28.3337150323108));
#8047=CARTESIAN_POINT('',(-19.8134419587586,-19.9455649865406,28.670988038688));
#8048=CARTESIAN_POINT('',(-19.8134419587586,-19.9455649865406,28.670988038688));
#8049=CARTESIAN_POINT('',(-20.4059315429401,-19.7769100218882,28.3788690709612));
#8050=CARTESIAN_POINT('',(-20.9964223028962,-19.6041743760164,28.0850072469308));
#8051=CARTESIAN_POINT('',(-21.5848744184394,-19.4269249385103,27.7898316375256));
#8052=CARTESIAN_POINT('',(-23.3125484599875,-18.9065270268203,26.9232067676384));
#8053=CARTESIAN_POINT('',(-25.0241180844388,-18.3545437918698,26.0380948319987));
#8054=CARTESIAN_POINT('',(-26.7180600986552,-17.7025042862916,25.194225659037));
#8055=CARTESIAN_POINT('',(-19.4211852104807,-20.3652670408217,27.6330791511953));
#8056=CARTESIAN_POINT('',(-19.4564918484895,-19.7612461435631,28.0534213812967));
#8057=CARTESIAN_POINT('',(-19.8134419587586,-19.9455649865406,28.670988038688));
#8058=CARTESIAN_POINT('',(-21.7755762770035,-19.692109035441,26.4744669587061));
#8059=CARTESIAN_POINT('',(-21.8018101322496,-19.0947422876866,26.9001526937308));
#8060=CARTESIAN_POINT('',(-22.1570050974516,-19.2784586459958,27.5155259628182));
#8061=CARTESIAN_POINT('',(-24.1370348278345,-19.0003074980991,25.3233566009589));
#8062=CARTESIAN_POINT('',(-24.0513030361863,-18.487822821442,25.76835426048));
#8063=CARTESIAN_POINT('',(-24.4695597127047,-18.5680068054883,26.3143585495763));
#8064=CARTESIAN_POINT('',(-26.4961866920755,-18.126671814102,24.3098305161209));
#8065=CARTESIAN_POINT('',(-26.4780378398148,-17.666778047106,24.6655596067873));
#8066=CARTESIAN_POINT('',(-26.718060098655,-17.7025042862918,25.1942256590371));
#8067=CARTESIAN_POINT('',(-19.9136087705842,-14.0969031180657,32.2508776347556));
#8068=CARTESIAN_POINT('',(-19.8134419587585,-14.8570214998332,31.6088599905217));
#8069=CARTESIAN_POINT('',(-26.718060098655,-12.9675873062579,27.9279312520501));
#8070=CARTESIAN_POINT('',(-26.139996334746,-13.1057241549309,28.2646179516927));
#8071=CARTESIAN_POINT('',(-25.5598211490941,-13.2551363099806,28.5931502498961));
#8072=CARTESIAN_POINT('',(-24.9778439003251,-13.4103143308301,28.9153608977379));
#8073=CARTESIAN_POINT('',(-23.2734142518829,-13.8647823020127,29.8590152800817));
#8074=CARTESIAN_POINT('',(-21.5519699161343,-14.3621412875446,30.7517023191772));
#8075=CARTESIAN_POINT('',(-19.8134419587585,-14.8570214998332,31.6088599905217));
#8076=CARTESIAN_POINT('',(-26.4961866920756,-11.9895948816038,27.8530735351361));
#8077=CARTESIAN_POINT('',(-26.4780378398149,-12.5276121944841,27.6326583952086));
#8078=CARTESIAN_POINT('',(-26.718060098655,-12.967587306258,27.9279312520501));
#8079=CARTESIAN_POINT('',(-24.1370348277987,-12.4305163765751,29.1164272735275));
#8080=CARTESIAN_POINT('',(-24.0513030361905,-13.0721379926634,28.8951013542854));
#8081=CARTESIAN_POINT('',(-24.4695597127336,-13.504899585523,29.2375448660092));
#8082=CARTESIAN_POINT('',(-21.7755762770412,-13.0815064202919,30.2911001580618));
#8083=CARTESIAN_POINT('',(-21.801810132328,-13.7488444547427,29.9866082467603));
#8084=CARTESIAN_POINT('',(-22.1570050974936,-14.189915159349,30.4533979147091));
#8085=CARTESIAN_POINT('',(-19.4211852104807,-13.7483150093104,31.4533781878032));
#8086=CARTESIAN_POINT('',(-19.4564918484895,-14.4143525074909,31.1404518614113));
#8087=CARTESIAN_POINT('',(-19.8134419587586,-14.8570214998332,31.6088599905216));
#8088=CARTESIAN_POINT('',(-19.9136087705842,-34.9785308850746,-3.91716260244482));
#8089=CARTESIAN_POINT('',(-19.8134419587586,-34.8025864863739,-2.93787195183362));
#8090=CARTESIAN_POINT('',(-19.8134419587586,-34.8025864863739,-2.93787195183362));
#8091=CARTESIAN_POINT('',(-20.4059315429401,-34.4652765570689,-2.93787195183362));
#8092=CARTESIAN_POINT('',(-20.9964223028962,-34.1244169293203,-2.9352094063848));
#8093=CARTESIAN_POINT('',(-21.5848744184394,-33.7801626342448,-2.92929469540062));
#8094=CARTESIAN_POINT('',(-23.3125484599875,-32.7694445255261,-2.91192931874427));
#8095=CARTESIAN_POINT('',(-25.0241180844388,-31.7269234865941,-2.87645378263382));
#8096=CARTESIAN_POINT('',(-26.7180600986552,-30.6700915925496,-2.73370559301305));
#8097=CARTESIAN_POINT('',(-19.4211852104807,-34.1135820501322,-3.82029903660792));
#8098=CARTESIAN_POINT('',(-19.4564918484895,-34.175598651054,-3.08703048011461));
#8099=CARTESIAN_POINT('',(-19.8134419587586,-34.8025864863739,-2.93787195183362));
#8100=CARTESIAN_POINT('',(-21.7755762770319,-32.7736154556053,-3.81663319934501));
#8101=CARTESIAN_POINT('',(-21.8018101323245,-32.8435867423925,-3.08645555292532));
#8102=CARTESIAN_POINT('',(-22.1570050974921,-33.4683738053651,-2.9378719518132));
#8103=CARTESIAN_POINT('',(-24.1370348278076,-31.4308238745992,-3.79307067249253));
#8104=CARTESIAN_POINT('',(-24.0513030361633,-31.5599608140191,-3.12674709369222));
#8105=CARTESIAN_POINT('',(-24.4695597127158,-32.0729063909815,-2.92318631639968));
#8106=CARTESIAN_POINT('',(-26.4961866920755,-30.1162666957058,-3.54324301901523));
#8107=CARTESIAN_POINT('',(-26.4780378398148,-30.1943902415901,-2.96709878842137));
#8108=CARTESIAN_POINT('',(-26.718060098655,-30.6700915925498,-2.73370559301304));
#8109=CARTESIAN_POINT('',(-19.9136087705842,-34.9785308850746,3.91716260244483));
#8110=CARTESIAN_POINT('',(-19.8134419587585,-34.8025864863739,2.93787195183362));
#8111=CARTESIAN_POINT('',(-26.7180600986549,-30.6700915925497,2.73370559301304));
#8112=CARTESIAN_POINT('',(-26.139996334746,-31.030739251893,2.7824189226848));
#8113=CARTESIAN_POINT('',(-25.5598211490941,-31.3899626456257,2.81729034987933));
#8114=CARTESIAN_POINT('',(-24.9778439003251,-31.7465942624513,2.84400756563555));
#8115=CARTESIAN_POINT('',(-23.2734142518829,-32.7910569155449,2.92225394855694));
#8116=CARTESIAN_POINT('',(-21.5519699161343,-33.8128260617966,2.93787195183362));
#8117=CARTESIAN_POINT('',(-19.8134419587585,-34.8025864863739,2.93787195183362));
#8118=CARTESIAN_POINT('',(-26.4961866920755,-30.1162666957058,3.54324301901523));
#8119=CARTESIAN_POINT('',(-26.4780378398148,-30.1943902415901,2.96709878842137));
#8120=CARTESIAN_POINT('',(-26.718060098655,-30.6700915925498,2.73370559301304));
#8121=CARTESIAN_POINT('',(-24.1370348278087,-31.4308238745972,3.79307067250401));
#8122=CARTESIAN_POINT('',(-24.0513030361641,-31.5599608140183,3.12674709370495));
#8123=CARTESIAN_POINT('',(-24.4695597127137,-32.0729063909791,2.92318631640112));
#8124=CARTESIAN_POINT('',(-21.7755762770303,-32.7736154556062,3.81663319934501));
#8125=CARTESIAN_POINT('',(-21.8018101323234,-32.8435867423931,3.08645555292532));
#8126=CARTESIAN_POINT('',(-22.1570050974922,-33.468373805365,2.9378719518132));
#8127=CARTESIAN_POINT('',(-19.4211852104807,-34.1135820501322,3.82029903660792));
#8128=CARTESIAN_POINT('',(-19.4564918484895,-34.175598651054,3.08703048011461));
#8129=CARTESIAN_POINT('',(-19.8134419587586,-34.8025864863739,2.93787195183362));
#8130=CARTESIAN_POINT('',(-19.9136087705842,-14.0969031180658,-32.2508776347556));
#8131=CARTESIAN_POINT('',(-19.8134419587586,-14.8570214998333,-31.6088599905217));
#8132=CARTESIAN_POINT('',(-19.8134419587586,-14.8570214998333,-31.6088599905217));
#8133=CARTESIAN_POINT('',(-20.4059315429401,-14.6883665351808,-31.3167410227948));
#8134=CARTESIAN_POINT('',(-20.9964223028961,-14.5202425533039,-31.0202166533156));
#8135=CARTESIAN_POINT('',(-21.5848744184393,-14.3532376957345,-30.7191263329262));
#8136=CARTESIAN_POINT('',(-23.3125484599874,-13.8629174987058,-29.8351360863827));
#8137=CARTESIAN_POINT('',(-25.0241180844387,-13.3723796947243,-28.9145486146326));
#8138=CARTESIAN_POINT('',(-26.7180600986551,-12.9675873062579,-27.92793125205));
#8139=CARTESIAN_POINT('',(-19.4211852104807,-13.7483150093104,-31.4533781878032));
#8140=CARTESIAN_POINT('',(-19.4564918484895,-14.4143525074909,-31.1404518614113));
#8141=CARTESIAN_POINT('',(-19.8134419587586,-14.8570214998333,-31.6088599905216));
#8142=CARTESIAN_POINT('',(-21.7755762770299,-13.0815064202304,-30.2911001580957));
#8143=CARTESIAN_POINT('',(-21.8018101323038,-13.7488444546727,-29.9866082467653));
#8144=CARTESIAN_POINT('',(-22.1570050974747,-14.1899151593247,-30.4533979146833));
#8145=CARTESIAN_POINT('',(-24.1370348278092,-12.4305163765727,-29.116427273522));
#8146=CARTESIAN_POINT('',(-24.0513030362434,-13.0721379926948,-28.895101354356));
#8147=CARTESIAN_POINT('',(-24.4695597127608,-13.5048995855687,-29.237544866039));
#8148=CARTESIAN_POINT('',(-26.4961866920755,-11.9895948816038,-27.8530735351361));
#8149=CARTESIAN_POINT('',(-26.4780378398148,-12.5276121944841,-27.6326583952086));
#8150=CARTESIAN_POINT('',(-26.718060098655,-12.967587306258,-27.9279312520501));
#8151=CARTESIAN_POINT('',(-19.9136087705842,-20.8816277670089,-28.3337150323108));
#8152=CARTESIAN_POINT('',(-19.8134419587585,-19.9455649865406,-28.670988038688));
#8153=CARTESIAN_POINT('',(-26.718060098655,-17.7025042862917,-25.1942256590371));
#8154=CARTESIAN_POINT('',(-26.139996334746,-17.9250150969621,-25.4821990290079));
#8155=CARTESIAN_POINT('',(-25.5598211490941,-18.1348263356451,-25.7758599000167));
#8156=CARTESIAN_POINT('',(-24.9778439003251,-18.3362799316212,-26.0713533321023));
#8157=CARTESIAN_POINT('',(-23.2734142518829,-18.9262746135321,-26.9367613315248));
#8158=CARTESIAN_POINT('',(-21.5519699161343,-19.450684774252,-27.8138303673436));
#8159=CARTESIAN_POINT('',(-19.8134419587585,-19.9455649865406,-28.670988038688));
#8160=CARTESIAN_POINT('',(-26.4961866920756,-18.126671814102,-24.3098305161208));
#8161=CARTESIAN_POINT('',(-26.4780378398149,-17.666778047106,-24.6655596067873));
#8162=CARTESIAN_POINT('',(-26.718060098655,-17.7025042862918,-25.1942256590371));
#8163=CARTESIAN_POINT('',(-24.1370348277941,-19.0003074980188,-25.3233566010473));
#8164=CARTESIAN_POINT('',(-24.0513030361692,-18.4878228213612,-25.7683542605758));
#8165=CARTESIAN_POINT('',(-24.4695597127328,-18.5680068054917,-26.3143585496343));
#8166=CARTESIAN_POINT('',(-21.7755762770461,-19.6921090352995,-26.4744669587806));
#8167=CARTESIAN_POINT('',(-21.8018101322415,-19.0947422875119,-26.9001526937539));
#8168=CARTESIAN_POINT('',(-22.1570050974347,-19.2784586459868,-27.5155259627879));
#8169=CARTESIAN_POINT('',(-19.4211852104807,-20.3652670408218,-27.6330791511953));
#8170=CARTESIAN_POINT('',(-19.4564918484895,-19.7612461435632,-28.0534213812967));
#8171=CARTESIAN_POINT('',(-19.8134419587586,-19.9455649865407,-28.670988038688));
#8172=CARTESIAN_POINT('',(-19.9136087705842,20.8816277670089,-28.3337150323108));
#8173=CARTESIAN_POINT('',(-19.8134419587586,19.9455649865406,-28.670988038688));
#8174=CARTESIAN_POINT('',(-19.8134419587586,19.9455649865406,-28.670988038688));
#8175=CARTESIAN_POINT('',(-20.40593154294,19.7769100218882,-28.3788690709612));
#8176=CARTESIAN_POINT('',(-20.9964223028961,19.6041743760164,-28.0850072469308));
#8177=CARTESIAN_POINT('',(-21.5848744184393,19.4269249385103,-27.7898316375256));
#8178=CARTESIAN_POINT('',(-23.3125484599875,18.9065270268203,-26.9232067676384));
#8179=CARTESIAN_POINT('',(-25.0241180844387,18.3545437918698,-26.0380948319988));
#8180=CARTESIAN_POINT('',(-26.7180600986552,17.7025042862917,-25.194225659037));
#8181=CARTESIAN_POINT('',(-19.4211852104807,20.3652670408217,-27.6330791511953));
#8182=CARTESIAN_POINT('',(-19.4564918484895,19.7612461435631,-28.0534213812967));
#8183=CARTESIAN_POINT('',(-19.8134419587586,19.9455649865406,-28.670988038688));
#8184=CARTESIAN_POINT('',(-21.7755762770239,19.6921090354204,-26.474466958707));
#8185=CARTESIAN_POINT('',(-21.8018101322749,19.0947422876861,-26.9001526937534));
#8186=CARTESIAN_POINT('',(-22.157005097454,19.2784586459975,-27.5155259628237));
#8187=CARTESIAN_POINT('',(-24.1370348278144,19.0003074980089,-25.3233566010403));
#8188=CARTESIAN_POINT('',(-24.051303036188,18.4878228213691,-25.7683542605662));
#8189=CARTESIAN_POINT('',(-24.4695597127343,18.568006805491,-26.3143585496328));
#8190=CARTESIAN_POINT('',(-26.4961866920756,18.126671814102,-24.3098305161208));
#8191=CARTESIAN_POINT('',(-26.4780378398149,17.666778047106,-24.6655596067873));
#8192=CARTESIAN_POINT('',(-26.718060098655,17.7025042862918,-25.1942256590371));
#8193=CARTESIAN_POINT('',(-19.9136087705842,14.0969031180657,-32.2508776347556));
#8194=CARTESIAN_POINT('',(-19.8134419587585,14.8570214998333,-31.6088599905217));
#8195=CARTESIAN_POINT('',(-26.718060098655,12.967587306258,-27.9279312520501));
#8196=CARTESIAN_POINT('',(-26.139996334746,13.1057241549309,-28.2646179516927));
#8197=CARTESIAN_POINT('',(-25.5598211490941,13.2551363099806,-28.5931502498961));
#8198=CARTESIAN_POINT('',(-24.9778439003251,13.4103143308301,-28.9153608977379));
#8199=CARTESIAN_POINT('',(-23.2734142518829,13.8647823020127,-29.8590152800817));
#8200=CARTESIAN_POINT('',(-21.5519699161343,14.3621412875446,-30.7517023191772));
#8201=CARTESIAN_POINT('',(-19.8134419587585,14.8570214998333,-31.6088599905217));
#8202=CARTESIAN_POINT('',(-26.4961866920756,11.9895948816038,-27.8530735351361));
#8203=CARTESIAN_POINT('',(-26.4780378398149,12.5276121944841,-27.6326583952086));
#8204=CARTESIAN_POINT('',(-26.718060098655,12.967587306258,-27.9279312520501));
#8205=CARTESIAN_POINT('',(-24.1370348278098,12.4305163765814,-29.1164272735179));
#8206=CARTESIAN_POINT('',(-24.0513030361918,13.0721379926774,-28.8951013542669));
#8207=CARTESIAN_POINT('',(-24.4695597127326,13.5048995855237,-29.2375448660102));
#8208=CARTESIAN_POINT('',(-21.7755762770287,13.0815064202153,-30.291100158103));
#8209=CARTESIAN_POINT('',(-21.801810132307,13.7488444546648,-29.9866082467731));
#8210=CARTESIAN_POINT('',(-22.157005097476,14.1899151593257,-30.4533979146842));
#8211=CARTESIAN_POINT('',(-19.4211852104807,13.7483150093104,-31.4533781878032));
#8212=CARTESIAN_POINT('',(-19.4564918484895,14.4143525074909,-31.1404518614113));
#8213=CARTESIAN_POINT('',(-19.8134419587586,14.8570214998333,-31.6088599905216));
#8214=CARTESIAN_POINT('',(-19.9136087705842,34.9785308850746,3.9171626024448));
#8215=CARTESIAN_POINT('',(-19.8134419587586,34.8025864863739,2.93787195183361));
#8216=CARTESIAN_POINT('',(-19.8134419587586,34.8025864863739,2.93787195183361));
#8217=CARTESIAN_POINT('',(-20.40593154294,34.465276557069,2.93787195183361));
#8218=CARTESIAN_POINT('',(-20.9964223028961,34.1244169293203,2.93520940638479));
#8219=CARTESIAN_POINT('',(-21.5848744184393,33.7801626342448,2.92929469540061));
#8220=CARTESIAN_POINT('',(-23.3125484599875,32.7694445255261,2.91192931874425));
#8221=CARTESIAN_POINT('',(-25.0241180844387,31.7269234865941,2.87645378263381));
#8222=CARTESIAN_POINT('',(-26.7180600986552,30.6700915925496,2.73370559301304));
#8223=CARTESIAN_POINT('',(-19.4211852104807,34.1135820501322,3.8202990366079));
#8224=CARTESIAN_POINT('',(-19.4564918484895,34.175598651054,3.08703048011459));
#8225=CARTESIAN_POINT('',(-19.8134419587586,34.8025864863739,2.93787195183361));
#8226=CARTESIAN_POINT('',(-21.7755762770336,32.7736154556038,3.81663319934964));
#8227=CARTESIAN_POINT('',(-21.8018101323236,32.843586742393,3.08645555293235));
#8228=CARTESIAN_POINT('',(-22.1570050974905,33.4683738053644,2.93787195181348));
#8229=CARTESIAN_POINT('',(-24.1370348278057,31.4308238746022,3.79307067247591));
#8230=CARTESIAN_POINT('',(-24.0513030362447,31.55996081416,3.12674709370774));
#8231=CARTESIAN_POINT('',(-24.4695597127708,32.0729063910755,2.9231863163513));
#8232=CARTESIAN_POINT('',(-26.4961866920755,30.1162666957058,3.54324301901522));
#8233=CARTESIAN_POINT('',(-26.4780378398148,30.19439024159,2.96709878842136));
#8234=CARTESIAN_POINT('',(-26.718060098655,30.6700915925497,2.73370559301303));
#8235=CARTESIAN_POINT('',(-19.9136087705842,34.9785308850746,-3.91716260244484));
#8236=CARTESIAN_POINT('',(-19.8134419587585,34.8025864863739,-2.93787195183363));
#8237=CARTESIAN_POINT('',(-26.718060098655,30.6700915925497,-2.73370559301305));
#8238=CARTESIAN_POINT('',(-26.139996334746,31.0307392518931,-2.78241892268481));
#8239=CARTESIAN_POINT('',(-25.5598211490941,31.3899626456257,-2.81729034987934));
#8240=CARTESIAN_POINT('',(-24.9778439003251,31.7465942624513,-2.84400756563555));
#8241=CARTESIAN_POINT('',(-23.2734142518829,32.7910569155449,-2.92225394855695));
#8242=CARTESIAN_POINT('',(-21.5519699161343,33.8128260617966,-2.93787195183364));
#8243=CARTESIAN_POINT('',(-19.8134419587585,34.8025864863739,-2.93787195183363));
#8244=CARTESIAN_POINT('',(-26.4961866920756,30.1162666957058,-3.54324301901524));
#8245=CARTESIAN_POINT('',(-26.4780378398149,30.1943902415901,-2.96709878842138));
#8246=CARTESIAN_POINT('',(-26.718060098655,30.6700915925497,-2.73370559301305));
#8247=CARTESIAN_POINT('',(-24.1370348278046,31.4308238746016,-3.79307067248623));
#8248=CARTESIAN_POINT('',(-24.0513030361882,31.5599608140655,-3.12674709369672));
#8249=CARTESIAN_POINT('',(-24.4695597127356,32.0729063910161,-2.92318631638203));
#8250=CARTESIAN_POINT('',(-21.7755762770346,32.773615455605,-3.81663319933432));
#8251=CARTESIAN_POINT('',(-21.8018101323261,32.8435867423943,-3.08645555291946));
#8252=CARTESIAN_POINT('',(-22.1570050974936,33.4683738053686,-2.93787195181242));
#8253=CARTESIAN_POINT('',(-19.4211852104807,34.1135820501322,-3.82029903660793));
#8254=CARTESIAN_POINT('',(-19.4564918484895,34.175598651054,-3.08703048011462));
#8255=CARTESIAN_POINT('',(-19.8134419587586,34.8025864863739,-2.93787195183364));
#8256=CARTESIAN_POINT('',(-19.9136087705842,14.0969031180658,32.2508776347556));
#8257=CARTESIAN_POINT('',(-19.8134419587586,14.8570214998333,31.6088599905216));
#8258=CARTESIAN_POINT('',(-19.8134419587586,14.8570214998333,31.6088599905216));
#8259=CARTESIAN_POINT('',(-20.40593154294,14.6883665351808,31.3167410227948));
#8260=CARTESIAN_POINT('',(-20.9964223028961,14.5202425533039,31.0202166533156));
#8261=CARTESIAN_POINT('',(-21.5848744184393,14.3532376957345,30.7191263329262));
#8262=CARTESIAN_POINT('',(-23.3125484599874,13.8629174987058,29.8351360863827));
#8263=CARTESIAN_POINT('',(-25.0241180844387,13.3723796947244,28.9145486146326));
#8264=CARTESIAN_POINT('',(-26.7180600986551,12.9675873062579,27.92793125205));
#8265=CARTESIAN_POINT('',(-19.4211852104807,13.7483150093104,31.4533781878032));
#8266=CARTESIAN_POINT('',(-19.4564918484895,14.4143525074909,31.1404518614113));
#8267=CARTESIAN_POINT('',(-19.8134419587586,14.8570214998333,31.6088599905216));
#8268=CARTESIAN_POINT('',(-21.7755762770246,13.0815064202223,30.2911001581025));
#8269=CARTESIAN_POINT('',(-21.8018101322793,13.7488444546533,29.9866082467305));
#8270=CARTESIAN_POINT('',(-22.1570050974558,14.1899151592987,30.4533979146554));
#8271=CARTESIAN_POINT('',(-24.1370348278142,12.4305163765485,29.1164272735293));
#8272=CARTESIAN_POINT('',(-24.0513030361775,13.0721379926317,28.8951013542534));
#8273=CARTESIAN_POINT('',(-24.4695597127166,13.5048995855001,29.2375448659955));
#8274=CARTESIAN_POINT('',(-26.4961866920756,11.9895948816039,27.8530735351361));
#8275=CARTESIAN_POINT('',(-26.4780378398149,12.5276121944841,27.6326583952086));
#8276=CARTESIAN_POINT('',(-26.718060098655,12.967587306258,27.9279312520501));
#8277=CARTESIAN_POINT('',(-19.9136087705842,20.881627767009,28.3337150323108));
#8278=CARTESIAN_POINT('',(-19.8134419587585,19.9455649865406,28.670988038688));
#8279=CARTESIAN_POINT('',(-26.718060098655,17.7025042862918,25.1942256590371));
#8280=CARTESIAN_POINT('',(-26.139996334746,17.9250150969621,25.4821990290079));
#8281=CARTESIAN_POINT('',(-25.5598211490941,18.1348263356451,25.7758599000167));
#8282=CARTESIAN_POINT('',(-24.9778439003251,18.3362799316212,26.0713533321023));
#8283=CARTESIAN_POINT('',(-23.2734142518829,18.9262746135321,26.9367613315248));
#8284=CARTESIAN_POINT('',(-21.5519699161343,19.450684774252,27.8138303673436));
#8285=CARTESIAN_POINT('',(-19.8134419587585,19.9455649865406,28.670988038688));
#8286=CARTESIAN_POINT('',(-26.4961866920756,18.126671814102,24.3098305161208));
#8287=CARTESIAN_POINT('',(-26.4780378398149,17.666778047106,24.6655596067873));
#8288=CARTESIAN_POINT('',(-26.718060098655,17.7025042862918,25.1942256590371));
#8289=CARTESIAN_POINT('',(-24.1370348277937,19.0003074980683,25.3233566010107));
#8290=CARTESIAN_POINT('',(-24.0513030361641,18.4878228214104,25.7683542605286));
#8291=CARTESIAN_POINT('',(-24.4695597127148,18.5680068054884,26.3143585495915));
#8292=CARTESIAN_POINT('',(-21.7755762770473,19.6921090352478,26.4744669588177));
#8293=CARTESIAN_POINT('',(-21.8018101323011,19.0947422875264,26.9001526938719));
#8294=CARTESIAN_POINT('',(-22.1570050974822,19.278458646013,27.5155259628747));
#8295=CARTESIAN_POINT('',(-19.4211852104807,20.3652670408218,27.6330791511953));
#8296=CARTESIAN_POINT('',(-19.4564918484895,19.7612461435632,28.0534213812966));
#8297=CARTESIAN_POINT('',(-19.8134419587586,19.9455649865407,28.670988038688));
#8298=CARTESIAN_POINT('',(12.4977004508086,25.7479931158895,28.0918507503614));
#8299=CARTESIAN_POINT('',(12.2133650308861,25.6116204964006,28.1673245511671));
#8300=CARTESIAN_POINT('',(11.9376912227358,25.4273582427906,28.2680534912373));
#8301=CARTESIAN_POINT('',(11.6486391802239,24.9081072084949,28.5356571661489));
#8302=CARTESIAN_POINT('',(11.6790022862694,24.5877415957195,28.6924380369059));
#8303=CARTESIAN_POINT('',(11.7961849589451,24.3123125224798,28.8197585834659));
#8304=CARTESIAN_POINT('',(0.,14.9908997395087,8.655));
#8305=CARTESIAN_POINT('',(3.69563506898088,25.9782608139912,29.4446233889511));
#8306=CARTESIAN_POINT('',(6.4363194295089,25.5807094546043,29.4513860383728));
#8307=CARTESIAN_POINT('',(9.04461022323959,24.7719860085341,29.454464975363));
#8308=CARTESIAN_POINT('',(11.569208054141,23.7163739543726,29.3121243081486));
#8309=CARTESIAN_POINT('',(13.4972888207828,27.6684849827068,27.936579111247));
#8310=CARTESIAN_POINT('',(10.4605614506657,28.5469572076149,28.0620555997644));
#8311=CARTESIAN_POINT('',(7.37214519500328,29.1963092678831,28.0568330297019));
#8312=CARTESIAN_POINT('',(4.211,29.5074442548999,28.0515403881592));
#8313=CARTESIAN_POINT('',(4.211,29.5074442549,28.0515403881592));
#8314=CARTESIAN_POINT('',(3.91778960117259,27.4866621115544,28.0859154213983));
#8315=CARTESIAN_POINT('',(3.69563506898086,25.9782608139913,29.4446233889511));
#8316=CARTESIAN_POINT('',(7.46665699962602,29.1870069641351,28.056991268927));
#8317=CARTESIAN_POINT('',(6.95916088242115,27.1103144496288,28.0362309459233));
#8318=CARTESIAN_POINT('',(6.55255140481274,25.5638493652893,29.451672842296));
#8319=CARTESIAN_POINT('',(10.5600959330083,28.5209485351978,28.059525627293));
#8320=CARTESIAN_POINT('',(9.85174516439753,26.3187383728769,27.9166931171745));
#8321=CARTESIAN_POINT('',(9.26821208288448,24.7021034599917,29.4549195791207));
#8322=CARTESIAN_POINT('',(13.5508172171233,27.6529749948473,27.9343530620877));
#8323=CARTESIAN_POINT('',(12.5455807805919,25.3506406982276,27.6023278603154));
#8324=CARTESIAN_POINT('',(11.8923949942889,23.5796858730169,29.2930530233648));
#8325=CARTESIAN_POINT('',(11.796184958947,37.1147993254561,6.64520097748163));
#8326=CARTESIAN_POINT('',(11.678217154016,37.1424349627365,6.94941451193738));
#8327=CARTESIAN_POINT('',(11.648354772609,37.1666195509692,7.30248502464377));
#8328=CARTESIAN_POINT('',(11.9377714573137,37.1945499368198,7.88703917390579));
#8329=CARTESIAN_POINT('',(12.2113458979281,37.1994088116867,8.09554505647302));
#8330=CARTESIAN_POINT('',(12.497700450812,37.2022529470787,8.25249075964997));
#8331=CARTESIAN_POINT('',(0.,14.9908997395087,8.655));
#8332=CARTESIAN_POINT('',(11.5692080541405,37.2432312669307,5.88292017606249));
#8333=CARTESIAN_POINT('',(9.04461022323923,37.8943079278108,6.72593669790015));
#8334=CARTESIAN_POINT('',(6.43631942950872,38.2960032131957,7.42785121532813));
#8335=CARTESIAN_POINT('',(3.69563506898089,38.488922266693,7.77552211657707));
#8336=CARTESIAN_POINT('',(4.211,39.0470687188815,11.5284261314153));
#8337=CARTESIAN_POINT('',(7.37214519500327,38.8960847874021,11.2563290078812));
#8338=CARTESIAN_POINT('',(10.4605614506657,38.5759316356153,10.6913623426579));
#8339=CARTESIAN_POINT('',(13.4972888207828,38.0280296965274,9.99332132362724));
#8340=CARTESIAN_POINT('',(3.69563506898086,38.488922266693,7.77552211657707));
#8341=CARTESIAN_POINT('',(3.91778960117259,38.0664472992496,9.76118994314459));
#8342=CARTESIAN_POINT('',(4.211,39.0470687188815,11.5284261314153));
#8343=CARTESIAN_POINT('',(6.55255140483435,38.2878215480652,7.41310654748315));
#8344=CARTESIAN_POINT('',(6.95916088243798,37.8352454505378,9.46010554480134));
#8345=CARTESIAN_POINT('',(7.46665699964313,38.8915706746811,11.2481938568445));
#8346=CARTESIAN_POINT('',(9.26821208282188,37.8597603519638,6.6651893336932));
#8347=CARTESIAN_POINT('',(9.85174516436035,37.335934615495,8.83434946785402));
#8348=CARTESIAN_POINT('',(10.5600959329741,38.5607362789645,10.6701031578476));
#8349=CARTESIAN_POINT('',(11.8923949942888,37.1583710091472,5.77408046760571));
#8350=CARTESIAN_POINT('',(12.5455807805919,36.5796374797343,8.15313491671751));
#8351=CARTESIAN_POINT('',(13.5508172171232,38.0183468874757,9.98100230470811));
#8352=CARTESIAN_POINT('',(29.211,39.1503495798692,22.6034648688044));
#8353=CARTESIAN_POINT('',(29.211,28.8961094337049,17.1610903847404));
#8354=CARTESIAN_POINT('',(29.211,29.3099949466792,16.4442196477521));
#8355=CARTESIAN_POINT('',(-3.18531963905631E-14,-3.30847601575566,1.91014951830395));
#8356=CARTESIAN_POINT('',(0.,-2.5442717433549,1.46893597591751));
#8357=CARTESIAN_POINT('',(-3.18531963905631E-14,-3.39236232447157,1.95858130122241));
#8358=CARTESIAN_POINT('',(0.,-2.3674584900169,1.36685279650652));
#8359=CARTESIAN_POINT('',(0.,0.,0.));
#8360=CARTESIAN_POINT('',(0.,-2.18351696321977,1.26065410649505));
#8361=CARTESIAN_POINT('',(0.,-2.1701702825155,1.25294839679765));
#8362=CARTESIAN_POINT('',(0.,2.18351696321979,-1.26065410649506));
#8363=CARTESIAN_POINT('',(-8.88178419700124E-16,-7.69185074553426E-16,-1.33226762955019E-15));
#8364=CARTESIAN_POINT('',(0.,2.3674584900169,-1.36685279650652));
#8365=CARTESIAN_POINT('',(0.,2.17017028251549,-1.25294839679764));
#8366=CARTESIAN_POINT('',(-3.18531963905631E-14,3.30847601575566,-1.91014951830395));
#8367=CARTESIAN_POINT('',(0.,2.54427174335639,-1.46893597591837));
#8368=CARTESIAN_POINT('',(-3.18531963905631E-14,3.39236232447157,-1.95858130122241));
#8369=CARTESIAN_POINT('',(0.,0.,0.));
#8370=CARTESIAN_POINT('',(12.4977004508084,-11.4542598311905,36.344341510007));
#8371=CARTESIAN_POINT('',(12.2133650308863,-11.5878083697529,36.2639762575519));
#8372=CARTESIAN_POINT('',(11.9376912227365,-11.7671733175548,36.1547649350022));
#8373=CARTESIAN_POINT('',(11.648639180225,-12.2585504153217,35.8388821858168));
#8374=CARTESIAN_POINT('',(11.6790022862702,-12.5545094386119,35.6398278620332));
#8375=CARTESIAN_POINT('',(11.7961849589457,-12.8024868029763,35.464959560947));
#8376=CARTESIAN_POINT('',(0.,0.,17.31));
#8377=CARTESIAN_POINT('',(3.69563506898088,-12.5106614527022,37.2201455055296));
#8378=CARTESIAN_POINT('',(6.4363194295089,-12.7152937585918,36.8792372537023));
#8379=CARTESIAN_POINT('',(9.04461022323957,-13.1223219192771,36.1804016732644));
#8380=CARTESIAN_POINT('',(11.569208054141,-13.5268573125585,35.1950444842123));
#8381=CARTESIAN_POINT('',(13.4972888207828,-10.359544713821,37.9299004348756));
#8382=CARTESIAN_POINT('',(10.4605614506657,-10.0289744280007,38.7534179424238));
#8383=CARTESIAN_POINT('',(7.37214519500328,-9.6997755195194,39.3131620375845));
#8384=CARTESIAN_POINT('',(4.211,-9.53962446398189,39.579966519576));
#8385=CARTESIAN_POINT('',(4.211,-9.5396244639819,39.579966519576));
#8386=CARTESIAN_POINT('',(3.91778960117259,-10.5797851876956,37.8471053645443));
#8387=CARTESIAN_POINT('',(3.69563506898086,-12.5106614527022,37.2201455055295));
#8388=CARTESIAN_POINT('',(7.46665699964503,-9.70456371063462,39.3051851257504));
#8389=CARTESIAN_POINT('',(6.9591608824491,-10.724931000858,37.4963364908085));
#8390=CARTESIAN_POINT('',(6.55255140482296,-12.7239721828383,36.8647793899705));
#8391=CARTESIAN_POINT('',(10.5600959329686,-10.0397877437823,38.7296287851457));
#8392=CARTESIAN_POINT('',(9.85174516433573,-11.0171962426434,36.7510425850397));
#8393=CARTESIAN_POINT('',(9.2682120828546,-13.1576568919592,36.1201089128314));
#8394=CARTESIAN_POINT('',(13.5508172171233,-10.3653718926288,37.9153553667972));
#8395=CARTESIAN_POINT('',(12.5455807805919,-11.2289967815071,35.7554627770342));
#8396=CARTESIAN_POINT('',(11.8923949942889,-13.5786851361307,35.0671334909718));
#8397=CARTESIAN_POINT('',(11.7961849589466,12.8024868029757,35.4649595609474));
#8398=CARTESIAN_POINT('',(11.6782171540152,12.5528479726019,35.64099949211));
#8399=CARTESIAN_POINT('',(11.6483547726081,12.259172233387,35.838479216253));
#8400=CARTESIAN_POINT('',(11.9377714573131,11.7668986831633,36.1549447145684));
#8401=CARTESIAN_POINT('',(12.2113458979278,11.588756729455,36.2634055649206));
#8402=CARTESIAN_POINT('',(12.4977004508121,11.4542598311849,36.3443415100104));
#8403=CARTESIAN_POINT('',(0.,0.,17.31));
#8404=CARTESIAN_POINT('',(11.5692080541405,13.5268573125585,35.1950444842125));
#8405=CARTESIAN_POINT('',(9.04461022323924,13.122321919277,36.1804016732645));
#8406=CARTESIAN_POINT('',(6.43631942950873,12.7152937585918,36.8792372537023));
#8407=CARTESIAN_POINT('',(3.69563506898089,12.5106614527022,37.2201455055296));
#8408=CARTESIAN_POINT('',(4.211,9.53962446398189,39.579966519576));
#8409=CARTESIAN_POINT('',(7.37214519500327,9.6997755195194,39.3131620375845));
#8410=CARTESIAN_POINT('',(10.4605614506657,10.0289744280007,38.7534179424238));
#8411=CARTESIAN_POINT('',(13.4972888207828,10.359544713821,37.9299004348756));
#8412=CARTESIAN_POINT('',(3.69563506898086,12.5106614527022,37.2201455055295));
#8413=CARTESIAN_POINT('',(3.91778960117259,10.5797851876956,37.8471053645443));
#8414=CARTESIAN_POINT('',(4.211,9.5396244639819,39.579966519576));
#8415=CARTESIAN_POINT('',(6.55255140482588,12.7239721827892,36.8647793899867));
#8416=CARTESIAN_POINT('',(6.95916088243085,10.7249310008217,37.4963364909392));
#8417=CARTESIAN_POINT('',(7.46665699963329,9.70456371058729,39.3051851258292));
#8418=CARTESIAN_POINT('',(9.26821208285515,13.1576568919845,36.1201089128214));
#8419=CARTESIAN_POINT('',(9.85174516437669,11.0171962427098,36.7510425850265));
#8420=CARTESIAN_POINT('',(10.5600959329956,10.0397877437845,38.7296287851402));
#8421=CARTESIAN_POINT('',(11.8923949942888,13.5786851361307,35.0671334909718));
#8422=CARTESIAN_POINT('',(12.5455807805919,11.2289967815071,35.7554627770342));
#8423=CARTESIAN_POINT('',(13.5508172171233,10.3653718926288,37.9153553667973));
#8424=CARTESIAN_POINT('',(29.211,3.14418630020796E-15,45.2069297376104));
#8425=CARTESIAN_POINT('',(29.211,-0.413885512974326,33.6053100324938));
#8426=CARTESIAN_POINT('',(29.211,0.413885512974326,33.6053100324938));
#8427=CARTESIAN_POINT('',(-3.18531963905631E-14,-3.30847601575566,-1.91014951830395));
#8428=CARTESIAN_POINT('',(0.,-2.54427174335416,-1.46893597591708));
#8429=CARTESIAN_POINT('',(-3.18531963905631E-14,-3.39236232447157,-1.95858130122241));
#8430=CARTESIAN_POINT('',(0.,-2.3674584900169,-1.36685279650652));
#8431=CARTESIAN_POINT('',(0.,0.,0.));
#8432=CARTESIAN_POINT('',(0.,-2.18351696321978,-1.26065410649505));
#8433=CARTESIAN_POINT('',(0.,-2.1701702825155,-1.25294839679765));
#8434=CARTESIAN_POINT('',(0.,2.18351696321979,1.26065410649506));
#8435=CARTESIAN_POINT('',(-8.88178419700124E-16,7.69185074553425E-16,-1.33226762955019E-15));
#8436=CARTESIAN_POINT('',(0.,2.3674584900169,1.36685279650652));
#8437=CARTESIAN_POINT('',(0.,2.17017028251549,1.25294839679764));
#8438=CARTESIAN_POINT('',(-3.18531963905631E-14,3.30847601575566,1.91014951830395));
#8439=CARTESIAN_POINT('',(0.,2.54427174335183,1.46893597591574));
#8440=CARTESIAN_POINT('',(-3.18531963905631E-14,3.39236232447158,1.95858130122241));
#8441=CARTESIAN_POINT('',(0.,0.,0.));
#8442=CARTESIAN_POINT('',(-3.18531963905631E-14,1.18637300970003E-15,3.96332324496299E-16));
#8443=CARTESIAN_POINT('',(-3.18531963905631E-14,1.18637300970003E-15,3.96332324496299E-16));
#8444=CARTESIAN_POINT('',(12.4977004508087,-37.2022529470786,8.25249075964626));
#8445=CARTESIAN_POINT('',(12.2133650308862,-37.1994288661521,8.09665170638539));
#8446=CARTESIAN_POINT('',(11.937691222736,-37.1945315603442,7.88671144376558));
#8447=CARTESIAN_POINT('',(11.6486391802241,-37.1666576238158,7.3032250196682));
#8448=CARTESIAN_POINT('',(11.6790022862695,-37.1422510343312,6.94738982512751));
#8449=CARTESIAN_POINT('',(11.7961849589452,-37.114799325456,6.6452009774811));
#8450=CARTESIAN_POINT('',(0.,-14.9908997395086,8.655));
#8451=CARTESIAN_POINT('',(3.69563506898088,-38.4889222666927,7.77552211657866));
#8452=CARTESIAN_POINT('',(6.4363194295089,-38.2960032131954,7.42785121532969));
#8453=CARTESIAN_POINT('',(9.04461022323958,-37.8943079278104,6.72593669790162));
#8454=CARTESIAN_POINT('',(11.569208054141,-37.2432312669304,5.88292017606386));
#8455=CARTESIAN_POINT('',(13.4972888207828,-38.028029696527,9.99332132362881));
#8456=CARTESIAN_POINT('',(10.4605614506657,-38.5759316356149,10.6913623426595));
#8457=CARTESIAN_POINT('',(7.37214519500328,-38.8960847874017,11.2563290078828));
#8458=CARTESIAN_POINT('',(4.211,-39.0470687188811,11.5284261314169));
#8459=CARTESIAN_POINT('',(4.211,-39.047068718881,11.5284261314169));
#8460=CARTESIAN_POINT('',(3.91778960117259,-38.0664472992493,9.76118994314616));
#8461=CARTESIAN_POINT('',(3.69563506898086,-38.4889222666927,7.77552211657866));
#8462=CARTESIAN_POINT('',(7.46665699965583,-38.8915706746573,11.248193856804));
#8463=CARTESIAN_POINT('',(6.95916088241855,-37.8352454505036,9.46010554480083));
#8464=CARTESIAN_POINT('',(6.55255140483575,-38.2878215480655,7.41310654748115));
#8465=CARTESIAN_POINT('',(10.5600959329493,-38.560736278954,10.6701031578365));
#8466=CARTESIAN_POINT('',(9.85174516438851,-37.3359346155502,8.8343494678777));
#8467=CARTESIAN_POINT('',(9.26821208281906,-37.859760351965,6.66518933369064));
#8468=CARTESIAN_POINT('',(13.5508172171233,-38.0183468874753,9.98100230470968));
#8469=CARTESIAN_POINT('',(12.5455807805919,-36.5796374797339,8.15313491671901));
#8470=CARTESIAN_POINT('',(11.8923949942889,-37.1583710091469,5.77408046760724));
#8471=CARTESIAN_POINT('',(11.796184958947,-24.3123125224804,28.8197585834656));
#8472=CARTESIAN_POINT('',(11.6782171540155,-24.5895869901356,28.6915849801718));
#8473=CARTESIAN_POINT('',(11.6483547726091,-24.9074473175844,28.5359941916074));
#8474=CARTESIAN_POINT('',(11.9377714573176,-25.4276512536594,28.2679055406597));
#8475=CARTESIAN_POINT('',(12.2113458979339,-25.6106520822343,28.1678605084448));
#8476=CARTESIAN_POINT('',(12.4977004508196,-25.7479931158962,28.0918507503576));
#8477=CARTESIAN_POINT('',(0.,-14.9908997395086,8.655));
#8478=CARTESIAN_POINT('',(11.569208054141,-23.7163739543714,29.3121243081496));
#8479=CARTESIAN_POINT('',(9.0446102232396,-24.7719860085329,29.454464975364));
#8480=CARTESIAN_POINT('',(6.43631942950892,-25.5807094546031,29.4513860383739));
#8481=CARTESIAN_POINT('',(3.6956350689809,-25.97826081399,29.4446233889522));
#8482=CARTESIAN_POINT('',(4.211,-29.5074442548988,28.0515403881604));
#8483=CARTESIAN_POINT('',(7.37214519500327,-29.1963092678819,28.0568330297031));
#8484=CARTESIAN_POINT('',(10.4605614506657,-28.5469572076138,28.0620555997656));
#8485=CARTESIAN_POINT('',(13.4972888207828,-27.6684849827057,27.9365791112481));
#8486=CARTESIAN_POINT('',(3.69563506898086,-25.97826081399,29.4446233889521));
#8487=CARTESIAN_POINT('',(3.91778960117259,-27.4866621115533,28.0859154213994));
#8488=CARTESIAN_POINT('',(4.211,-29.5074442548988,28.0515403881604));
#8489=CARTESIAN_POINT('',(6.55255140481279,-25.5638493653431,29.4516728422485));
#8490=CARTESIAN_POINT('',(6.95916088240617,-27.1103144497563,28.0362309459714));
#8491=CARTESIAN_POINT('',(7.46665699962117,-29.1870069642411,28.0569912689264));
#8492=CARTESIAN_POINT('',(9.26821208289235,-24.7021034599712,29.454919579134));
#8493=CARTESIAN_POINT('',(9.85174516443399,-26.3187383728349,27.9166931171935));
#8494=CARTESIAN_POINT('',(10.5600959330255,-28.520948535164,28.0595256272894));
#8495=CARTESIAN_POINT('',(11.8923949942888,-23.5796858730157,29.2930530233657));
#8496=CARTESIAN_POINT('',(12.5455807805919,-25.3506406982265,27.6023278603164));
#8497=CARTESIAN_POINT('',(13.5508172171232,-27.6529749948461,27.9343530620889));
#8498=CARTESIAN_POINT('',(29.211,-39.1503495798683,22.603464868806));
#8499=CARTESIAN_POINT('',(29.211,-29.3099949466785,16.4442196477533));
#8500=CARTESIAN_POINT('',(29.211,-28.8961094337042,17.1610903847416));
#8501=CARTESIAN_POINT('',(-3.18531963905631E-14,1.18637300970003E-15,-3.82029903660791));
#8502=CARTESIAN_POINT('',(0.,0.,-2.93787195183422));
#8503=CARTESIAN_POINT('',(-3.18531963905631E-14,1.18637300970003E-15,-3.91716260244482));
#8504=CARTESIAN_POINT('',(0.,0.,-2.73370559301305));
#8505=CARTESIAN_POINT('',(0.,0.,0.));
#8506=CARTESIAN_POINT('',(0.,0.,-2.5213082129901));
#8507=CARTESIAN_POINT('',(0.,0.,-2.5058967935953));
#8508=CARTESIAN_POINT('',(0.,0.,2.52130821299012));
#8509=CARTESIAN_POINT('',(-8.88178419700124E-16,1.53837014910685E-15,0.));
#8510=CARTESIAN_POINT('',(0.,0.,2.73370559301304));
#8511=CARTESIAN_POINT('',(0.,0.,2.50589679359528));
#8512=CARTESIAN_POINT('',(-3.18531963905631E-14,1.18637300970003E-15,3.82029903660791));
#8513=CARTESIAN_POINT('',(0.,0.,2.93787195183227));
#8514=CARTESIAN_POINT('',(-3.18531963905631E-14,1.18637300970003E-15,3.91716260244482));
#8515=CARTESIAN_POINT('',(0.,0.,0.));
#8516=CARTESIAN_POINT('',(-3.18531963905631E-14,1.18637300970003E-15,3.96332324496299E-16));
#8517=CARTESIAN_POINT('',(-3.18531963905631E-14,1.18637300970003E-15,3.96332324496299E-16));
#8518=CARTESIAN_POINT('',(12.4977004508088,-25.7479931158897,-28.0918507503612));
#8519=CARTESIAN_POINT('',(12.2133650308861,-25.6116204964008,-28.167324551167));
#8520=CARTESIAN_POINT('',(11.9376912227358,-25.4273582427909,-28.2680534912372));
#8521=CARTESIAN_POINT('',(11.6486391802238,-24.9081072084949,-28.5356571661489));
#8522=CARTESIAN_POINT('',(11.6790022862692,-24.5877415957195,-28.6924380369059));
#8523=CARTESIAN_POINT('',(11.796184958945,-24.3123125224798,-28.8197585834659));
#8524=CARTESIAN_POINT('',(0.,-14.9908997395086,-8.655));
#8525=CARTESIAN_POINT('',(3.69563506898088,-25.9782608139914,-29.444623388951));
#8526=CARTESIAN_POINT('',(6.43631942950891,-25.5807094546045,-29.4513860383728));
#8527=CARTESIAN_POINT('',(9.04461022323958,-24.7719860085342,-29.4544649753629));
#8528=CARTESIAN_POINT('',(11.569208054141,-23.7163739543727,-29.3121243081485));
#8529=CARTESIAN_POINT('',(13.4972888207828,-27.6684849827069,-27.9365791112469));
#8530=CARTESIAN_POINT('',(10.4605614506657,-28.546957207615,-28.0620555997643));
#8531=CARTESIAN_POINT('',(7.37214519500328,-29.1963092678832,-28.0568330297017));
#8532=CARTESIAN_POINT('',(4.211,-29.5074442549001,-28.0515403881591));
#8533=CARTESIAN_POINT('',(4.211,-29.5074442549001,-28.051540388159));
#8534=CARTESIAN_POINT('',(3.91778960117259,-27.4866621115545,-28.0859154213982));
#8535=CARTESIAN_POINT('',(3.69563506898086,-25.9782608139914,-29.444623388951));
#8536=CARTESIAN_POINT('',(7.46665699965217,-29.1870069640231,-28.0569912689288));
#8537=CARTESIAN_POINT('',(6.95916088242629,-27.110314449574,-28.0362309461292));
#8538=CARTESIAN_POINT('',(6.55255140483209,-25.5638493651456,-29.4516728424204));
#8539=CARTESIAN_POINT('',(10.5600959329561,-28.5209485351704,-28.0595256272889));
#8540=CARTESIAN_POINT('',(9.85174516438053,-26.3187383728311,-27.9166931171757));
#8541=CARTESIAN_POINT('',(9.26821208283021,-24.7021034599901,-29.454919579144));
#8542=CARTESIAN_POINT('',(13.5508172171233,-27.6529749948474,-27.9343530620876));
#8543=CARTESIAN_POINT('',(12.5455807805919,-25.3506406982277,-27.6023278603153));
#8544=CARTESIAN_POINT('',(11.8923949942889,-23.579685873017,-29.2930530233647));
#8545=CARTESIAN_POINT('',(11.7961849589471,-37.1147993254561,-6.6452009774817));
#8546=CARTESIAN_POINT('',(11.6782171540162,-37.1424349627365,-6.94941451193735));
#8547=CARTESIAN_POINT('',(11.6483547726093,-37.1666195509692,-7.30248502464363));
#8548=CARTESIAN_POINT('',(11.9377714573138,-37.1945499368197,-7.88703917390546));
#8549=CARTESIAN_POINT('',(12.211345897928,-37.1994088116867,-8.09554505647269));
#8550=CARTESIAN_POINT('',(12.4977004508118,-37.2022529470787,-8.25249075964961));
#8551=CARTESIAN_POINT('',(0.,-14.9908997395086,-8.655));
#8552=CARTESIAN_POINT('',(11.5692080541405,-37.2432312669308,-5.88292017606237));
#8553=CARTESIAN_POINT('',(9.04461022323924,-37.8943079278108,-6.72593669790003));
#8554=CARTESIAN_POINT('',(6.43631942950873,-38.2960032131958,-7.42785121532799));
#8555=CARTESIAN_POINT('',(3.69563506898089,-38.4889222666931,-7.77552211657693));
#8556=CARTESIAN_POINT('',(4.211,-39.0470687188815,-11.5284261314152));
#8557=CARTESIAN_POINT('',(7.37214519500327,-38.8960847874022,-11.2563290078811));
#8558=CARTESIAN_POINT('',(10.4605614506657,-38.5759316356153,-10.6913623426578));
#8559=CARTESIAN_POINT('',(13.4972888207828,-38.0280296965275,-9.99332132362712));
#8560=CARTESIAN_POINT('',(3.69563506898086,-38.4889222666931,-7.77552211657692));
#8561=CARTESIAN_POINT('',(3.91778960117259,-38.0664472992497,-9.76118994314444));
#8562=CARTESIAN_POINT('',(4.211,-39.0470687188816,-11.5284261314152));
#8563=CARTESIAN_POINT('',(6.55255140481989,-38.287821548018,-7.41310654772371));
#8564=CARTESIAN_POINT('',(6.9591608824209,-37.8352454504405,-9.46010554499239));
#8565=CARTESIAN_POINT('',(7.46665699963899,-38.8915706747306,-11.2481938569335));
#8566=CARTESIAN_POINT('',(9.26821208287364,-37.8597603519507,-6.66518933367101));
#8567=CARTESIAN_POINT('',(9.851745164401,-37.3359346155447,-8.83434946784855));
#8568=CARTESIAN_POINT('',(10.5600959329897,-38.5607362789442,-10.6701031578218));
#8569=CARTESIAN_POINT('',(11.8923949942888,-37.1583710091472,-5.77408046760559));
#8570=CARTESIAN_POINT('',(12.5455807805919,-36.5796374797343,-8.15313491671739));
#8571=CARTESIAN_POINT('',(13.5508172171232,-38.0183468874757,-9.98100230470799));
#8572=CARTESIAN_POINT('',(29.211,-39.1503495798693,-22.6034648688042));
#8573=CARTESIAN_POINT('',(29.211,-28.896109433705,-17.1610903847403));
#8574=CARTESIAN_POINT('',(29.211,-29.3099949466793,-16.444219647752));
#8575=CARTESIAN_POINT('',(-3.18531963905631E-14,3.30847601575566,-1.91014951830395));
#8576=CARTESIAN_POINT('',(0.,2.54427174335339,-1.46893597591664));
#8577=CARTESIAN_POINT('',(-3.18531963905631E-14,3.39236232447157,-1.95858130122241));
#8578=CARTESIAN_POINT('',(0.,2.3674584900169,-1.36685279650652));
#8579=CARTESIAN_POINT('',(0.,0.,0.));
#8580=CARTESIAN_POINT('',(0.,2.18351696321978,-1.26065410649505));
#8581=CARTESIAN_POINT('',(0.,2.1701702825155,-1.25294839679765));
#8582=CARTESIAN_POINT('',(0.,-2.18351696321979,1.26065410649506));
#8583=CARTESIAN_POINT('',(-8.88178419700124E-16,7.69185074553426E-16,1.33226762955019E-15));
#8584=CARTESIAN_POINT('',(0.,-2.3674584900169,1.36685279650652));
#8585=CARTESIAN_POINT('',(0.,-2.17017028251549,1.25294839679764));
#8586=CARTESIAN_POINT('',(-3.18531963905631E-14,-3.30847601575566,1.91014951830395));
#8587=CARTESIAN_POINT('',(0.,-2.54427174335332,1.46893597591659));
#8588=CARTESIAN_POINT('',(-3.18531963905631E-14,-3.39236232447157,1.95858130122241));
#8589=CARTESIAN_POINT('',(0.,0.,0.));
#8590=CARTESIAN_POINT('',(-3.18531963905631E-14,1.18637300970003E-15,3.96332324496299E-16));
#8591=CARTESIAN_POINT('',(-3.18531963905631E-14,1.18637300970003E-15,3.96332324496299E-16));
#8592=CARTESIAN_POINT('',(12.4977004508084,11.4542598311905,-36.344341510007));
#8593=CARTESIAN_POINT('',(12.2133650308863,11.5878083697528,-36.2639762575519));
#8594=CARTESIAN_POINT('',(11.9376912227365,11.7671733175547,-36.1547649350023));
#8595=CARTESIAN_POINT('',(11.648639180225,12.2585504153216,-35.8388821858168));
#8596=CARTESIAN_POINT('',(11.6790022862702,12.5545094386118,-35.6398278620332));
#8597=CARTESIAN_POINT('',(11.7961849589457,12.8024868029762,-35.464959560947));
#8598=CARTESIAN_POINT('',(0.,-4.0555784721847E-14,-17.31));
#8599=CARTESIAN_POINT('',(3.69563506898088,12.5106614527021,-37.2201455055296));
#8600=CARTESIAN_POINT('',(6.43631942950891,12.7152937585917,-36.8792372537023));
#8601=CARTESIAN_POINT('',(9.04461022323959,13.122321919277,-36.1804016732645));
#8602=CARTESIAN_POINT('',(11.569208054141,13.5268573125585,-35.1950444842123));
#8603=CARTESIAN_POINT('',(13.4972888207828,10.3595447138209,-37.9299004348757));
#8604=CARTESIAN_POINT('',(10.4605614506657,10.0289744280006,-38.7534179424238));
#8605=CARTESIAN_POINT('',(7.37214519500328,9.69977551951931,-39.3131620375846));
#8606=CARTESIAN_POINT('',(4.211,9.5396244639818,-39.579966519576));
#8607=CARTESIAN_POINT('',(4.211,9.5396244639818,-39.579966519576));
#8608=CARTESIAN_POINT('',(3.91778960117259,10.5797851876955,-37.8471053645443));
#8609=CARTESIAN_POINT('',(3.69563506898086,12.5106614527022,-37.2201455055295));
#8610=CARTESIAN_POINT('',(7.46665699962787,9.70456371054047,-39.3051851259071));
#8611=CARTESIAN_POINT('',(6.95916088241119,10.7249310008903,-37.4963364910727));
#8612=CARTESIAN_POINT('',(6.55255140481971,12.7239721827604,-36.8647793899969));
#8613=CARTESIAN_POINT('',(10.5600959330124,10.0397877437933,-38.7296287851179));
#8614=CARTESIAN_POINT('',(9.85174516441558,11.0171962427091,-36.7510425850051));
#8615=CARTESIAN_POINT('',(9.26821208286917,13.1576568919693,-36.1201089128225));
#8616=CARTESIAN_POINT('',(13.5508172171233,10.3653718926287,-37.9153553667973));
#8617=CARTESIAN_POINT('',(12.5455807805919,11.228996781507,-35.7554627770343));
#8618=CARTESIAN_POINT('',(11.8923949942889,13.5786851361307,-35.0671334909718));
#8619=CARTESIAN_POINT('',(11.7961849589466,-12.8024868029757,-35.4649595609473));
#8620=CARTESIAN_POINT('',(11.6782171540152,-12.552847972602,-35.64099949211));
#8621=CARTESIAN_POINT('',(11.6483547726081,-12.2591722333871,-35.838479216253));
#8622=CARTESIAN_POINT('',(11.9377714573131,-11.7668986831634,-36.1549447145683));
#8623=CARTESIAN_POINT('',(12.2113458979278,-11.588756729455,-36.2634055649206));
#8624=CARTESIAN_POINT('',(12.4977004508121,-11.454259831185,-36.3443415100104));
#8625=CARTESIAN_POINT('',(0.,-4.0555784721847E-14,-17.31));
#8626=CARTESIAN_POINT('',(11.5692080541405,-13.5268573125586,-35.1950444842124));
#8627=CARTESIAN_POINT('',(9.04461022323925,-13.1223219192771,-36.1804016732645));
#8628=CARTESIAN_POINT('',(6.43631942950873,-12.7152937585919,-36.8792372537023));
#8629=CARTESIAN_POINT('',(3.69563506898089,-12.5106614527023,-37.2201455055295));
#8630=CARTESIAN_POINT('',(4.211,-9.53962446398199,-39.579966519576));
#8631=CARTESIAN_POINT('',(7.37214519500328,-9.6997755195195,-39.3131620375845));
#8632=CARTESIAN_POINT('',(10.4605614506657,-10.0289744280008,-38.7534179424238));
#8633=CARTESIAN_POINT('',(13.4972888207828,-10.3595447138211,-37.9299004348756));
#8634=CARTESIAN_POINT('',(3.69563506898086,-12.5106614527023,-37.2201455055295));
#8635=CARTESIAN_POINT('',(3.91778960117259,-10.5797851876957,-37.8471053645442));
#8636=CARTESIAN_POINT('',(4.211,-9.53962446398199,-39.5799665195759));
#8637=CARTESIAN_POINT('',(6.55255140481509,-12.7239721827778,-36.8647793899916));
#8638=CARTESIAN_POINT('',(6.95916088241306,-10.7249310007852,-37.4963364909673));
#8639=CARTESIAN_POINT('',(7.46665699963106,-9.70456371057838,-39.3051851258442));
#8640=CARTESIAN_POINT('',(9.26821208287523,-13.157656891947,-36.1201089128291));
#8641=CARTESIAN_POINT('',(9.85174516441064,-11.0171962426759,-36.7510425850493));
#8642=CARTESIAN_POINT('',(10.5600959330008,-10.039787743785,-38.7296287851392));
#8643=CARTESIAN_POINT('',(11.8923949942888,-13.5786851361308,-35.0671334909717));
#8644=CARTESIAN_POINT('',(12.5455807805919,-11.2289967815072,-35.7554627770342));
#8645=CARTESIAN_POINT('',(13.5508172171232,-10.3653718926289,-37.9153553667972));
#8646=CARTESIAN_POINT('',(29.211,-1.09059987015066E-13,-45.2069297376104));
#8647=CARTESIAN_POINT('',(29.211,0.413885512974247,-33.6053100324938));
#8648=CARTESIAN_POINT('',(29.211,-0.413885512974404,-33.6053100324938));
#8649=CARTESIAN_POINT('',(-3.18531963905631E-14,3.30847601575566,1.91014951830395));
#8650=CARTESIAN_POINT('',(0.,2.54427174335492,1.46893597591752));
#8651=CARTESIAN_POINT('',(-3.18531963905631E-14,3.39236232447158,1.95858130122241));
#8652=CARTESIAN_POINT('',(0.,2.3674584900169,1.36685279650652));
#8653=CARTESIAN_POINT('',(0.,0.,0.));
#8654=CARTESIAN_POINT('',(0.,2.18351696321978,1.26065410649505));
#8655=CARTESIAN_POINT('',(0.,2.1701702825155,1.25294839679765));
#8656=CARTESIAN_POINT('',(0.,-2.18351696321979,-1.26065410649506));
#8657=CARTESIAN_POINT('',(-8.88178419700124E-16,-7.69185074553425E-16,1.33226762955019E-15));
#8658=CARTESIAN_POINT('',(0.,-2.3674584900169,-1.36685279650652));
#8659=CARTESIAN_POINT('',(0.,-2.17017028251549,-1.25294839679764));
#8660=CARTESIAN_POINT('',(-3.18531963905631E-14,-3.30847601575566,-1.91014951830395));
#8661=CARTESIAN_POINT('',(0.,-2.54427174335258,-1.46893597591617));
#8662=CARTESIAN_POINT('',(-3.18531963905631E-14,-3.39236232447157,-1.95858130122241));
#8663=CARTESIAN_POINT('',(0.,0.,0.));
#8664=CARTESIAN_POINT('',(-3.18531963905631E-14,1.18637300970003E-15,3.96332324496299E-16));
#8665=CARTESIAN_POINT('',(-3.18531963905631E-14,1.18637300970003E-15,3.96332324496299E-16));
#8666=CARTESIAN_POINT('',(12.4977004508085,37.2022529470786,-8.2524907596454));
#8667=CARTESIAN_POINT('',(12.2133650308862,37.1994288661521,-8.09665170638457));
#8668=CARTESIAN_POINT('',(11.9376912227363,37.1945315603441,-7.8867114437648));
#8669=CARTESIAN_POINT('',(11.6486391802247,37.1666576238158,-7.30322501966783));
#8670=CARTESIAN_POINT('',(11.67900228627,37.1422510343311,-6.94738982512741));
#8671=CARTESIAN_POINT('',(11.7961849589455,37.114799325456,-6.64520097748116));
#8672=CARTESIAN_POINT('',(0.,14.9908997395086,-8.655));
#8673=CARTESIAN_POINT('',(3.69563506898088,38.4889222666928,-7.77552211657824));
#8674=CARTESIAN_POINT('',(6.4363194295089,38.2960032131955,-7.42785121532927));
#8675=CARTESIAN_POINT('',(9.04461022323958,37.8943079278105,-6.72593669790122));
#8676=CARTESIAN_POINT('',(11.569208054141,37.2432312669304,-5.88292017606346));
#8677=CARTESIAN_POINT('',(13.4972888207828,38.0280296965271,-9.99332132362839));
#8678=CARTESIAN_POINT('',(10.4605614506657,38.575931635615,-10.6913623426591));
#8679=CARTESIAN_POINT('',(7.37214519500328,38.8960847874018,-11.2563290078824));
#8680=CARTESIAN_POINT('',(4.211,39.0470687188811,-11.5284261314165));
#8681=CARTESIAN_POINT('',(4.211,39.0470687188812,-11.5284261314165));
#8682=CARTESIAN_POINT('',(3.91778960117259,38.0664472992494,-9.76118994314572));
#8683=CARTESIAN_POINT('',(3.69563506898086,38.4889222666928,-7.77552211657822));
#8684=CARTESIAN_POINT('',(7.46665699962401,38.8915706747412,-11.2481938569546));
#8685=CARTESIAN_POINT('',(6.95916088237939,37.8352454505237,-9.46010554506388));
#8686=CARTESIAN_POINT('',(6.55255140481567,38.2878215480192,-7.41310654771973));
#8687=CARTESIAN_POINT('',(10.560095933016,38.5607362789651,-10.67010315785));
#8688=CARTESIAN_POINT('',(9.85174516447885,37.3359346155519,-8.83434946790873));
#8689=CARTESIAN_POINT('',(9.2682120828804,37.8597603519455,-6.66518933368978));
#8690=CARTESIAN_POINT('',(13.5508172171233,38.0183468874754,-9.98100230470926));
#8691=CARTESIAN_POINT('',(12.5455807805919,36.579637479734,-8.1531349167186));
#8692=CARTESIAN_POINT('',(11.8923949942889,37.158371009147,-5.77408046760684));
#8693=CARTESIAN_POINT('',(11.7961849589469,24.3123125224804,-28.8197585834656));
#8694=CARTESIAN_POINT('',(11.6782171540156,24.5895869901345,-28.6915849801723));
#8695=CARTESIAN_POINT('',(11.6483547726086,24.9074473175819,-28.5359941916086));
#8696=CARTESIAN_POINT('',(11.9377714573136,25.427651253656,-28.2679055406615));
#8697=CARTESIAN_POINT('',(12.2113458979281,25.6106520822312,-28.1678605084465));
#8698=CARTESIAN_POINT('',(12.4977004508122,25.7479931158933,-28.0918507503592));
#8699=CARTESIAN_POINT('',(0.,14.9908997395086,-8.655));
#8700=CARTESIAN_POINT('',(11.5692080541405,23.7163739543719,-29.3121243081494));
#8701=CARTESIAN_POINT('',(9.04461022323923,24.7719860085333,-29.4544649753638));
#8702=CARTESIAN_POINT('',(6.43631942950873,25.5807094546035,-29.4513860383736));
#8703=CARTESIAN_POINT('',(3.69563506898089,25.9782608139904,-29.4446233889519));
#8704=CARTESIAN_POINT('',(4.211,29.5074442548992,-28.05154038816));
#8705=CARTESIAN_POINT('',(7.37214519500328,29.1963092678823,-28.0568330297027));
#8706=CARTESIAN_POINT('',(10.4605614506657,28.5469572076141,-28.0620555997653));
#8707=CARTESIAN_POINT('',(13.4972888207828,27.668484982706,-27.9365791112478));
#8708=CARTESIAN_POINT('',(3.69563506898086,25.9782608139904,-29.4446233889518));
#8709=CARTESIAN_POINT('',(3.91778960117259,27.4866621115536,-28.0859154213991));
#8710=CARTESIAN_POINT('',(4.211,29.5074442548991,-28.05154038816));
#8711=CARTESIAN_POINT('',(6.55255140483546,25.5638493650679,-29.4516728424884));
#8712=CARTESIAN_POINT('',(6.95916088242355,27.1103144495144,-28.036230946193));
#8713=CARTESIAN_POINT('',(7.46665699964968,29.187006963997,-28.0569912689302));
#8714=CARTESIAN_POINT('',(9.26821208281328,24.7021034600068,-29.4549195791375));
#8715=CARTESIAN_POINT('',(9.8517451643784,26.3187383728522,-27.9166931171598));
#8716=CARTESIAN_POINT('',(10.5600959329579,28.5209485351878,-28.0595256272925));
#8717=CARTESIAN_POINT('',(11.8923949942889,23.579685873016,-29.2930530233655));
#8718=CARTESIAN_POINT('',(12.5455807805919,25.3506406982267,-27.6023278603162));
#8719=CARTESIAN_POINT('',(13.5508172171233,27.6529749948464,-27.9343530620886));
#8720=CARTESIAN_POINT('',(29.211,39.1503495798686,-22.6034648688056));
#8721=CARTESIAN_POINT('',(29.211,29.3099949466787,-16.4442196477531));
#8722=CARTESIAN_POINT('',(29.211,28.8961094337043,-17.1610903847413));
#8723=CARTESIAN_POINT('',(-3.18531963905631E-14,2.67085739268842E-15,3.82029903660791));
#8724=CARTESIAN_POINT('',(0.,1.14159257951539E-15,2.93787195183681));
#8725=CARTESIAN_POINT('',(-3.18531963905631E-14,2.70849644905222E-15,3.91716260244482));
#8726=CARTESIAN_POINT('',(0.,1.06225801216838E-15,2.73370559301305));
#8727=CARTESIAN_POINT('',(0.,0.,0.));
#8728=CARTESIAN_POINT('',(0.,9.79725050583341E-16,2.5213082129901));
#8729=CARTESIAN_POINT('',(0.,9.73736511154347E-16,2.5058967935953));
#8730=CARTESIAN_POINT('',(0.,-9.79725050583347E-16,-2.52130821299012));
#8731=CARTESIAN_POINT('',(-8.88178419700124E-16,-1.53837014910685E-15,5.97776885977061E-31));
#8732=CARTESIAN_POINT('',(0.,-1.06225801216838E-15,-2.73370559301304));
#8733=CARTESIAN_POINT('',(0.,-9.73736511154344E-16,-2.50589679359528));
#8734=CARTESIAN_POINT('',(-3.18531963905631E-14,-2.98111373288361E-16,-3.82029903660791));
#8735=CARTESIAN_POINT('',(0.,-1.14159257951397E-15,-2.93787195183318));
#8736=CARTESIAN_POINT('',(-3.18531963905631E-14,-3.35750429652164E-16,-3.91716260244482));
#8737=CARTESIAN_POINT('',(0.,0.,0.));
#8738=CARTESIAN_POINT('',(-3.18531963905631E-14,1.18637300970003E-15,3.96332324496299E-16));
#8739=CARTESIAN_POINT('',(-3.18531963905631E-14,1.18637300970003E-15,3.96332324496299E-16));
#8740=CARTESIAN_POINT('',(-3.18531963905631E-14,1.18637300970003E-15,3.96332324496299E-16));
#8741=CARTESIAN_POINT('',(-3.18531963905631E-14,1.18637300970003E-15,3.96332324496299E-16));
#8742=CARTESIAN_POINT('',(-161.596334287368,1.41932735360016E-16,-3.90798504668055E-14));
#8743=CARTESIAN_POINT('',(-161.596334287368,1.41932735360016E-16,-2.89283265913824));
#8744=CARTESIAN_POINT('',(-177.023,-2.86243251323982E-16,-3.90798504668055E-14));
#8745=CARTESIAN_POINT('',(-163.439271943997,9.07809398765433E-17,-3.90312782094781E-14));
#8746=MECHANICAL_DESIGN_GEOMETRIC_PRESENTATION_REPRESENTATION('',(#32),
#8747);
#8747=(
GEOMETRIC_REPRESENTATION_CONTEXT(3)
GLOBAL_UNCERTAINTY_ASSIGNED_CONTEXT((#8748))
GLOBAL_UNIT_ASSIGNED_CONTEXT((#8754,#8750,#8749))
REPRESENTATION_CONTEXT('JZWGKJ01_001-REUSABLE PART',
'TOP_LEVEL_ASSEMBLY_PART')
);
#8748=UNCERTAINTY_MEASURE_WITH_UNIT(LENGTH_MEASURE(0.0508),#8754,
'DISTANCE_ACCURACY_VALUE','Maximum Tolerance applied to model');
#8749=(
NAMED_UNIT(*)
SI_UNIT($,.STERADIAN.)
SOLID_ANGLE_UNIT()
);
#8750=(
CONVERSION_BASED_UNIT('DEGREE',#8752)
NAMED_UNIT(#8751)
PLANE_ANGLE_UNIT()
);
#8751=DIMENSIONAL_EXPONENTS(0.,0.,0.,0.,0.,0.,0.);
#8752=PLANE_ANGLE_MEASURE_WITH_UNIT(PLANE_ANGLE_MEASURE(0.0174532925),#8753);
#8753=(
NAMED_UNIT(*)
PLANE_ANGLE_UNIT()
SI_UNIT($,.RADIAN.)
);
#8754=(
LENGTH_UNIT()
NAMED_UNIT(*)
SI_UNIT(.MILLI.,.METRE.)
);
ENDSEC;
END-ISO-10303-21;
